Date,HomeTeam,AwayTeam,FTHG,FTAG,FTR,HST,AST,B365H,B365D,B365A,HomePoints,AwayPoints,HomeForm,AwayForm,HomeGolosMarcados_Ultimos6,HomeGolosSofridos_Ultimos6,HomePontos_Ultimos6,HomeRematesBaliza_Ultimos6,AwayGolosMarcados_Ultimos6,AwayGolosSofridos_Ultimos6,AwayPontos_Ultimos6,AwayRematesBaliza_Ultimos6,H2H_Pontos_Casa,HomeDiasDescanso,AwayDiasDescanso,Home_Streak,Away_Streak,Home_Elo,Away_Elo,Jogos_Casa_Realizados,Peso_Jogo
2021-08-06,Sp Lisbon,Vizela,3,0,H,5,1,1.28,5.5,11.0,3,0,0,0,0.0,0.0,0.0,0.0,0.0,0.0,0.0,0.0,1.0,14,14,0,0,1500.0,1500.0,0,0.0461739745345908
2021-08-07,Arouca,Estoril,0,2,A,3,6,2.25,3.1,3.4,0,3,0,0,0.0,0.0,0.0,0.0,0.0,0.0,0.0,0.0,1.0,14,14,0,0,1500.0,1500.0,0,0.04623726989759162
2021-08-07,Moreirense,Benfica,1,2,A,3,6,8.0,4.5,1.4,0,3,0,0,0.0,0.0,0.0,0.0,0.0,0.0,0.0,0.0,1.0,14,14,0,0,1500.0,1500.0,0,0.04623726989759162
2021-08-07,Maritimo,Sp Braga,0,2,A,0,5,5.0,3.4,1.75,0,3,0,0,0.0,0.0,0.0,0.0,0.0,0.0,0.0,0.0,1.0,14,14,0,0,1500.0,1500.0,0,0.04623726989759162
2021-08-08,Guimaraes,Portimonense,0,1,A,3,1,2.0,3.2,4.0,0,3,0,0,0.0,0.0,0.0,0.0,0.0,0.0,0.0,0.0,1.0,14,14,0,0,1500.0,1500.0,0,0.04630065202598393
2021-08-08,Tondela,Santa Clara,3,0,H,5,5,3.0,3.1,2.45,3,0,0,0,0.0,0.0,0.0,0.0,0.0,0.0,0.0,0.0,1.0,14,14,0,0,1500.0,1500.0,0,0.04630065202598393
2021-08-08,Porto,Belenenses,2,0,H,7,3,1.22,6.0,11.0,3,0,0,0,0.0,0.0,0.0,0.0,0.0,0.0,0.0,0.0,1.0,14,14,0,0,1500.0,1500.0,0,0.04630065202598393
2021-08-08,Pacos Ferreira,Famalicao,2,0,H,3,2,2.37,3.25,3.0,3,0,0,0,0.0,0.0,0.0,0.0,0.0,0.0,0.0,0.0,1.0,14,14,0,0,1500.0,1500.0,0,0.04630065202598393
2021-08-09,Gil Vicente,Boavista,3,0,H,6,5,2.1,3.1,3.8,3,0,0,0,0.0,0.0,0.0,0.0,0.0,0.0,0.0,0.0,1.0,14,14,0,0,1500.0,1500.0,0,0.04636412103870588
2021-08-13,Estoril,Guimaraes,0,0,D,1,2,2.7,3.2,2.45,1,1,3,0,2.0,0.0,3.0,6.0,0.0,1.0,0.0,3.0,1.0,6,5,1,-1,1515.0,1485.0,0,0.046618868317364164
2021-08-14,Vizela,Tondela,2,1,H,6,2,2.37,3.2,2.8,3,0,0,3,0.0,3.0,0.0,1.0,3.0,0.0,3.0,5.0,1.0,8,6,-1,1,1485.0,1515.0,0,0.046682773541520756
2021-08-14,Benfica,Arouca,2,0,H,5,1,1.18,6.5,15.0,3,0,3,0,2.0,1.0,3.0,6.0,0.0,2.0,0.0,3.0,1.0,7,7,1,-1,1515.0,1485.0,0,0.046682773541520756
2021-08-14,Sp Braga,Sp Lisbon,1,2,A,6,3,3.2,3.4,2.15,0,3,3,3,2.0,0.0,3.0,5.0,3.0,0.0,3.0,5.0,1.0,7,8,1,1,1515.0,1515.0,0,0.046682773541520756
2021-08-15,Portimonense,Gil Vicente,0,1,A,5,4,2.3,3.2,3.0,0,3,3,3,1.0,0.0,3.0,1.0,3.0,0.0,3.0,6.0,1.0,7,6,1,1,1515.0,1515.0,0,0.04674676636706758
2021-08-15,Famalicao,Porto,1,2,A,1,4,7.0,4.5,1.36,0,3,0,3,0.0,2.0,0.0,2.0,2.0,0.0,3.0,7.0,1.0,7,7,-1,1,1485.0,1515.0,0,0.04674676636706758
2021-08-15,Santa Clara,Moreirense,2,2,D,4,4,2.1,3.2,3.25,1,1,0,0,0.0,3.0,0.0,5.0,1.0,2.0,0.0,3.0,1.0,7,8,-1,-1,1485.0,1485.0,0,0.04674676636706758
2021-08-16,Boavista,Pacos Ferreira,3,0,H,4,5,2.62,3.2,2.75,3,0,0,3,0.0,3.0,0.0,5.0,2.0,0.0,3.0,3.0,1.0,7,8,-1,1,1485.0,1515.0,0,0.046810846914088745
2021-08-16,Belenenses,Maritimo,1,2,A,2,4,2.37,3.1,3.1,0,3,0,0,0.0,2.0,0.0,3.0,0.0,2.0,0.0,0.0,1.0,8,9,-1,-1,1485.0,1485.0,0,0.046810846914088745
2021-08-20,Arouca,Famalicao,2,1,H,6,5,2.9,3.1,2.5,3,0,0,0,0.0,2.0,0.0,2.0,0.5,2.0,0.0,1.5,1.0,6,5,-2,-2,1471.2919947606663,1471.2919947606663,1,0.047068048724365666
2021-08-20,Moreirense,Sp Braga,2,3,A,5,7,4.75,3.8,1.66,0,3,1,3,1.5,2.0,1.0,3.5,1.5,1.0,3.0,5.5,1.0,5,6,0,-1,1485.0,1500.0,1,0.047068048724365666
2021-08-21,Gil Vicente,Benfica,0,2,A,2,7,5.5,4.0,1.55,0,3,6,6,2.0,0.0,6.0,5.0,2.0,0.5,6.0,5.5,1.0,6,7,2,2,1530.0,1528.7080052393337,1,0.047132569685789875
2021-08-21,Sp Lisbon,Belenenses,2,0,H,7,0,1.16,6.5,15.0,3,0,6,0,2.5,0.5,6.0,4.0,0.5,2.0,0.0,2.5,1.0,7,5,2,-2,1530.0,1470.0,1,0.047132569685789875
2021-08-22,Tondela,Portimonense,0,3,A,3,5,2.75,3.0,2.5,0,3,3,3,2.0,1.0,3.0,3.5,0.5,0.5,3.0,3.0,1.0,8,7,-1,-1,1498.7080052393337,1500.0,1,0.04719717909265799
2021-08-22,Maritimo,Porto,1,1,D,1,5,9.0,4.33,1.33,1,1,3,6,1.0,1.5,3.0,2.0,2.0,0.5,6.0,5.5,1.0,6,7,1,2,1500.0,1528.7080052393337,1,0.04719717909265799
2021-08-22,Guimaraes,Vizela,4,0,H,8,2,1.65,3.6,5.5,3,0,1,3,0.0,0.5,1.0,2.5,1.0,2.0,3.0,3.5,1.0,9,8,0,1,1486.2919947606663,1501.2919947606663,1,0.04719717909265799
2021-08-23,Pacos Ferreira,Estoril,1,3,A,2,4,2.1,3.1,3.5,0,3,3,4,1.0,1.5,3.0,4.0,1.0,0.0,4.0,3.5,1.0,7,10,-1,0,1498.7080052393337,1513.7080052393337,1,0.04726187706621115
2021-08-23,Boavista,Santa Clara,2,0,H,4,2,2.3,3.0,3.25,3,0,3,1,1.5,1.5,3.0,4.5,1.0,2.5,1.0,4.5,1.0,7,8,1,0,1501.2919947606663,1485.0,1,0.04726187706621115
2021-08-27,Belenenses,Moreirense,1,1,D,1,6,3.5,3.0,2.2,1,1,0,1,0.3333333333333333,2.0,0.0,1.6666666666666667,1.6666666666666667,2.3333333333333335,1.0,4.0,1.0,6,7,-3,-1,1457.5649603601544,1470.6471999915343,1,0.04752155705791958
2021-08-27,Estoril,Maritimo,2,1,H,3,2,2.0,3.1,4.0,3,0,7,4,1.6666666666666667,0.3333333333333333,7.0,3.6666666666666665,1.0,1.3333333333333333,4.0,1.6666666666666667,1.0,4,5,1,0,1528.0608052477994,1501.2366112039426,1,0.04752155705791958
2021-08-28,Vizela,Boavista,1,1,D,4,1,2.75,3.25,2.5,1,1,3,6,0.6666666666666666,2.6666666666666665,3.0,3.0,1.6666666666666667,1.0,6.0,4.333333333333333,1.0,6,5,-1,2,1485.644794769132,1515.5891279014727,1,0.04758669968934048
2021-08-28,Porto,Arouca,3,0,H,4,1,1.18,6.5,15.0,3,0,7,3,1.6666666666666667,0.6666666666666666,7.0,5.333333333333333,0.6666666666666666,1.6666666666666667,3.0,3.3333333333333335,1.0,6,8,0,1,1527.471394035391,1486.2919947606663,1,0.04758669968934048
2021-08-28,Famalicao,Sp Lisbon,1,1,D,5,5,6.5,4.5,1.45,1,1,0,9,0.6666666666666666,2.0,0.0,2.6666666666666665,2.3333333333333335,0.3333333333333333,9.0,5.0,1.0,8,7,-3,3,1456.2919947606663,1542.4350396398456,1,0.04758669968934048
2021-08-29,Benfica,Tondela,2,1,H,8,2,1.2,6.5,15.0,3,0,9,3,2.0,0.3333333333333333,9.0,6.0,1.3333333333333333,1.6666666666666667,3.0,3.3333333333333335,1.0,8,7,3,-2,1543.7637848798965,1483.7637848798965,1,0.047651931618391576
2021-08-29,Sp Braga,Guimaraes,0,0,D,6,2,1.7,3.8,4.75,1,1,6,4,2.0,1.3333333333333333,6.0,6.0,1.3333333333333333,0.3333333333333333,4.0,4.333333333333333,1.0,9,7,1,1,1514.3528000084657,1501.9391947522006,1,0.047651931618391576
2021-08-29,Portimonense,Pacos Ferreira,0,1,A,5,2,2.05,3.1,3.8,0,3,6,3,1.3333333333333333,0.3333333333333333,6.0,3.6666666666666665,1.0,2.0,3.0,3.3333333333333335,1.0,7,6,1,-2,1514.9442203594372,1484.355205230868,1,0.047651931618391576
2021-08-29,Santa Clara,Gil Vicente,1,0,H,4,2,2.6,3.0,2.9,3,0,1,6,0.6666666666666666,2.3333333333333335,1.0,3.6666666666666665,1.3333333333333333,0.6666666666666666,6.0,4.0,1.0,6,8,-1,-1,1470.7028668591936,1514.9442203594372,1,0.047651931618391576
2021-09-11,Pacos Ferreira,Sp Braga,0,0,D,3,2,4.33,3.4,1.83,1,1,6,7,1.0,1.5,6.0,3.0,1.5,1.0,7.0,6.0,1.0,13,13,1,0,1500.672437448262,1513.8170895275073,2,0.048508128706392775
2021-09-11,Santa Clara,Benfica,0,5,A,5,5,5.75,4.2,1.53,0,3,4,12,0.75,1.75,4.0,3.75,2.0,0.5,12.0,6.5,1.0,13,13,1,4,1487.6026625227796,1556.1988245197422,2,0.048508128706392775
2021-09-11,Sp Lisbon,Porto,1,1,D,5,1,2.6,3.2,2.7,1,1,10,10,2.0,0.5,10.0,5.0,2.0,0.5,10.0,5.0,1.0,14,14,0,1,1538.790326235387,1540.7018149958822,2,0.048508128706392775
2021-09-12,Moreirense,Famalicao,2,2,D,3,8,2.8,3.1,2.45,1,1,2,1,1.5,2.0,2.0,4.5,0.75,1.75,1.0,3.25,1.0,14,14,0,0,1470.0826610810805,1459.9367081651249,2,0.048574623731911126
2021-09-12,Boavista,Portimonense,1,1,D,3,3,2.4,3.1,2.87,1,1,7,6,1.5,1.0,7.0,3.5,1.0,0.5,6.0,4.0,1.0,14,14,0,-1,1514.2995186755186,1498.6269881420433,2,0.048574623731911126
2021-09-12,Gil Vicente,Vizela,2,2,D,6,6,1.95,3.3,3.6,1,1,6,4,1.0,0.75,6.0,3.5,0.75,2.25,4.0,3.25,1.0,14,14,-2,0,1498.0444246958511,1486.934403995086,2,0.048574623731911126
2021-09-12,Guimaraes,Belenenses,0,0,D,3,6,1.5,4.0,6.0,1,1,5,1,1.0,0.25,5.0,3.75,0.5,1.75,1.0,1.5,1.0,14,14,0,0,1502.474905233159,1458.1294992706082,2,0.048574623731911126
2021-09-13,Maritimo,Arouca,2,2,D,6,3,2.0,3.25,3.75,1,1,4,3,1.0,1.5,4.0,1.75,0.5,2.0,3.0,2.75,1.0,14,14,-1,-1,1487.3924091714332,1473.0615738001752,2,0.04864120990892381
2021-09-13,Tondela,Estoril,1,2,A,5,4,2.87,3.2,2.3,0,3,3,10,1.25,1.75,3.0,3.0,1.75,0.5,10.0,3.5,1.0,14,14,-3,2,1471.328745240051,1541.9050072803088,2,0.04864120990892381
2021-09-17,Portimonense,Santa Clara,2,1,H,4,2,2.2,3.1,3.3,3,0,7,4,1.0,0.6,7.0,3.8,0.6,2.4,4.0,4.0,1.0,5,6,0,-1,1499.3031671007795,1475.526306569019,2,0.04890846863350095
2021-09-18,Arouca,Guimaraes,2,2,D,5,4,3.8,3.4,1.9,1,1,4,6,0.8,2.0,4.0,2.8,0.8,0.2,6.0,3.6,1.0,5,6,0,0,1473.6799350544143,1500.5706894925022,2,0.04897551244567381
2021-09-18,Famalicao,Maritimo,0,0,D,4,0,2.0,3.3,3.6,1,1,2,5,1.0,1.8,2.0,4.2,1.2,1.6,5.0,2.6,1.0,6,5,0,0,1460.3746196902944,1486.7740479171941,2,0.04897551244567381
2021-09-18,Belenenses,Gil Vicente,1,1,D,4,4,3.3,3.2,2.1,1,1,2,7,0.4,1.4,2.0,2.4,1.2,1.0,7.0,4.0,1.0,6,6,0,0,1460.033715011265,1497.5649299682962,2,0.04897551244567381
2021-09-19,Vizela,Pacos Ferreira,1,1,D,4,3,2.3,3.1,2.9,1,1,5,7,1.0,2.2,5.0,3.8,0.8,1.2,7.0,3.0,1.0,7,8,0,0,1487.413898722641,1501.2396670857242,2,0.04904264816161866
2021-09-19,Porto,Moreirense,5,0,H,7,0,1.16,6.0,12.0,3,0,11,3,1.8,0.6,11.0,4.2,1.6,2.0,3.0,4.2,1.0,8,7,0,0,1540.6192902249218,1469.644749555911,2,0.04904264816161866
2021-09-19,Estoril,Sp Lisbon,0,1,A,3,4,5.25,3.8,1.57,0,3,13,11,1.8,0.6,13.0,3.6,1.8,0.6,11.0,5.0,1.0,6,8,3,0,1553.899215244901,1538.8728510063474,2,0.04904264816161866
2021-09-20,Benfica,Boavista,3,1,H,6,6,1.16,6.5,12.0,3,0,15,8,2.6,0.4,15.0,6.2,1.4,1.0,8.0,3.4,1.0,9,8,5,0,1568.2751804735028,1513.6233397167823,2,0.04910987590731738
2021-09-20,Sp Braga,Tondela,3,1,H,7,1,1.33,4.75,8.0,3,0,8,3,1.2,0.8,8.0,5.2,1.2,1.8,3.0,3.4,1.0,9,7,0,-4,1513.249859890045,1459.3345372754588,2,0.04910987590731738
2021-09-24,Sp Lisbon,Maritimo,1,0,H,7,0,1.22,5.5,13.0,3,0,14,6,1.6666666666666667,0.5,14.0,4.833333333333333,1.0,1.3333333333333333,6.0,2.1666666666666665,1.0,5,6,1,0,1554.521187110856,1485.6364813926111,3,0.04937970971333715
2021-09-24,Gil Vicente,Porto,1,2,A,4,8,7.5,4.5,1.4,0,3,8,14,1.1666666666666667,1.0,8.0,4.0,2.3333333333333335,0.5,14.0,4.666666666666667,1.0,6,5,0,1,1495.9508505624533,1552.5969973777617,3,0.04937970971333715
2021-09-25,Moreirense,Arouca,2,1,H,3,5,2.1,3.2,3.4,3,0,3,5,1.3333333333333333,2.5,3.0,3.5,1.0,2.0,5.0,3.1666666666666665,1.0,6,7,-1,0,1457.667042403071,1474.8385895615381,3,0.049447399503585523
2021-09-25,Guimaraes,Benfica,1,3,A,3,4,5.0,3.8,1.61,0,3,7,18,1.0,0.5,7.0,3.6666666666666665,2.6666666666666665,0.5,18.0,6.166666666666667,1.0,7,5,0,6,1499.4120349853783,1580.9349409734227,3,0.049447399503585523
2021-09-25,Tondela,Famalicao,3,2,H,4,7,3.4,3.1,2.2,3,0,3,3,1.1666666666666667,2.0,3.0,3.0,0.8333333333333334,1.5,3.0,4.166666666666667,1.0,5,7,-5,0,1446.6437425092963,1461.5121862148774,3,0.049447399503585523
2021-09-26,Santa Clara,Sp Braga,1,1,D,3,4,4.0,3.4,1.9,1,1,4,11,0.6666666666666666,2.3333333333333335,4.0,3.6666666666666665,1.5,0.8333333333333334,11.0,5.5,1.0,9,6,-2,1,1461.551236605577,1525.9406546562075,3,0.049515182083113764
2021-09-26,Portimonense,Vizela,0,0,D,4,2,2.25,3.25,3.2,1,1,10,6,1.1666666666666667,0.6666666666666666,10.0,3.8333333333333335,1.0,2.0,6.0,3.8333333333333335,1.0,9,7,1,0,1513.2782370642215,1488.0104902488422,3,0.049515182083113764
2021-09-27,Pacos Ferreira,Belenenses,2,2,D,5,2,1.7,3.5,5.25,1,1,8,3,0.8333333333333334,1.1666666666666667,8.0,3.0,0.5,1.3333333333333333,3.0,2.6666666666666665,1.0,8,9,0,0,1500.6430755595231,1461.647794417108,3,0.049583057579117545
2021-09-27,Boavista,Estoril,1,1,D,3,1,2.62,3.1,2.75,1,1,8,13,1.3333333333333333,1.3333333333333333,8.0,3.8333333333333335,1.5,0.6666666666666666,13.0,3.5,1.0,7,8,-1,-1,1500.9635792168624,1538.2508791403923,3,0.049583057579117545
2021-10-01,Maritimo,Moreirense,0,0,D,0,6,2.1,3.2,3.6,1,1,6,6,1.0,1.1666666666666667,6.0,2.1666666666666665,1.5,2.3333333333333335,6.0,3.5,1.0,7,6,-1,1,1473.57210767551,1473.4077946405077,3,0.04985549127791003
2021-10-01,Famalicao,Guimaraes,1,2,A,2,5,2.5,3.2,2.87,0,3,3,7,1.1666666666666667,1.6666666666666667,3.0,5.0,1.1666666666666667,0.8333333333333334,7.0,3.6666666666666665,1.0,6,6,-1,-1,1445.8706554838839,1487.8684601767577,3,0.04985549127791003
2021-10-02,Vizela,Santa Clara,1,1,D,4,1,2.37,3.2,3.0,1,1,7,5,1.0,1.5,7.0,4.0,0.8333333333333334,2.0,5.0,3.3333333333333335,1.0,6,6,0,0,1489.099467332405,1464.2997558751845,3,0.04992383327033815
2021-10-02,Porto,Pacos Ferreira,2,1,H,8,2,1.25,5.5,12.0,3,0,17,9,2.3333333333333335,0.6666666666666666,14.0,4.833333333333333,0.8333333333333334,1.5,6.0,3.3333333333333335,1.0,8,5,2,0,1565.172828633598,1498.9665479101418,3,0.04992383327033815
2021-10-02,Arouca,Sp Lisbon,1,2,A,5,8,8.5,4.2,1.4,0,3,5,17,1.1666666666666667,2.0,5.0,3.5,1.3333333333333333,0.5,14.0,5.166666666666667,1.0,7,8,-1,2,1459.0978373241014,1566.5855608279571,3,0.04992383327033815
2021-10-03,Belenenses,Tondela,0,2,A,2,5,2.4,3.2,2.9,0,3,4,6,0.8333333333333334,1.3333333333333333,4.0,2.5,1.1666666666666667,2.3333333333333335,3.0,2.8333333333333335,1.0,6,8,0,1,1463.3243220664892,1462.2852732402898,3,0.04999226894608599
2021-10-03,Benfica,Portimonense,0,1,A,7,3,1.2,6.5,15.0,0,3,21,11,2.8333333333333335,0.5,18.0,5.833333333333333,1.0,0.6666666666666666,8.0,4.333333333333333,1.0,8,7,7,0,1592.4785157820434,1512.1892599806586,3,0.04999226894608599
2021-10-03,Estoril,Gil Vicente,2,2,D,4,9,2.15,3.1,3.6,1,1,14,8,1.3333333333333333,0.8333333333333334,11.0,2.6666666666666665,0.8333333333333334,1.3333333333333333,5.0,3.6666666666666665,1.0,6,9,0,-1,1536.6472092442796,1483.3750193066169,3,0.04999226894608599
2021-10-03,Sp Braga,Boavista,2,2,D,8,2,1.44,4.5,6.0,1,1,12,9,1.3333333333333333,1.0,9.0,5.333333333333333,1.5,1.0,9.0,3.5,1.0,7,6,0,0,1523.1921353866,1502.567249112975,3,0.04999226894608599
2021-10-22,Guimaraes,Maritimo,2,1,H,10,3,1.53,4.0,6.5,3,0,10,7,1.5,1.0,9.0,4.166666666666667,0.6666666666666666,1.0,4.0,1.5,1.0,14,14,1,0,1501.0640492272419,1473.5650137120706,4,0.051310518474837835
2021-10-23,Santa Clara,Famalicao,0,2,A,0,5,2.45,3.1,3.0,0,3,6,3,0.6666666666666666,1.8333333333333333,5.0,2.8333333333333335,1.1666666666666667,1.6666666666666667,3.0,5.166666666666667,1.0,14,14,0,-2,1465.3686307944622,1432.6750664333997,4,0.051380855021027766
2021-10-23,Tondela,Porto,1,3,A,2,6,8.5,4.75,1.36,0,3,9,20,1.3333333333333333,2.0,6.0,3.3333333333333335,2.3333333333333335,0.6666666666666666,14.0,5.5,1.0,14,14,2,3,1477.3301324503916,1577.348575981018,4,0.051380855021027766
2021-10-23,Sp Lisbon,Moreirense,1,0,H,4,1,1.22,5.75,13.0,3,0,20,7,1.3333333333333333,0.5,14.0,6.0,1.1666666666666667,2.0,6.0,3.8333333333333335,1.0,14,14,3,0,1577.0875410776953,1473.4148886039472,4,0.051380855021027766
2021-10-24,Pacos Ferreira,Arouca,0,0,D,0,6,1.9,3.6,3.8,1,1,9,5,1.0,1.3333333333333333,6.0,2.8333333333333335,1.3333333333333333,2.0,5.0,4.166666666666667,1.0,14,14,-1,-2,1486.7908005627219,1448.5958570743633,4,0.05145128798467509
2021-10-24,Vizela,Benfica,0,1,A,4,7,7.0,4.33,1.44,0,3,8,21,0.8333333333333334,1.5,5.0,3.6666666666666665,2.5,0.6666666666666666,15.0,6.166666666666667,1.0,14,14,0,-1,1488.0305924131274,1574.0725646267279,4,0.05145128798467509
2021-10-24,Portimonense,Estoril,0,2,A,3,2,2.3,3.1,3.2,0,3,14,15,1.1666666666666667,0.5,11.0,4.0,1.6666666666666667,1.1666666666666667,11.0,3.1666666666666665,1.0,14,14,1,0,1530.595211135974,1534.3651199245096,4,0.05145128798467509
2021-10-25,Gil Vicente,Sp Braga,0,1,A,7,4,4.0,3.4,1.9,0,3,9,13,1.0,1.6666666666666667,3.0,4.5,1.5,1.0,10.0,5.666666666666667,1.0,14,14,0,0,1485.6571086263868,1522.3027319715138,4,0.05152181749794906
2021-10-25,Boavista,Belenenses,0,0,D,5,0,1.9,3.3,3.8,1,1,10,4,1.3333333333333333,1.3333333333333333,7.0,3.1666666666666665,0.6666666666666666,1.3333333333333333,4.0,2.5,1.0,14,14,0,-1,1503.4566525280613,1448.2794628563875,4,0.05152181749794906
2021-10-29,Arouca,Tondela,2,0,H,2,6,2.3,3.25,3.1,3,0,6,9,1.0,1.8333333333333333,3.0,4.166666666666667,1.5,2.0,6.0,3.1666666666666665,1.0,5,6,0,-1,1450.238254290029,1466.5328162191452,4,0.05180490369704198
2021-10-30,Porto,Boavista,4,1,H,11,3,1.18,6.5,13.0,3,0,23,11,2.6666666666666665,0.6666666666666666,16.0,5.666666666666667,1.0,1.3333333333333333,5.0,3.3333333333333335,1.0,7,5,4,0,1588.1458922122645,1501.0942892092653,4,0.05187591794733724
2021-10-30,Estoril,Benfica,1,1,D,2,7,8.0,4.2,1.4,1,1,18,24,1.5,1.0,11.0,2.8333333333333335,2.3333333333333335,0.6666666666666666,15.0,6.166666666666667,1.0,6,6,1,1,1549.2023662659915,1585.4319575410484,4,0.05187591794733724
2021-10-30,Sp Lisbon,Guimaraes,1,0,H,4,2,1.53,4.2,5.5,3,0,23,13,1.1666666666666667,0.5,14.0,5.5,1.1666666666666667,1.1666666666666667,9.0,4.5,1.0,7,8,4,2,1587.7399094866305,1514.8792933634402,5,0.05187591794733724
2021-10-31,Maritimo,Gil Vicente,1,2,A,7,5,2.75,2.9,2.7,0,3,7,9,0.6666666666666666,1.1666666666666667,3.0,1.8333333333333333,1.0,1.5,3.0,5.333333333333333,1.0,9,6,-1,-1,1459.749769575872,1472.2333863909344,4,0.05194702954408786
2021-10-31,Belenenses,Santa Clara,2,1,H,4,4,3.0,2.9,2.5,3,0,5,6,0.6666666666666666,1.0,5.0,2.5,0.6666666666666666,1.8333333333333333,5.0,2.5,1.0,6,8,0,-1,1450.6418261751835,1448.9612875954547,4,0.05194702954408786
2021-10-31,Famalicao,Vizela,1,1,D,5,3,1.9,3.25,4.2,1,1,6,8,1.3333333333333333,1.3333333333333333,6.0,5.166666666666667,0.8333333333333334,1.0,5.0,4.0,1.0,8,7,1,-1,1449.0824096324072,1476.6711994988068,4,0.05194702954408786
2021-11-01,Sp Braga,Portimonense,3,0,H,5,2,1.44,4.5,6.5,3,0,16,14,1.1666666666666667,0.6666666666666666,10.0,5.166666666666667,0.6666666666666666,0.8333333333333334,8.0,3.6666666666666665,1.0,7,8,1,-1,1535.7264542069663,1515.7579647944922,4,0.052018238620736526
2021-11-01,Moreirense,Pacos Ferreira,1,1,D,1,4,2.4,3.2,3.1,1,1,7,10,0.8333333333333334,1.6666666666666667,6.0,3.1666666666666665,0.8333333333333334,0.8333333333333334,7.0,2.5,1.0,9,8,-1,0,1462.762520195012,1485.148403347056,4,0.052018238620736526
2021-11-05,Gil Vicente,Arouca,1,1,D,5,1,1.85,3.4,4.33,1,1,12,9,1.3333333333333333,1.5,6.0,5.833333333333333,1.3333333333333333,1.3333333333333333,6.0,4.333333333333333,1.0,5,7,1,1,1486.69465714513,1465.9412317394037,5,0.05230405240157292
2021-11-05,Boavista,Famalicao,2,5,A,5,10,4.0,3.3,1.95,0,3,11,7,1.0,1.8333333333333333,4.0,3.6666666666666665,1.3333333333333333,1.3333333333333333,6.0,5.166666666666667,1.0,6,5,-1,0,1489.7758888306453,1450.2710162504322,5,0.05230405240157292
2021-11-06,Vizela,Estoril,1,1,D,3,6,2.45,3.1,2.9,1,1,9,19,0.8333333333333334,1.0,5.0,3.8333333333333335,1.3333333333333333,1.0,9.0,2.6666666666666665,1.0,6,7,0,0,1475.4825928807818,1550.7608786027633,5,0.052375750885763205
2021-11-06,Portimonense,Belenenses,2,0,H,6,4,1.9,3.25,4.33,3,0,14,8,0.6666666666666666,1.1666666666666667,8.0,3.1666666666666665,0.8333333333333334,1.0,7.0,3.0,1.0,5,6,-2,1,1501.6191257808416,1465.5692720582315,5,0.052375750885763205
2021-11-06,Guimaraes,Moreirense,2,1,H,5,8,1.45,4.0,8.0,3,0,13,8,1.1666666666666667,1.3333333333333333,8.0,4.5,0.8333333333333334,1.6666666666666667,6.0,2.3333333333333335,1.0,7,5,-1,0,1502.9796227881375,1463.7276612517892,5,0.052375750885763205
2021-11-07,Santa Clara,Porto,0,3,A,1,10,8.0,4.5,1.4,0,3,6,26,0.6666666666666666,2.1666666666666665,2.0,2.5,2.8333333333333335,0.8333333333333334,16.0,6.833333333333333,1.0,7,8,-2,5,1434.0338417124067,1599.4642925908845,5,0.05244754765435784
2021-11-07,Tondela,Maritimo,4,2,H,7,11,2.2,3.2,3.4,3,0,9,7,1.3333333333333333,2.0,6.0,3.8333333333333335,0.6666666666666666,1.1666666666666667,3.0,2.6666666666666665,1.0,9,7,-2,-2,1450.8298387697705,1445.2884988216765,5,0.05244754765435784
2021-11-07,Benfica,Sp Braga,6,1,H,9,4,1.57,4.0,5.75,3,0,25,19,2.1666666666666665,0.6666666666666666,13.0,6.0,1.6666666666666667,0.6666666666666666,12.0,5.0,1.0,8,6,0,2,1583.8734452042765,1549.8652932206169,4,0.05244754765435784
2021-11-07,Pacos Ferreira,Sp Lisbon,0,2,A,1,8,7.0,3.8,1.5,0,3,11,26,0.8333333333333334,1.0,5.0,2.8333333333333335,1.1666666666666667,0.3333333333333333,16.0,5.333333333333333,1.0,6,8,0,5,1484.183262290279,1599.6395800619332,5,0.05244754765435784
2021-11-26,Moreirense,Gil Vicente,2,2,D,4,8,2.37,3.0,3.2,1,1,8,13,0.6666666666666666,1.6666666666666667,5.0,3.1666666666666665,1.1666666666666667,1.3333333333333333,6.0,5.666666666666667,1.0,14,14,-1,0,1450.415131343191,1485.7997238816295,5,0.05383054059380834
2021-11-27,Famalicao,Portimonense,0,3,A,2,2,1.8,3.25,4.5,0,3,10,17,1.8333333333333333,1.3333333333333333,8.0,5.5,0.8333333333333334,1.0,10.0,3.6666666666666665,1.0,14,14,1,1,1466.9692663153364,1515.0682899789101,5,0.05390433159061462
2021-11-27,Arouca,Boavista,2,1,H,6,2,2.05,3.2,3.8,3,0,10,11,1.1666666666666667,1.1666666666666667,6.0,4.0,1.1666666666666667,2.5,3.0,4.0,1.0,14,14,0,-2,1466.8361650029042,1473.077638765741,5,0.05390433159061462
2021-11-27,Belenenses,Benfica,0,7,A,0,11,15.0,5.75,1.2,0,3,8,28,0.8333333333333334,1.3333333333333333,6.0,2.6666666666666665,2.3333333333333335,0.8333333333333334,13.0,6.666666666666667,1.0,14,14,-1,1,1452.120107860163,1597.4098665289166,5,0.05390433159061462
2021-11-28,Maritimo,Pacos Ferreira,2,0,H,4,3,2.5,3.0,2.62,3,0,7,11,0.6666666666666666,1.5,2.0,3.5,0.8333333333333334,1.3333333333333333,4.0,2.5,1.0,14,14,-3,-1,1430.527717414715,1473.9921855004698,5,0.05397822374024511
2021-11-28,Sp Lisbon,Tondela,2,0,H,8,1,1.2,6.0,19.0,3,0,29,12,1.3333333333333333,0.16666666666666666,18.0,5.833333333333333,1.8333333333333333,2.0,9.0,4.166666666666667,1.0,14,14,6,1,1609.8306568517423,1465.590620176732,6,0.10795644748049021
2021-11-28,Porto,Guimaraes,2,1,H,9,2,1.3,4.75,8.0,3,0,29,16,3.1666666666666665,0.6666666666666666,18.0,8.333333333333334,1.5,1.5,10.0,4.833333333333333,1.0,14,14,6,1,1607.8170026571686,1516.2921526967357,5,0.05397822374024511
2021-11-29,Estoril,Santa Clara,2,2,D,7,5,2.05,3.2,4.0,1,1,20,6,1.1666666666666667,1.0,7.0,3.0,0.6666666666666666,1.8333333333333333,2.0,1.8333333333333333,1.0,14,14,0,-3,1547.560774202987,1425.6811316461226,5,0.05405221718136024
2021-11-30,Sp Braga,Vizela,4,1,H,9,2,1.4,4.33,7.0,3,0,19,10,1.8333333333333333,1.6666666666666667,11.0,5.333333333333333,0.6666666666666666,0.8333333333333334,5.0,3.3333333333333335,1.0,14,14,-1,0,1536.3288718959768,1478.6826972805582,5,0.05412631205281061
2021-12-03,Portimonense,Porto,0,3,A,4,6,9.5,4.33,1.36,0,3,20,32,1.0,0.8333333333333334,10.0,3.3333333333333335,2.6666666666666665,0.8333333333333334,18.0,8.666666666666666,1.0,6,5,2,7,1528.0048537641492,1618.9544931573278,6,0.10869841328106998
2021-12-03,Benfica,Sp Lisbon,1,3,A,3,5,2.05,3.4,3.6,0,3,31,32,3.0,0.6666666666666666,13.0,7.5,1.5,0.16666666666666666,18.0,6.5,1.0,6,5,2,7,1606.4789565558233,1618.9380274460534,5,0.05434920664053499
2021-12-04,Boavista,Maritimo,1,1,D,4,3,2.3,3.0,3.4,1,1,11,10,1.1666666666666667,2.3333333333333335,3.0,3.3333333333333335,1.0,1.5,4.0,4.166666666666667,1.0,7,6,-3,1,1457.8082016660157,1447.3945009730567,6,0.1088474172512845
2021-12-04,Pacos Ferreira,Guimaraes,1,2,A,3,8,3.1,3.0,2.45,0,3,11,16,0.6666666666666666,1.5,3.0,2.5,1.3333333333333333,1.5,9.0,4.5,1.0,6,6,-2,-1,1457.125401942128,1505.1546621965765,6,0.1088474172512845
2021-12-05,Santa Clara,Arouca,2,1,H,4,4,2.1,3.3,3.4,3,0,7,13,0.8333333333333334,1.8333333333333333,3.0,2.3333333333333335,1.1666666666666667,1.0,8.0,4.166666666666667,1.0,6,8,0,1,1430.7373750478705,1482.1056021026295,6,0.10899662547639538
2021-12-05,Gil Vicente,Famalicao,4,0,H,10,1,2.87,3.0,2.62,3,0,14,10,1.3333333333333333,1.5,6.0,6.333333333333333,1.8333333333333333,1.8333333333333333,7.0,5.166666666666667,1.0,9,8,0,-1,1484.2773082912704,1454.0327025300974,6,0.10899662547639538
2021-12-05,Sp Braga,Estoril,2,0,H,4,5,1.5,4.2,6.5,3,0,22,21,2.0,1.6666666666666667,11.0,5.666666666666667,1.5,1.1666666666666667,8.0,3.6666666666666665,1.0,5,6,1,0,1548.8626757914276,1542.504530801239,6,0.10899662547639538
2021-12-10,Pacos Ferreira,Gil Vicente,0,1,A,2,5,3.0,3.1,2.4,0,3,11,17,0.5,1.5,2.0,2.1666666666666665,1.8333333333333333,1.1666666666666667,9.0,7.333333333333333,1.0,6,5,-3,1,1444.1858831428015,1497.9748320353715,7,0.10974574023859338
2021-12-11,Maritimo,Santa Clara,4,1,H,4,3,2.55,3.1,2.87,3,0,11,10,1.1666666666666667,1.5,5.0,4.666666666666667,1.0,1.8333333333333333,5.0,2.5,1.0,7,6,0,1,1447.8439619846515,1447.939100131566,6,0.10989617988638654
2021-12-11,Guimaraes,Tondela,5,2,H,10,3,1.44,4.75,6.5,3,0,19,12,1.5,1.1666666666666667,12.0,5.333333333333333,1.6666666666666667,1.8333333333333333,9.0,4.166666666666667,1.0,7,13,1,-1,1518.0941809959031,1456.483249582421,6,0.10989617988638654
2021-12-11,Sp Lisbon,Boavista,2,0,H,6,2,1.18,6.5,15.0,3,0,35,12,1.8333333333333333,0.3333333333333333,18.0,6.166666666666667,1.1666666666666667,2.3333333333333335,3.0,3.5,1.0,8,7,8,0,1633.400356568737,1457.358740654421,7,0.10989617988638654
2021-12-12,Moreirense,Portimonense,0,1,A,4,4,2.45,3.1,3.0,0,3,9,20,1.0,1.1666666666666667,6.0,3.8333333333333335,1.0,1.3333333333333333,9.0,3.3333333333333335,1.0,14,9,0,-1,1451.93754693355,1516.84416620614,6,0.11004682575710537
2021-12-12,Belenenses,Estoril,0,1,A,0,7,4.5,3.4,1.85,0,3,8,21,0.6666666666666666,2.3333333333333335,5.0,2.0,1.3333333333333333,1.3333333333333333,7.0,4.333333333333333,1.0,14,7,-2,-1,1443.0510178332563,1527.77900334697,6,0.11004682575710537
2021-12-12,Porto,Sp Braga,1,0,H,4,1,1.5,4.33,6.5,3,0,35,25,2.8333333333333335,0.6666666666666666,18.0,8.333333333333334,2.1666666666666665,1.5,13.0,5.666666666666667,1.0,9,7,8,2,1630.115180715337,1563.5882032456966,6,0.11004682575710537
2021-12-12,Famalicao,Benfica,1,4,A,2,4,7.0,4.5,1.44,0,3,10,31,1.5,2.0,7.0,4.166666666666667,2.6666666666666665,1.0,10.0,7.333333333333333,1.0,7,9,-2,-1,1440.3351787859963,1592.0166274331398,6,0.11004682575710537
2021-12-13,Arouca,Vizela,1,4,A,2,4,2.2,3.2,3.3,0,3,13,10,1.1666666666666667,1.0,8.0,4.0,0.6666666666666666,1.3333333333333333,4.0,3.0,1.0,8,13,-1,-1,1464.903877018934,1466.1488933851074,6,0.11019767813344054
2021-12-17,Santa Clara,Guimaraes,1,0,H,6,2,3.25,3.2,2.3,3,0,10,22,1.0,2.3333333333333335,4.0,2.8333333333333335,2.0,1.3333333333333333,12.0,6.166666666666667,1.0,6,6,-1,2,1432.93499268769,1530.4617587407101,7,0.11080315836233387
2021-12-17,Estoril,Famalicao,2,2,D,4,3,2.2,3.4,3.1,1,1,24,10,1.1666666666666667,1.0,9.0,4.833333333333333,1.5,2.3333333333333335,7.0,4.166666666666667,1.0,5,5,1,-3,1539.1918326793752,1431.4971918317726,6,0.11080315836233387
2021-12-18,Portimonense,Arouca,1,1,D,5,6,2.0,3.3,3.75,1,1,23,13,1.0,1.3333333333333333,9.0,3.5,1.1666666666666667,1.3333333333333333,8.0,3.5,1.0,6,5,1,-2,1529.0740731723815,1449.9576284662078,7,0.11095504752069356
2021-12-18,Tondela,Pacos Ferreira,0,1,A,9,5,2.37,3.25,3.0,0,3,12,11,1.5,2.3333333333333335,6.0,4.0,0.3333333333333333,1.3333333333333333,2.0,2.1666666666666665,1.0,7,8,-2,-4,1444.115671837614,1431.4897613917155,6,0.11095504752069356
2021-12-18,Gil Vicente,Sp Lisbon,0,3,A,4,9,6.0,4.0,1.53,0,3,20,38,1.6666666666666667,0.8333333333333334,11.0,6.666666666666667,1.8333333333333333,0.16666666666666666,18.0,5.833333333333333,1.0,8,7,2,9,1510.6709537864574,1641.389941161605,7,0.11095504752069356
2021-12-19,Boavista,Moreirense,1,0,H,5,3,2.55,3.1,2.8,3,0,12,9,0.8333333333333334,2.3333333333333335,2.0,3.5,0.6666666666666666,1.1666666666666667,3.0,4.0,1.0,8,7,-1,-1,1449.3691560615528,1439.7076399673085,7,0.11110714488897043
2021-12-19,Benfica,Maritimo,7,1,H,9,2,1.12,7.5,19.0,3,0,34,14,3.3333333333333335,1.0,13.0,6.833333333333333,1.8333333333333333,1.6666666666666667,7.0,5.333333333333333,1.0,7,8,1,1,1600.8546143873634,1462.8480694285274,6,0.11110714488897043
2021-12-19,Sp Braga,Belenenses,1,0,H,5,2,1.18,6.5,15.0,3,0,25,8,1.8333333333333333,1.3333333333333333,12.0,4.5,0.3333333333333333,2.1666666666666665,4.0,1.6666666666666667,1.0,7,7,-1,-3,1551.4258083297962,1431.6381885008511,7,0.11110714488897043
2021-12-19,Vizela,Porto,0,4,A,4,7,9.0,5.0,1.33,0,3,13,38,1.3333333333333333,1.5,6.0,3.3333333333333335,2.6666666666666665,0.5,18.0,7.666666666666667,1.0,6,7,1,9,1481.0951419378337,1642.2775756312374,6,0.11110714488897043
2021-12-28,Tondela,Gil Vicente,0,3,A,2,6,3.3,3.5,2.15,0,3,12,20,1.1666666666666667,2.5,3.0,4.666666666666667,1.6666666666666667,1.1666666666666667,11.0,6.166666666666667,1.0,10,10,-3,-1,1428.5708072968278,1501.0625122738763,7,0.11248543787248953
2021-12-28,Maritimo,Vizela,2,0,H,5,1,3.0,3.25,2.37,3,0,14,13,1.8333333333333333,2.5,7.0,5.166666666666667,1.1666666666666667,2.0,5.0,3.3333333333333335,1.0,9,9,-1,-1,1453.5115187776062,1472.5942519235582,7,0.11248543787248953
2021-12-28,Moreirense,Estoril,1,0,H,3,4,3.0,3.1,2.5,3,0,9,25,0.6666666666666666,1.3333333333333333,2.0,3.5,1.1666666666666667,1.3333333333333333,7.0,5.166666666666667,1.0,9,11,-2,0,1425.124653662134,1534.6856843350413,7,0.11248543787248953
2021-12-29,Guimaraes,Boavista,1,1,D,2,4,1.66,3.8,5.0,1,1,22,15,1.6666666666666667,1.3333333333333333,9.0,4.833333333333333,1.0,2.3333333333333335,4.0,3.5,1.0,12,10,-1,1,1511.3584026040253,1463.9521423667272,7,0.11263963310246938
2021-12-29,Sp Lisbon,Portimonense,3,2,H,12,2,1.3,5.25,11.0,3,0,41,24,2.1666666666666665,0.16666666666666666,18.0,6.666666666666667,1.1666666666666667,1.1666666666666667,10.0,3.8333333333333335,1.0,11,11,10,0,1650.9983826741861,1525.7161824030425,8,0.11263963310246938
2021-12-30,Pacos Ferreira,Santa Clara,2,1,H,3,4,2.5,3.2,2.87,3,0,14,13,0.5,1.3333333333333333,4.0,3.0,1.1666666666666667,2.0,7.0,3.8333333333333335,1.0,12,13,1,1,1447.0346259325017,1452.038348824375,8,0.11279403970353333
2021-12-30,Arouca,Sp Braga,0,6,A,0,8,5.0,3.8,1.7,0,3,14,28,1.3333333333333333,1.5,8.0,3.5,1.8333333333333333,1.3333333333333333,12.0,4.666666666666667,1.0,12,11,0,1,1453.3155192355468,1561.4497840743106,7,0.11279403970353333
2021-12-30,Porto,Benfica,3,1,H,6,5,1.85,3.75,4.2,3,0,41,37,2.8333333333333335,0.3333333333333333,18.0,7.833333333333333,4.333333333333333,1.1666666666666667,13.0,7.166666666666667,1.0,11,11,10,2,1650.7784656455128,1610.1911650382847,7,0.11279403970353333
2022-01-02,Vizela,Belenenses,2,0,H,4,7,1.9,3.4,4.0,3,0,13,8,1.1666666666666667,2.1666666666666665,5.0,2.8333333333333335,0.3333333333333333,2.0,4.0,1.6666666666666667,1.0,5,14,-2,-4,1456.7712115635243,1421.6142127563367,7,0.11325853063269467
2022-01-03,Tondela,Moreirense,2,1,H,5,5,2.7,3.25,2.62,3,0,12,12,1.0,2.5,3.0,4.666666666666667,0.8333333333333334,1.1666666666666667,5.0,3.8333333333333335,1.0,6,6,-4,1,1416.6558866178243,1444.7039898221788,8,0.11341378561954799
2022-01-07,Santa Clara,Sp Lisbon,3,2,H,5,5,8.5,4.5,1.4,3,0,13,44,1.1666666666666667,2.0,7.0,3.8333333333333335,2.5,0.5,18.0,8.0,1.0,8,9,-1,11,1436.8223356762492,1660.81236312941,8,0.11403693672436013
2022-01-08,Estoril,Porto,2,3,A,2,10,26.0,8.5,1.09,0,3,25,44,1.0,1.3333333333333333,6.0,5.5,2.6666666666666665,0.3333333333333333,18.0,7.0,1.0,11,9,-1,11,1515.1063481749966,1664.03409883551,7,0.11419325875161082
2022-01-08,Boavista,Tondela,1,1,D,4,2,2.0,3.4,4.0,1,1,16,15,1.0,1.8333333333333333,5.0,3.6666666666666665,1.3333333333333333,2.3333333333333335,6.0,4.5,1.0,10,5,0,1,1465.9862275488683,1432.8641967966755,8,0.11419325875161082
2022-01-08,Vizela,Moreirense,0,1,A,3,4,2.3,3.25,3.1,0,3,16,12,1.3333333333333333,2.0,7.0,3.0,0.8333333333333334,1.3333333333333333,4.0,4.5,1.0,6,5,1,-1,1470.2585214108171,1428.4956796433275,8,0.11419325875161082
2022-01-09,Portimonense,Maritimo,1,2,A,4,8,2.15,3.2,3.6,0,3,24,17,1.5,1.1666666666666667,10.0,3.8333333333333335,2.0,2.1666666666666665,10.0,4.833333333333333,1.0,11,12,-1,1,1515.9022019478186,1469.33455913764,8,0.11434979506536296
2022-01-09,Benfica,Pacos Ferreira,2,0,H,6,1,1.2,7.0,15.0,3,0,37,17,4.333333333333333,1.5,12.0,6.833333333333333,0.6666666666666666,1.3333333333333333,6.0,2.8333333333333335,1.0,10,10,-1,2,1596.9355318482876,1462.2506390806275,7,0.11434979506536296
2022-01-09,Sp Braga,Famalicao,2,2,D,8,7,1.4,4.75,7.5,1,1,31,11,2.3333333333333335,1.3333333333333333,12.0,5.166666666666667,1.5,2.6666666666666665,5.0,3.8333333333333335,1.0,10,14,2,0,1571.9263750863445,1436.0033401761066,8,0.11434979506536296
2022-01-09,Belenenses,Arouca,2,1,H,5,2,2.75,3.1,2.7,3,0,8,14,0.3333333333333333,2.3333333333333335,3.0,2.8333333333333335,1.0,2.5,5.0,3.1666666666666665,1.0,7,10,-5,-1,1408.1269029090438,1442.838928223513,7,0.11434979506536296
2022-01-10,Gil Vicente,Guimaraes,3,2,H,10,2,2.6,3.1,2.87,3,0,23,23,1.8333333333333333,1.0,11.0,6.333333333333333,1.8333333333333333,1.3333333333333333,10.0,4.833333333333333,1.0,13,12,1,0,1512.9774329528798,1509.3243174218842,8,0.1145065459593608
2022-01-13,Famalicao,Belenenses,1,0,H,2,4,1.9,3.4,4.0,3,0,12,11,1.6666666666666667,2.8333333333333335,5.0,4.166666666666667,0.3333333333333333,2.3333333333333335,3.0,3.0,1.0,4,4,0,1,1441.5894861354825,1424.6205749406624,7,0.11497808906631495
2022-01-15,Boavista,Gil Vicente,1,1,D,5,2,3.1,3.1,2.4,1,1,17,26,0.8333333333333334,1.1666666666666667,6.0,3.5,2.1666666666666665,1.1666666666666667,13.0,7.166666666666667,0.0,7,5,0,2,1464.5605509356292,1527.8197210891924,9,0.11529352944230391
2022-01-15,Benfica,Moreirense,1,1,D,5,2,1.2,6.5,17.0,1,1,40,15,3.6666666666666665,1.3333333333333333,12.0,6.333333333333333,0.8333333333333334,1.0,7.0,3.8333333333333335,3.0,6,7,1,1,1606.3954881651637,1445.2900924088458,8,0.11529352944230391
2022-01-15,Sp Braga,Maritimo,0,1,A,4,3,1.4,4.5,8.0,0,3,32,20,2.5,0.6666666666666666,13.0,5.833333333333333,2.0,1.6666666666666667,13.0,4.333333333333333,3.0,6,6,0,2,1566.3402291269686,1486.3330925163718,9,0.11529352944230391
2022-01-16,Vizela,Sp Lisbon,0,2,A,1,6,10.0,5.75,1.28,0,3,16,44,1.1666666666666667,2.0,6.0,3.0,2.5,1.0,15.0,7.5,0.0,8,9,-1,-1,1453.464108645299,1637.29104420888,9,0.11545157400899438
2022-01-16,Santa Clara,Tondela,2,2,D,9,7,1.83,3.5,4.5,1,1,16,16,1.6666666666666667,1.8333333333333333,10.0,4.5,0.8333333333333334,2.1666666666666665,4.0,3.6666666666666665,0.0,9,8,1,0,1460.343654596779,1434.2898734099147,9,0.11545157400899438
2022-01-16,Belenenses,Porto,1,4,A,2,9,13.0,7.0,1.18,0,3,11,47,0.3333333333333333,2.1666666666666665,3.0,3.0,2.6666666666666665,0.6666666666666666,18.0,7.0,0.0,3,8,-1,12,1410.3525997651332,1672.9712302137648,8,0.11545157400899438
2022-01-16,Famalicao,Pacos Ferreira,0,0,D,6,3,2.0,3.2,4.0,1,1,15,17,1.0,2.5,5.0,2.8333333333333335,0.6666666666666666,1.3333333333333333,6.0,2.8333333333333335,0.0,3,7,1,-1,1455.8574613110118,1452.7906827637514,8,0.11545157400899438
2022-01-17,Portimonense,Guimaraes,1,1,D,4,6,2.62,3.0,2.8,1,1,24,23,1.3333333333333333,1.5,7.0,3.5,1.8333333333333333,1.6666666666666667,7.0,4.333333333333333,3.0,8,7,-2,-1,1498.903668569087,1494.4820292855716,9,0.11560983522344626
2022-01-21,Arouca,Benfica,0,2,A,2,6,10.0,5.25,1.28,0,3,14,41,1.0,2.6666666666666665,4.0,3.3333333333333335,2.6666666666666665,1.5,10.0,5.333333333333333,0.0,12,6,-2,0,1426.3452561918944,1599.8990800571225,8,0.11624505250460028
2022-01-21,Pacos Ferreira,Boavista,1,1,D,3,9,2.45,3.0,3.1,1,1,18,18,0.6666666666666666,1.0,7.0,2.8333333333333335,0.8333333333333334,1.0,7.0,4.0,0.0,5,6,0,0,1452.9230827982788,1467.2618838668361,9,0.11624505250460028
2022-01-22,Moreirense,Santa Clara,0,2,A,3,3,2.37,3.1,3.1,0,3,16,17,0.6666666666666666,0.8333333333333334,7.0,3.5,1.6666666666666667,1.8333333333333333,10.0,5.166666666666667,1.0,7,6,0,0,1451.786500516887,1459.2209261426792,8,0.11640440142072653
2022-01-22,Tondela,Vizela,2,3,A,3,8,2.8,3.2,2.5,0,3,17,16,1.1666666666666667,2.1666666666666665,5.0,4.666666666666667,1.0,1.6666666666666667,6.0,2.8333333333333335,0.0,6,6,0,-2,1435.4126018640145,1445.734460308649,9,0.11640440142072653
2022-01-22,Sp Lisbon,Sp Braga,1,2,A,4,3,1.6,4.0,5.5,0,3,47,32,2.5,1.0,15.0,7.166666666666667,1.8333333333333333,0.6666666666666666,10.0,5.0,3.0,6,7,1,-1,1645.02069254553,1547.9458321867592,9,0.11640440142072653
2022-01-23,Gil Vicente,Portimonense,1,0,H,6,1,2.0,3.25,3.8,3,0,27,25,2.0,1.0,13.0,6.166666666666667,1.0,1.6666666666666667,5.0,3.8333333333333335,3.0,8,6,0,0,1525.1183881579855,1498.7127813614427,9,0.11656396877261861
2022-01-23,Maritimo,Belenenses,1,1,D,2,9,1.75,3.4,5.0,1,1,23,11,1.8333333333333333,1.6666666666666667,13.0,4.166666666666667,0.5,1.6666666666666667,3.0,3.3333333333333335,3.0,8,7,3,-2,1504.7274894565812,1404.9322314824853,8,0.11656396877261861
2022-01-23,Porto,Famalicao,3,1,H,9,1,1.2,6.5,12.0,3,0,50,16,3.0,0.6666666666666666,18.0,7.0,1.0,2.0,6.0,3.5,3.0,7,7,13,0,1678.3915984964126,1455.7250612764844,8,0.11656396877261861
2022-01-23,Guimaraes,Estoril,3,1,H,7,3,1.9,3.25,4.2,3,0,24,25,1.8333333333333333,1.5,8.0,5.0,1.1666666666666667,1.6666666666666667,5.0,4.833333333333333,1.0,6,14,0,-2,1494.6729164932158,1506.1692167967417,8,0.11656396877261861
2022-01-27,Estoril,Arouca,1,2,A,4,5,2.0,3.3,3.8,0,3,25,14,1.0,1.8333333333333333,4.0,4.166666666666667,0.6666666666666666,2.8333333333333335,1.0,2.6666666666666665,3.0,4,6,-3,-3,1490.673062678443,1418.2714449896523,8,0.11720442853264823
2022-01-30,Portimonense,Tondela,1,2,A,6,4,1.95,3.3,3.75,0,3,25,17,1.0,1.3333333333333333,5.0,3.3333333333333335,1.1666666666666667,1.8333333333333333,5.0,4.666666666666667,3.0,7,8,-1,-1,1484.8506131017832,1420.8581012558145,10,0.1176870816413944
2022-01-30,Vizela,Guimaraes,3,2,H,6,4,2.87,3.1,2.37,3,0,19,27,0.8333333333333334,1.8333333333333333,6.0,3.5,2.0,1.5,8.0,4.833333333333333,0.0,8,7,1,1,1460.288960916849,1510.1690706115144,10,0.1176870816413944
2022-01-30,Sp Braga,Moreirense,2,0,H,5,1,1.4,4.33,6.5,3,0,35,16,1.8333333333333333,0.8333333333333334,10.0,4.833333333333333,0.6666666666666666,1.0,7.0,3.3333333333333335,3.0,8,8,1,-1,1567.0311315979602,1437.1074214932876,10,0.1176870816413944
2022-01-30,Porto,Maritimo,2,1,H,5,3,1.11,7.0,21.0,3,0,53,24,3.0,0.8333333333333334,18.0,7.5,1.8333333333333333,1.6666666666666667,13.0,4.0,1.0,7,7,14,0,1684.9090626466225,1500.5336865758002,9,0.1176870816413944
2022-01-31,Estoril,Pacos Ferreira,0,0,D,6,4,2.0,3.1,3.6,1,1,25,19,1.1666666666666667,1.8333333333333333,4.0,4.0,0.6666666666666666,0.8333333333333334,8.0,2.8333333333333335,3.0,4,10,-4,0,1472.5917084123807,1453.5417873745466,9,0.11784840729351945
2022-01-31,Famalicao,Arouca,0,0,D,1,2,1.8,3.3,4.2,1,1,16,17,1.1666666666666667,1.8333333333333333,6.0,3.5,0.8333333333333334,2.6666666666666665,4.0,2.8333333333333335,0.0,8,4,-1,1,1449.2075971262745,1436.3527992557147,9,0.11784840729351945
2022-02-01,Santa Clara,Boavista,2,1,H,3,5,2.15,3.0,3.4,3,0,20,19,1.6666666666666667,1.6666666666666667,10.0,5.0,0.8333333333333334,1.0,7.0,4.833333333333333,0.0,10,11,1,0,1473.9000051662786,1466.6431792905682,10,0.11800995409112343
2022-02-02,Benfica,Gil Vicente,1,2,A,5,6,1.28,5.0,9.0,0,3,44,30,2.8333333333333335,1.0,13.0,5.833333333333333,1.5,1.0,13.0,5.5,3.0,12,10,1,1,1607.9728912593646,1538.980556417645,9,0.11817172233735296
2022-02-02,Belenenses,Sp Lisbon,1,4,A,2,6,10.0,5.5,1.25,0,3,12,47,0.6666666666666666,1.6666666666666667,4.0,4.833333333333333,2.1666666666666665,1.1666666666666667,12.0,7.0,0.0,10,11,0,-1,1409.1260343632664,1625.935393134329,9,0.11817172233735296
2022-02-05,Maritimo,Estoril,0,0,D,4,0,2.62,3.1,2.75,1,1,24,26,1.3333333333333333,1.8333333333333333,10.0,3.8333333333333335,1.0,1.8333333333333333,2.0,3.8333333333333335,0.0,6,5,-1,0,1492.8221398933554,1471.7700804073236,9,0.11865835880549741
2022-02-05,Pacos Ferreira,Portimonense,1,1,D,3,8,2.37,3.2,3.1,1,1,20,25,0.6666666666666666,0.6666666666666666,9.0,3.1666666666666665,1.0,1.6666666666666667,2.0,3.6666666666666665,3.0,5,6,0,-2,1454.3634153796038,1467.118657776715,10,0.11865835880549741
2022-02-05,Guimaraes,Sp Braga,2,1,H,5,4,3.5,3.5,2.05,3,0,27,38,1.5,1.6666666666666667,5.0,3.8333333333333335,2.1666666666666665,0.6666666666666666,13.0,5.5,1.0,6,6,-1,2,1493.0302476832019,1576.6694966585655,9,0.11865835880549741
2022-02-06,Arouca,Porto,0,2,A,1,4,10.0,5.25,1.3,0,3,18,56,0.6666666666666666,2.0,5.0,2.8333333333333335,3.1666666666666665,1.0,18.0,7.666666666666667,0.0,6,7,0,15,1436.9075323847167,1692.6206093290673,9,0.11882101588601467
2022-02-06,Boavista,Vizela,2,2,D,4,4,2.2,3.2,3.4,1,1,19,22,1.0,1.0,7.0,5.333333333333333,1.3333333333333333,1.5,9.0,3.8333333333333335,1.0,5,7,-1,2,1451.9564360959723,1477.4277838451615,10,0.11882101588601467
2022-02-06,Gil Vicente,Santa Clara,2,2,D,3,4,2.0,3.25,3.8,1,1,33,23,1.6666666666666667,1.1666666666666667,13.0,5.666666666666667,1.8333333333333333,1.1666666666666667,13.0,5.0,0.0,4,5,2,2,1556.9206511744999,1488.5867483608745,10,0.11882101588601467
2022-02-06,Sp Lisbon,Famalicao,2,0,H,4,5,1.33,4.5,10.0,3,0,50,17,2.5,1.3333333333333333,12.0,7.0,1.0,1.1666666666666667,7.0,3.3333333333333335,1.0,4,6,1,0,1632.6265034430671,1448.6528639972726,10,0.11882101588601467
2022-02-07,Tondela,Benfica,1,3,A,3,8,9.0,5.0,1.33,0,3,20,44,1.5,1.8333333333333333,8.0,3.8333333333333335,2.3333333333333335,1.1666666666666667,10.0,6.0,0.0,8,5,1,-1,1438.5900565808827,1590.0327965025097,10,0.11898389593713518
2022-02-07,Moreirense,Belenenses,4,1,H,10,1,1.9,3.3,4.33,3,0,16,12,0.6666666666666666,1.1666666666666667,7.0,3.0,0.8333333333333334,2.1666666666666665,4.0,4.833333333333333,1.0,8,5,-2,-1,1427.4690564326822,1402.4349240545282,9,0.11898389593713518
2022-02-11,Porto,Sp Lisbon,2,2,D,7,3,2.0,3.3,4.0,1,1,59,53,2.8333333333333335,1.0,18.0,7.166666666666667,2.3333333333333335,1.3333333333333333,12.0,6.166666666666667,1.0,5,5,16,2,1698.2197610123324,1640.3513070008278,10,0.1196376519669074
2022-02-12,Benfica,Santa Clara,2,1,H,4,4,1.28,5.75,9.5,3,0,47,24,1.6666666666666667,1.1666666666666667,10.0,5.833333333333333,2.0,1.5,11.0,4.666666666666667,3.0,5,6,1,0,1598.8793525643453,1491.4994983115314,10,0.11980165146415964
2022-02-12,Sp Braga,Pacos Ferreira,2,1,H,5,3,1.4,4.75,8.0,3,0,38,21,2.1666666666666665,1.0,10.0,5.333333333333333,0.6666666666666666,0.8333333333333334,7.0,2.8333333333333335,1.0,7,7,-1,0,1558.1266754173294,1454.913856186459,11,0.11980165146415964
2022-02-12,Estoril,Tondela,1,0,H,8,3,2.0,3.4,3.75,3,0,27,20,0.6666666666666666,1.5,2.0,3.1666666666666665,1.6666666666666667,1.8333333333333333,8.0,4.0,3.0,7,5,0,-1,1472.677860184605,1429.743500519047,10,0.11980165146415964
2022-02-12,Portimonense,Boavista,1,1,D,4,3,2.25,3.0,3.6,1,1,26,20,1.0,1.6666666666666667,2.0,4.166666666666667,1.1666666666666667,1.3333333333333333,5.0,5.166666666666667,1.0,7,6,0,0,1466.5682169698598,1453.0541566365978,11,0.11980165146415964
2022-02-13,Famalicao,Moreirense,5,0,H,9,4,2.05,3.3,3.6,3,0,17,19,0.6666666666666666,1.1666666666666667,6.0,3.6666666666666665,1.1666666666666667,1.3333333333333333,7.0,4.166666666666667,1.0,7,6,-1,1,1440.928060439512,1441.39011262503,10,0.11996587577220226
2022-02-13,Belenenses,Guimaraes,1,0,H,4,2,4.5,3.6,1.8,3,0,12,30,1.0,2.5,4.0,3.8333333333333335,1.8333333333333333,1.6666666666666667,8.0,4.333333333333333,1.0,6,8,-2,1,1388.5138678621804,1511.573068924438,10,0.11996587577220226
2022-02-13,Vizela,Gil Vicente,0,1,A,3,3,2.8,3.3,2.6,0,3,23,34,1.6666666666666667,1.5,10.0,4.333333333333333,2.0,1.0,14.0,5.5,1.0,7,7,0,0,1476.330063304536,1554.007901223843,11,0.11996587577220226
2022-02-14,Arouca,Maritimo,0,3,A,4,6,2.6,3.2,2.87,0,3,18,25,0.5,2.1666666666666665,4.0,2.0,1.1666666666666667,0.6666666666666666,11.0,4.166666666666667,1.0,8,9,-1,0,1431.3083807014516,1491.914360116074,10,0.1201303251992063
2022-02-18,Boavista,Benfica,2,2,D,4,3,6.5,4.75,1.4,1,1,21,50,1.1666666666666667,1.3333333333333333,5.0,5.0,1.8333333333333333,0.8333333333333334,13.0,5.666666666666667,0.0,6,6,0,2,1453.6373114576008,1609.3855715292154,11,0.12079038027505432
2022-02-19,Gil Vicente,Belenenses,2,0,H,5,1,1.55,3.75,6.5,3,0,37,15,1.6666666666666667,1.0,14.0,5.0,0.8333333333333334,2.3333333333333335,4.0,3.6666666666666665,1.0,6,6,1,1,1565.7090619985872,1408.6151987075345,11,0.12095595993423632
2022-02-19,Pacos Ferreira,Vizela,2,1,H,4,2,2.4,3.2,3.1,3,0,21,23,0.5,1.0,4.0,2.8333333333333335,1.3333333333333333,1.6666666666666667,7.0,4.166666666666667,1.0,7,6,-1,-1,1444.2432959985194,1464.6289025297917,11,0.12095595993423632
2022-02-19,Guimaraes,Arouca,1,3,A,5,7,1.7,3.8,4.5,0,3,30,18,1.6666666666666667,1.6666666666666667,7.0,4.333333333333333,0.5,1.6666666666666667,4.0,2.6666666666666665,1.0,6,5,-1,-2,1491.471738079084,1418.898730711654,10,0.12095595993423632
2022-02-20,Sp Lisbon,Estoril,3,0,H,7,0,1.25,5.5,12.0,3,0,54,30,2.1666666666666665,1.3333333333333333,10.0,4.666666666666667,0.8333333333333334,1.3333333333333333,5.0,3.8333333333333335,3.0,9,8,0,1,1642.8268392837233,1485.8336130321638,11,0.12112176657029738
2022-02-20,Maritimo,Famalicao,0,1,A,2,8,2.4,3.3,2.87,0,3,28,20,1.3333333333333333,0.6666666666666666,11.0,4.333333333333333,1.1666666666666667,0.8333333333333334,8.0,4.0,1.0,6,7,1,1,1504.3240101058716,1455.9480088241496,10,0.12112176657029738
2022-02-20,Tondela,Sp Braga,0,1,A,2,2,5.5,4.0,1.57,0,3,20,41,1.3333333333333333,1.8333333333333333,5.0,3.6666666666666665,1.5,1.1666666666666667,10.0,4.833333333333333,0.0,8,8,-2,1,1416.5877476714882,1568.797235605269,11,0.12112176657029738
2022-02-20,Moreirense,Porto,0,1,A,1,5,11.0,5.0,1.3,0,3,19,60,1.0,1.8333333333333333,7.0,4.0,2.6666666666666665,1.1666666666666667,16.0,7.333333333333333,0.0,7,9,-1,0,1426.3701642403923,1695.7442287294368,10,0.12112176657029738
2022-02-21,Santa Clara,Portimonense,1,1,D,4,7,2.0,3.25,4.0,1,1,24,27,2.0,1.5,11.0,4.666666666666667,0.8333333333333334,1.3333333333333333,3.0,4.5,0.0,9,9,-1,0,1480.9932793466612,1465.9850621488567,11,0.12128780049437779
2022-02-25,Belenenses,Pacos Ferreira,0,2,A,1,7,3.25,3.0,2.37,0,3,15,24,0.8333333333333334,2.5,4.0,3.1666666666666665,0.8333333333333334,0.8333333333333334,7.0,3.3333333333333335,1.0,6,6,-1,1,1399.9701998421651,1460.1224047772903,11,0.12195421530863895
2022-02-26,Famalicao,Tondela,2,1,H,3,3,1.7,3.6,5.0,3,0,23,20,1.1666666666666667,0.8333333333333334,8.0,5.0,1.1666666666666667,1.8333333333333333,4.0,3.6666666666666665,0.0,6,6,2,-3,1473.0231755471782,1407.7686989571766,11,0.12212139035486884
2022-02-26,Maritimo,Sp Lisbon,1,1,D,2,4,8.0,4.5,1.4,1,1,28,57,1.0,0.6666666666666666,8.0,3.3333333333333335,2.3333333333333335,0.8333333333333334,13.0,5.0,0.0,6,6,-1,1,1487.248843382843,1651.475403564372,11,0.12212139035486884
2022-02-26,Arouca,Moreirense,1,1,D,4,3,2.25,3.1,3.4,1,1,21,19,0.8333333333333334,1.5,7.0,3.5,0.8333333333333334,2.0,4.0,3.5,0.0,7,6,1,-2,1436.9871714963147,1421.1203563325373,11,0.12212139035486884
2022-02-27,Estoril,Boavista,2,3,A,2,4,2.25,3.25,3.2,0,3,30,22,0.5,1.3333333333333333,5.0,3.5,1.3333333333333333,1.5,5.0,5.0,1.0,7,9,-1,0,1477.185048751515,1459.9445676888224,11,0.1222887945649371
2022-02-27,Porto,Gil Vicente,1,1,D,8,1,1.25,5.25,13.0,1,1,63,40,2.3333333333333335,0.8333333333333334,16.0,6.5,1.5,0.6666666666666666,14.0,4.166666666666667,3.0,7,8,1,2,1700.9940366372919,1574.3540608639566,11,0.1222887945649371
2022-02-27,Vizela,Portimonense,1,1,D,2,1,2.1,3.3,3.5,1,1,23,28,1.5,1.8333333333333333,7.0,4.0,0.8333333333333334,1.1666666666666667,4.0,5.0,1.0,8,6,-2,0,1448.749793751021,1466.632616244534,12,0.1222887945649371
2022-02-27,Benfica,Guimaraes,3,0,H,6,7,1.33,5.0,8.0,3,0,51,30,1.8333333333333333,1.1666666666666667,11.0,5.166666666666667,1.5,1.6666666666666667,7.0,4.833333333333333,3.0,9,8,0,-2,1603.0783152979939,1473.3832972944233,11,0.1222887945649371
2022-02-28,Sp Braga,Santa Clara,0,0,D,4,1,1.5,4.2,6.0,1,1,44,25,1.3333333333333333,0.8333333333333334,12.0,3.8333333333333335,1.6666666666666667,1.3333333333333333,9.0,4.5,1.0,8,7,2,0,1577.6162843195805,1480.345725250984,12,0.1224564282529819
2022-03-04,Gil Vicente,Estoril,0,0,D,3,1,1.9,3.5,4.2,1,1,41,30,1.5,0.6666666666666666,14.0,4.0,0.6666666666666666,1.3333333333333333,5.0,3.3333333333333335,1.0,5,5,0,-2,1579.591623408433,1461.441327685264,12,0.12312926408277403
2022-03-05,Boavista,Sp Braga,1,1,D,5,5,4.75,3.4,1.8,1,1,25,45,1.6666666666666667,1.6666666666666667,7.0,4.833333333333333,1.3333333333333333,0.6666666666666666,13.0,3.8333333333333335,1.0,6,5,1,0,1475.6882887550735,1573.5231638316855,12,0.12329804988786655
2022-03-05,Portimonense,Benfica,1,2,A,1,4,6.5,4.5,1.45,0,3,29,54,0.8333333333333334,1.1666666666666667,4.0,4.5,2.1666666666666665,1.0,13.0,5.333333333333333,3.0,6,6,0,1,1465.861233810886,1612.725294336537,12,0.12329804988786655
2022-03-05,Sp Lisbon,Arouca,2,0,H,6,2,1.28,6.0,9.5,3,0,58,22,2.1666666666666665,1.0,11.0,4.666666666666667,1.0,1.3333333333333333,8.0,3.8333333333333335,3.0,7,7,0,0,1644.8699465427242,1436.3026218526716,12,0.12329804988786655
2022-03-06,Moreirense,Maritimo,0,1,A,5,2,2.37,3.2,3.2,0,3,20,29,0.8333333333333334,2.0,4.0,3.6666666666666665,1.0,0.8333333333333334,6.0,3.1666666666666665,1.0,8,8,0,0,1421.8049059761804,1493.854300404491,11,0.1234670670648284
2022-03-06,Pacos Ferreira,Porto,2,4,A,4,9,7.5,4.5,1.36,0,3,27,64,1.1666666666666667,0.8333333333333334,9.0,4.0,1.8333333333333333,0.8333333333333334,14.0,6.333333333333333,0.0,9,7,2,0,1472.5510658230603,1695.7564740928156,12,0.1234670670648284
2022-03-06,Guimaraes,Famalicao,2,1,H,5,3,2.1,3.3,3.5,3,0,30,26,1.3333333333333333,2.0,6.0,5.0,1.5,1.0,10.0,4.5,3.0,7,8,-3,3,1463.7363182558802,1485.238579174243,11,0.1234670670648284
2022-03-06,Santa Clara,Vizela,3,1,H,4,2,2.25,3.3,3.2,3,0,26,24,1.3333333333333333,1.0,9.0,3.1666666666666665,1.6666666666666667,1.6666666666666667,8.0,4.166666666666667,1.0,6,7,0,0,1484.438845738879,1449.5211761846688,12,0.1234670670648284
2022-03-07,Tondela,Belenenses,1,1,D,2,3,,,,1,1,20,15,1.0,1.8333333333333333,3.0,3.0,0.6666666666666666,2.1666666666666665,4.0,3.0,3.0,9,10,-4,-2,1395.553295330112,1387.5415387963951,12,0.1236363159308245
2022-03-11,Benfica,Vizela,1,1,D,9,4,1.28,6.5,8.5,1,1,57,24,2.1666666666666665,1.1666666666666667,13.0,5.0,1.3333333333333333,1.8333333333333333,5.0,3.1666666666666665,3.0,6,5,2,-1,1621.7371451159615,1436.0236380364695,12,0.12431563464368049
2022-03-12,Famalicao,Santa Clara,0,0,D,3,4,2.05,3.2,3.75,1,1,26,29,1.5,0.8333333333333334,10.0,4.833333333333333,1.5,1.1666666666666667,9.0,3.3333333333333335,3.0,6,6,-1,1,1469.3114353553224,1497.9363838870784,12,0.1244860467275602
2022-03-12,Estoril,Portimonense,2,0,H,6,4,2.15,3.2,3.5,3,0,31,29,0.5,1.0,6.0,2.8333333333333335,1.0,1.3333333333333333,4.0,4.5,3.0,8,7,0,-1,1466.3543441255706,1456.8493830314615,12,0.1244860467275602
2022-03-12,Belenenses,Boavista,0,0,D,2,1,3.5,3.25,2.1,1,1,16,26,0.6666666666666666,2.1666666666666665,4.0,2.0,1.6666666666666667,1.6666666666666667,7.0,4.166666666666667,1.0,5,7,0,0,1387.8873728338815,1479.8039485945485,12,0.1244860467275602
2022-03-12,Arouca,Pacos Ferreira,0,1,A,4,4,2.4,3.1,3.1,0,3,22,27,0.6666666666666666,1.5,5.0,3.3333333333333335,1.3333333333333333,1.3333333333333333,8.0,4.166666666666667,1.0,7,6,-1,-1,1429.3616204622615,1466.0494127640195,12,0.1244860467275602
2022-03-13,Maritimo,Guimaraes,0,1,A,4,6,2.87,3.2,2.55,0,3,32,33,1.0,0.6666666666666666,8.0,3.1666666666666665,1.1666666666666667,2.0,6.0,4.666666666666667,0.0,7,7,1,1,1505.7875141623672,1479.6634620748007,12,0.12465669241261498
2022-03-13,Porto,Tondela,4,0,H,9,2,1.12,8.5,23.0,3,0,67,21,2.0,1.0,14.0,6.333333333333333,0.8333333333333334,1.5,4.0,2.8333333333333335,3.0,7,6,1,0,1702.2581271518563,1395.2074612926256,12,0.12465669241261498
2022-03-13,Sp Braga,Gil Vicente,0,1,A,4,2,1.9,3.5,4.0,0,3,46,42,1.1666666666666667,0.6666666666666666,11.0,4.166666666666667,1.3333333333333333,0.6666666666666666,12.0,3.5,3.0,8,9,0,0,1569.4075039922104,1574.6786069681264,13,0.12465669241261498
2022-03-14,Moreirense,Sp Lisbon,0,2,A,3,4,8.0,4.75,1.4,0,3,20,61,0.8333333333333334,1.8333333333333333,4.0,4.0,2.3333333333333335,0.6666666666666666,14.0,5.0,0.0,8,9,-1,1,1409.8716922183041,1651.8109479331342,12,0.12482757201906573
2022-03-18,Vizela,Famalicao,1,1,D,7,4,2.6,3.1,2.7,1,1,25,27,1.0,1.6666666666666667,3.0,2.8333333333333335,1.5,0.8333333333333334,10.0,5.166666666666667,1.0,7,6,0,0,1443.3561407923999,1470.544485013949,13,0.12551343607862223
2022-03-19,Tondela,Arouca,2,2,D,4,5,2.62,3.0,2.75,1,1,21,22,0.5,2.0,1.0,2.5,0.6666666666666666,1.6666666666666667,4.0,3.6666666666666665,0.0,6,7,-1,-2,1390.8319522816234,1415.9396986795634,13,0.12568549011075072
2022-03-19,Santa Clara,Belenenses,0,0,D,3,1,1.55,3.5,6.5,1,1,30,17,1.1666666666666667,1.0,7.0,3.5,0.5,1.5,5.0,2.0,0.0,7,7,0,0,1496.7033342284517,1391.7656685185925,13,0.12568549011075072
2022-03-19,Guimaraes,Sp Lisbon,1,3,A,4,6,5.0,3.5,1.65,0,3,36,64,1.0,1.5,9.0,5.0,2.0,0.5,14.0,4.666666666666667,0.0,6,5,2,2,1495.7892073253504,1657.78019152508,12,0.12568549011075072
2022-03-20,Benfica,Estoril,2,1,H,6,3,1.33,4.75,9.0,3,0,58,34,2.1666666666666665,1.0,14.0,5.666666666666667,0.8333333333333334,1.0,8.0,2.8333333333333335,1.0,9,8,0,1,1614.4046423600312,1480.9440843135876,13,0.1258577799948398
2022-03-20,Pacos Ferreira,Moreirense,2,1,H,6,5,2.2,3.3,3.2,3,0,30,20,1.5,1.3333333333333333,10.0,4.166666666666667,0.8333333333333334,1.8333333333333333,4.0,4.333333333333333,1.0,8,6,1,-2,1479.4713345467176,1403.9024486263584,13,0.1258577799948398
2022-03-20,Boavista,Porto,0,1,A,1,4,7.5,4.5,1.4,0,3,27,70,1.5,1.3333333333333333,8.0,3.5,2.3333333333333335,0.8333333333333334,14.0,7.0,0.0,8,7,0,2,1475.9256529098375,1706.6336361628585,13,0.1258577799948398
2022-03-20,Portimonense,Sp Braga,1,2,A,7,6,4.2,3.3,1.9,0,3,29,46,0.8333333333333334,1.3333333333333333,4.0,4.166666666666667,0.8333333333333334,0.8333333333333334,8.0,4.0,0.0,8,7,-2,-1,1442.2596428434445,1554.6350583423211,13,0.1258577799948398
2022-03-20,Gil Vicente,Maritimo,1,1,D,8,3,1.75,3.4,5.0,1,1,45,32,1.1666666666666667,0.5,12.0,2.8333333333333335,0.8333333333333334,0.5,8.0,3.3333333333333335,3.0,7,7,1,-1,1589.4510526180156,1489.6617689118175,13,0.1258577799948398
2022-04-01,Sp Braga,Benfica,3,2,H,5,4,3.0,3.25,2.4,3,0,49,61,1.0,0.6666666666666666,11.0,4.333333333333333,2.0,1.0,14.0,5.333333333333333,0.0,12,12,1,1,1564.9458142287363,1623.9103063286316,14,0.1279437731851623
2022-04-02,Belenenses,Portimonense,2,0,H,6,4,3.4,3.1,2.3,3,0,18,29,0.3333333333333333,0.8333333333333334,6.0,2.0,0.8333333333333334,1.5,3.0,4.0,0.0,14,13,0,-3,1396.1632740399136,1431.9488869570293,13,0.1281191587275392
2022-04-02,Arouca,Gil Vicente,2,1,H,2,5,3.25,3.2,2.25,3,0,23,46,1.0,1.6666666666666667,5.0,4.333333333333333,1.0,0.3333333333333333,12.0,3.6666666666666665,1.0,14,13,0,0,1414.8575931908706,1585.2574875061844,13,0.1281191587275392
2022-04-02,Estoril,Vizela,1,2,A,3,4,2.3,3.2,3.2,0,3,34,26,1.0,1.3333333333333333,7.0,3.3333333333333335,0.8333333333333334,1.5,3.0,3.3333333333333335,1.0,13,14,-1,0,1471.4384203449872,1444.5275657767108,13,0.1281191587275392
2022-04-02,Famalicao,Boavista,1,2,A,6,3,2.05,3.3,3.75,0,3,28,27,1.6666666666666667,0.6666666666666666,11.0,5.0,1.1666666666666667,1.1666666666666667,7.0,3.0,3.0,14,13,0,-1,1469.373060029638,1469.6412490364394,13,0.1281191587275392
2022-04-03,Maritimo,Tondela,1,3,A,3,6,2.0,3.4,3.8,0,3,33,22,1.0,0.6666666666666666,8.0,3.1666666666666665,0.6666666666666666,1.8333333333333333,2.0,2.6666666666666665,0.0,14,14,0,0,1493.8553340236488,1391.9140577703163,13,0.1282947846887166
2022-04-03,Moreirense,Guimaraes,0,1,A,3,4,2.87,3.25,2.4,0,3,20,36,0.3333333333333333,2.0,1.0,3.5,0.8333333333333334,1.8333333333333333,6.0,4.833333333333333,0.0,14,14,-3,-1,1392.1145260763217,1487.316643490862,13,0.1282947846887166
2022-04-03,Sp Lisbon,Pacos Ferreira,2,0,H,6,0,1.22,6.0,12.0,3,0,67,33,2.1666666666666665,0.6666666666666666,14.0,5.0,1.6666666666666667,1.3333333333333333,12.0,4.666666666666667,3.0,14,14,3,2,1666.2527553595685,1491.2592570967543,13,0.1282947846887166
2022-04-04,Porto,Santa Clara,3,0,H,6,1,1.25,5.5,12.0,3,0,73,31,2.1666666666666665,0.8333333333333334,14.0,7.0,0.8333333333333334,0.6666666666666666,7.0,3.3333333333333335,3.0,14,14,3,0,1712.9180400362566,1492.3057287071306,13,0.12847065139826097
2022-04-08,Gil Vicente,Moreirense,1,2,A,5,7,1.66,3.6,4.5,0,3,46,20,1.0,0.6666666666666666,9.0,4.0,0.3333333333333333,1.3333333333333333,1.0,3.3333333333333335,1.0,6,5,-1,-4,1563.4388809054044,1381.1248607141686,14,0.129176532327263
2022-04-09,Pacos Ferreira,Maritimo,2,0,H,6,4,2.2,3.1,3.2,3,0,33,33,1.5,1.3333333333333333,12.0,4.166666666666667,0.6666666666666666,1.1666666666666667,5.0,2.6666666666666665,0.0,6,6,-1,-1,1483.234255783668,1474.576270832273,14,0.1293536077379733
2022-04-09,Benfica,Belenenses,3,1,H,8,2,1.14,6.0,15.0,3,0,61,21,2.0,1.3333333333333333,11.0,5.333333333333333,0.5,0.8333333333333334,6.0,2.3333333333333335,3.0,8,7,-1,1,1606.3887672176616,1412.7028227094227,14,0.1293536077379733
2022-04-09,Boavista,Arouca,1,0,H,5,1,2.2,3.0,3.25,3,0,30,26,1.3333333333333333,1.1666666666666667,9.0,3.0,1.3333333333333333,1.3333333333333333,8.0,4.0,0.0,7,7,1,1,1484.6296703885673,1436.6761997916506,14,0.1293536077379733
2022-04-09,Tondela,Sp Lisbon,1,3,A,2,9,9.0,4.33,1.3,0,3,25,70,1.1666666666666667,1.8333333333333333,5.0,3.1666666666666665,2.1666666666666665,0.3333333333333333,16.0,5.5,0.0,6,6,1,4,1411.193120961692,1674.2777566726547,14,0.1293536077379733
2022-04-10,Portimonense,Famalicao,1,0,H,6,2,2.87,3.0,2.37,3,0,29,28,0.6666666666666666,1.6666666666666667,2.0,4.0,1.0,1.0,8.0,4.5,3.0,8,8,-4,-1,1415.4093382875203,1454.38463867751,14,0.12953092588395848
2022-04-10,Santa Clara,Estoril,2,0,H,4,4,2.15,3.0,3.3,3,0,31,34,0.6666666666666666,0.8333333333333334,7.0,2.8333333333333335,1.0,1.6666666666666667,4.0,2.5,1.0,6,8,-1,-2,1485.7277366398812,1455.2789032270932,14,0.12953092588395848
2022-04-10,Guimaraes,Porto,0,1,A,1,4,7.0,3.8,1.44,0,3,39,76,1.0,1.6666666666666667,9.0,5.166666666666667,2.3333333333333335,0.5,16.0,6.833333333333333,0.0,7,6,1,4,1498.306308853015,1719.496032103506,13,0.12953092588395848
2022-04-10,Vizela,Sp Braga,0,1,A,2,4,3.75,3.4,1.85,0,3,29,52,1.1666666666666667,1.5,6.0,3.5,1.1666666666666667,0.8333333333333334,11.0,4.333333333333333,0.0,8,9,1,2,1460.6870828946048,1582.4673533397063,14,0.12953092588395848
2022-04-15,Arouca,Santa Clara,1,1,D,7,2,2.4,3.0,3.1,1,1,26,34,0.8333333333333334,1.3333333333333333,5.0,3.0,0.8333333333333334,0.6666666666666666,9.0,2.8333333333333335,0.0,6,5,-1,1,1423.733470535774,1499.4165100947557,14,0.13042116930495193
2022-04-15,Famalicao,Gil Vicente,2,2,D,3,5,2.3,3.1,3.0,1,1,28,46,0.8333333333333334,1.1666666666666667,5.0,3.5,0.8333333333333334,1.0,6.0,4.0,0.0,5,7,-2,-2,1437.708962895777,1541.2186076744756,14,0.13042116930495193
2022-04-15,Guimaraes,Pacos Ferreira,4,0,H,8,0,1.75,3.6,4.33,3,0,39,36,0.8333333333333334,1.3333333333333333,9.0,4.5,1.5,1.1666666666666667,12.0,4.5,3.0,5,6,-1,1,1491.7453710190791,1497.8605378810726,14,0.13042116930495193
2022-04-16,Moreirense,Tondela,2,0,H,3,1,2.0,3.25,3.6,3,0,23,25,0.6666666666666666,1.3333333333333333,4.0,4.333333333333333,1.3333333333333333,2.1666666666666665,5.0,3.1666666666666665,0.0,8,7,1,-1,1403.3451339450974,1405.7846557032344,14,0.1305999508661529
2022-04-16,Belenenses,Vizela,1,0,H,3,3,2.9,3.2,2.4,3,0,21,29,0.6666666666666666,1.0,6.0,2.5,1.0,1.3333333333333333,6.0,3.5,0.0,7,6,-1,-1,1405.294323723103,1450.7395231687294,14,0.1305999508661529
2022-04-16,Maritimo,Boavista,4,0,H,5,0,2.45,3.0,3.0,3,0,33,33,0.6666666666666666,1.3333333333333333,5.0,3.0,1.1666666666666667,0.8333333333333334,11.0,3.1666666666666665,1.0,7,7,-2,2,1459.9499887348684,1497.572399644444,14,0.1305999508661529
2022-04-16,Porto,Portimonense,7,0,H,12,2,1.14,7.5,15.0,3,0,79,32,2.3333333333333335,0.5,16.0,6.666666666666667,0.6666666666666666,1.5,4.0,3.8333333333333335,3.0,6,6,5,1,1726.0569699374419,1432.0850140692535,14,0.1305999508661529
2022-04-17,Sp Lisbon,Benfica,0,2,A,4,4,1.95,3.4,3.6,0,3,73,64,2.1666666666666665,0.5,16.0,5.833333333333333,2.1666666666666665,1.1666666666666667,13.0,6.166666666666667,3.0,8,8,5,1,1679.6862219311124,1613.7972662039813,14,0.1307789775014227
2022-04-18,Estoril,Sp Braga,0,0,D,6,2,3.75,3.3,1.95,1,1,34,55,1.0,1.5,4.0,3.1666666666666665,1.1666666666666667,0.8333333333333334,11.0,4.666666666666667,0.0,8,8,-3,3,1441.5901297722187,1592.4149130655817,14,0.13095824954670932
2022-04-22,Vizela,Arouca,2,1,H,6,5,1.95,3.4,3.75,3,0,29,27,0.8333333333333334,1.3333333333333333,5.0,3.6666666666666665,0.8333333333333334,1.3333333333333333,5.0,3.5,3.0,6,7,-2,0,1433.7886096531122,1426.9502500698493,15,0.13167779856311412
2022-04-23,Portimonense,Moreirense,1,0,H,7,7,2.4,3.2,3.0,3,0,32,26,0.5,2.5,3.0,4.0,0.8333333333333334,1.1666666666666667,6.0,4.333333333333333,3.0,7,7,-1,2,1427.4205640245812,1418.450454834918,15,0.13185830271384424
2022-04-23,Benfica,Famalicao,0,0,D,5,0,1.33,5.0,8.0,1,1,67,29,2.0,1.1666666666666667,13.0,5.833333333333333,0.8333333333333334,1.3333333333333333,3.0,3.5,3.0,6,8,2,0,1631.60830224114,1442.0501472211697,15,0.13185830271384424
2022-04-23,Santa Clara,Maritimo,2,2,D,3,3,2.1,3.2,3.5,1,1,35,36,1.0,0.8333333333333334,9.0,3.0,1.1666666666666667,1.1666666666666667,7.0,3.5,0.0,8,7,0,1,1496.1997305606803,1476.5679596875011,15,0.13185830271384424
2022-04-23,Gil Vicente,Pacos Ferreira,1,1,D,3,2,1.7,3.6,5.0,1,1,47,36,1.0,1.1666666666666667,6.0,4.666666666666667,1.1666666666666667,1.8333333333333333,9.0,3.3333333333333335,3.0,8,8,0,-1,1536.8774233490828,1482.5965521645144,15,0.13185830271384424
2022-04-24,Estoril,Belenenses,2,2,D,2,4,1.72,3.3,5.25,1,1,35,24,0.6666666666666666,1.0,5.0,3.8333333333333335,0.8333333333333334,0.6666666666666666,9.0,2.8333333333333335,3.0,6,8,0,1,1447.7213680193452,1422.2452372387202,15,0.13203905429997187
2022-04-24,Tondela,Guimaraes,1,1,D,5,3,3.5,3.5,1.95,1,1,25,42,1.1666666666666667,2.1666666666666665,5.0,2.8333333333333335,1.5,0.8333333333333334,12.0,4.666666666666667,0.0,8,9,-2,1,1390.6793348134138,1507.0093567356373,15,0.13203905429997187
2022-04-25,Sp Braga,Porto,1,0,H,5,3,4.0,3.6,1.8,3,0,56,82,1.1666666666666667,0.8333333333333334,11.0,4.333333333333333,3.3333333333333335,0.3333333333333333,18.0,7.333333333333333,0.0,7,9,0,6,1586.2836748184552,1730.7214199821142,15,0.13222005366068187
2022-04-25,Boavista,Sp Lisbon,0,3,A,1,5,7.0,4.2,1.44,0,3,33,73,0.6666666666666666,1.1666666666666667,8.0,2.5,2.0,0.6666666666666666,15.0,5.833333333333333,0.0,9,8,-1,-1,1480.9544286918112,1661.8751858939536,15,0.13222005366068187
2022-04-29,Famalicao,Estoril,3,1,H,7,3,1.75,3.6,4.5,3,0,30,36,0.6666666666666666,1.0,4.0,3.0,1.0,1.3333333333333333,5.0,4.0,1.0,6,5,0,0,1449.508288118693,1446.6234420847738,15,0.1329465356493297
2022-04-30,Arouca,Portimonense,1,0,H,6,4,1.95,3.3,3.8,3,0,27,35,1.0,1.3333333333333333,5.0,4.0,0.5,2.1666666666666665,6.0,5.0,1.0,8,7,-1,1,1412.2454476670584,1442.0333793051243,15,0.13312877898702033
2022-04-30,Maritimo,Benfica,0,1,A,5,4,6.0,4.2,1.53,0,3,37,68,1.3333333333333333,1.5,5.0,3.6666666666666665,1.6666666666666667,1.0,11.0,6.0,0.0,7,7,0,0,1477.414630479088,1624.150161343617,15,0.13312877898702033
2022-04-30,Porto,Vizela,4,2,H,8,2,1.12,8.0,19.0,3,0,82,32,2.6666666666666665,0.16666666666666666,15.0,6.333333333333333,1.0,1.0,8.0,4.333333333333333,3.0,5,8,-1,1,1709.8215737086643,1448.493412055903,15,0.13312877898702033
2022-04-30,Belenenses,Sp Braga,0,1,A,1,9,5.0,3.75,1.7,0,3,25,59,1.0,0.8333333333333334,9.0,3.0,1.1666666666666667,0.6666666666666666,13.0,4.333333333333333,0.0,6,5,0,1,1423.3431631732915,1607.183521091905,15,0.13312877898702033
2022-05-01,Guimaraes,Santa Clara,1,1,D,1,1,1.9,3.5,4.0,1,1,43,36,1.3333333333333333,0.8333333333333334,10.0,4.333333333333333,0.8333333333333334,1.0,7.0,2.8333333333333335,0.0,7,8,0,0,1502.166617008103,1495.3530597690935,15,0.1333112721441889
2022-05-01,Moreirense,Boavista,1,2,A,2,2,2.2,3.3,3.3,0,3,26,33,0.8333333333333334,1.1666666666666667,6.0,4.666666666666667,0.5,1.5,7.0,1.8333333333333333,0.0,8,6,-1,-2,1403.8376395543748,1473.1283979693917,15,0.1333112721441889
2022-05-01,Sp Lisbon,Gil Vicente,4,1,H,13,1,1.33,5.5,8.5,3,0,76,48,2.1666666666666665,0.6666666666666666,15.0,5.666666666666667,1.1666666666666667,1.3333333333333333,6.0,4.666666666666667,3.0,6,8,1,0,1669.7012166163731,1534.552812644213,15,0.1333112721441889
2022-05-02,Pacos Ferreira,Tondela,1,1,D,5,3,2.2,3.3,3.25,1,1,37,26,1.0,1.3333333333333333,10.0,3.0,1.1666666666666667,2.1666666666666665,5.0,3.3333333333333335,3.0,9,8,0,0,1484.9211628693843,1395.522074540948,15,0.1334940154632884
2022-05-06,Boavista,Guimaraes,1,1,D,6,5,3.5,3.2,2.2,1,1,36,44,0.8333333333333334,1.6666666666666667,9.0,2.0,1.3333333333333333,1.0,8.0,3.5,1.0,5,5,1,0,1485.1759163025908,1501.8724898009557,16,0.13422749722449873
2022-05-07,Estoril,Moreirense,1,0,H,2,5,2.55,3.3,2.75,3,0,36,26,0.8333333333333334,1.8333333333333333,2.0,3.5,1.0,1.1666666666666667,6.0,4.5,0.0,8,6,-1,-2,1431.7479880376777,1391.7901212211757,16,0.13441149650650014
2022-05-07,Benfica,Porto,0,1,A,2,5,3.0,3.6,2.25,0,3,71,85,1.6666666666666667,0.8333333333333334,13.0,5.166666666666667,2.6666666666666665,0.5,15.0,6.166666666666667,0.0,7,7,1,1,1633.1666775356978,1715.2750105695845,16,0.13441149650650014
2022-05-07,Portimonense,Sp Lisbon,2,3,A,3,8,7.5,5.0,1.36,0,3,35,79,0.5,2.0,6.0,5.0,2.5,0.8333333333333334,15.0,7.166666666666667,0.0,7,6,-1,2,1425.7504728229617,1679.1438998057317,16,0.13441149650650014
2022-05-08,Gil Vicente,Tondela,3,0,H,4,3,1.83,3.5,4.33,3,0,48,27,1.1666666666666667,2.0,3.0,4.5,1.3333333333333333,1.6666666666666667,6.0,3.5,3.0,7,6,-1,0,1525.1101294548544,1399.2987587728517,16,0.13459574801503088
2022-05-08,Vizela,Maritimo,1,1,D,3,3,2.1,3.3,3.6,1,1,32,37,1.1666666666666667,1.5,7.0,4.0,1.3333333333333333,1.5,5.0,3.8333333333333335,0.0,8,8,-1,-1,1443.0399751949828,1468.398114287007,16,0.13459574801503088
2022-05-08,Sp Braga,Arouca,1,0,H,2,4,1.66,3.6,5.25,3,0,62,30,1.3333333333333333,0.5,16.0,5.166666666666667,1.1666666666666667,1.1666666666666667,8.0,4.333333333333333,3.0,8,8,2,1,1614.912726083526,1428.528354149221,16,0.13459574801503088
2022-05-08,Santa Clara,Pacos Ferreira,2,0,H,7,0,2.05,3.5,3.6,3,0,37,38,1.0,1.1666666666666667,7.0,2.3333333333333335,1.0,1.5,8.0,3.1666666666666665,0.0,7,6,0,0,1495.6471869762408,1481.1444786374807,16,0.13459574801503088
2022-05-09,Belenenses,Famalicao,2,3,A,5,4,2.8,3.1,2.62,0,3,25,33,1.0,1.0,8.0,2.8333333333333335,1.1666666666666667,1.1666666666666667,6.0,3.6666666666666665,0.0,9,10,-1,1,1415.6139581816706,1464.383742165789,16,0.13478025209584366
2022-05-13,Pacos Ferreira,Benfica,0,2,A,4,8,5.0,4.33,1.57,0,3,38,71,0.6666666666666666,1.6666666666666667,5.0,2.1666666666666665,1.3333333333333333,0.8333333333333334,10.0,4.5,0.0,5,6,-1,-1,1466.7702474822095,1621.6470263049948,16,0.13552080107356784
2022-05-14,Arouca,Belenenses,0,0,D,7,3,2.37,3.25,3.0,1,1,30,25,0.8333333333333334,1.0,7.0,4.166666666666667,1.3333333333333333,1.5,7.0,3.5,0.0,6,5,-1,-2,1420.882878574411,1402.7057978644802,16,0.13570657321869012
2022-05-14,Moreirense,Vizela,4,1,H,6,2,1.65,3.6,5.5,3,0,26,33,0.8333333333333334,1.0,6.0,4.5,1.1666666666666667,1.5,7.0,3.3333333333333335,3.0,7,6,-3,0,1378.5076750727349,1444.132834184896,16,0.13570657321869012
2022-05-14,Tondela,Boavista,2,2,D,8,5,1.72,3.6,5.0,1,1,27,37,1.0,1.8333333333333333,5.0,3.3333333333333335,1.0,1.6666666666666667,10.0,2.8333333333333335,1.0,6,8,-1,0,1389.5048829856778,1485.896210919551,16,0.13570657321869012
2022-05-14,Maritimo,Portimonense,0,1,A,6,4,2.25,3.4,3.1,0,3,38,35,1.3333333333333333,1.5,5.0,3.8333333333333335,0.6666666666666666,2.1666666666666665,6.0,4.333333333333333,3.0,6,7,0,-2,1467.305255297094,1420.0902552610123,16,0.13570657321869012
2022-05-14,Porto,Estoril,2,0,H,5,1,1.18,8.0,11.0,3,0,88,39,2.6666666666666665,0.5,15.0,6.333333333333333,0.8333333333333334,1.5,5.0,3.3333333333333335,3.0,7,7,2,1,1726.7946618002875,1445.0304341861186,16,0.13570657321869012
2022-05-14,Sp Lisbon,Santa Clara,4,0,H,9,1,1.22,7.0,9.0,3,0,82,40,2.5,1.0,15.0,7.5,1.3333333333333333,1.1666666666666667,9.0,3.0,0.0,7,6,3,1,1684.804117367681,1510.021418131512,16,0.13570657321869012
2022-05-15,Famalicao,Sp Braga,3,2,H,11,6,3.1,3.5,2.2,3,0,36,65,1.5,1.3333333333333333,8.0,3.6666666666666665,1.1666666666666667,0.3333333333333333,16.0,4.5,1.0,6,7,2,3,1477.2919024829794,1622.558201658336,16,0.1358926000205856
2022-05-15,Guimaraes,Gil Vicente,5,0,H,8,4,2.15,3.5,3.2,3,0,45,51,1.3333333333333333,0.6666666666666666,9.0,3.6666666666666665,1.5,1.8333333333333333,5.0,3.8333333333333335,0.0,9,7,0,1,1501.1521951839954,1534.9040052420282,16,0.1358926000205856
2022-08-05,Benfica,Arouca,4,0,H,6,2,1.14,6.5,17.0,3,0,74,31,1.3333333333333333,0.3333333333333333,13.0,5.166666666666667,0.5,0.8333333333333334,5.0,5.0,3.0,14,14,1,0,1630.3707752555022,1420.0988261443608,17,0.15204760082549781
2022-08-06,Rio Ave,Vizela,0,1,A,0,7,2.2,3.2,3.1,0,3,0,33,0.0,0.0,0.0,0.0,1.0,2.0,4.0,3.0,1.0,14,14,0,-1,1500.0,1426.332788746482,0,0.07612801396794593
2022-08-06,Estoril,Famalicao,2,0,H,5,5,2.5,3.0,2.8,3,0,39,39,0.6666666666666666,1.5,5.0,3.0,1.8333333333333333,1.3333333333333333,11.0,4.5,0.5,14,14,-1,3,1440.0824137970744,1498.2219579473722,17,0.15225602793589185
2022-08-06,Porto,Maritimo,5,1,H,7,3,1.16,7.0,10.0,3,0,91,38,2.5,0.5,15.0,6.166666666666667,1.1666666666666667,1.1666666666666667,5.0,4.333333333333333,2.0,14,14,3,-1,1731.7426821893316,1450.2792762420172,17,0.15225602793589185
2022-08-07,Santa Clara,Casa Pia,0,0,D,3,3,1.95,3.0,4.0,1,1,40,0,1.3333333333333333,1.3333333333333333,9.0,3.0,0.0,0.0,0.0,0.0,1.0,14,14,-1,0,1501.9892817276186,1500.0,17,0.15246474075852406
2022-08-07,Sp Braga,Sp Lisbon,3,3,D,7,4,3.75,3.25,1.9,1,1,65,85,1.0,0.5,13.0,4.666666666666667,2.8333333333333335,1.0,15.0,8.0,1.5,14,14,-1,4,1601.6281461939432,1692.8362537715745,17,0.15246474075852406
2022-08-07,Chaves,Guimaraes,0,1,A,2,6,2.7,3.2,2.5,0,3,0,48,0.0,0.0,0.0,0.0,2.0,0.6666666666666666,9.0,4.333333333333333,1.0,14,14,0,1,1500.0,1517.6048112641286,0,0.07623237037926203
2022-08-07,Portimonense,Boavista,0,1,A,8,5,2.0,3.3,3.5,0,3,38,38,0.8333333333333334,1.8333333333333333,9.0,4.333333333333333,1.0,1.8333333333333333,8.0,3.1666666666666665,1.0,14,14,1,0,1437.116234316089,1481.8382476094923,17,0.15246474075852406
2022-08-08,Gil Vicente,Pacos Ferreira,1,0,H,7,5,1.72,3.4,4.5,3,0,51,38,1.3333333333333333,2.3333333333333335,5.0,3.6666666666666665,0.6666666666666666,1.6666666666666667,5.0,2.8333333333333335,2.0,14,14,-1,-2,1518.4513891618951,1458.0464985317021,17,0.15267373968504938
2022-08-12,Famalicao,Sp Braga,0,3,A,5,9,3.6,3.4,2.0,0,3,39,66,1.8333333333333333,1.5,11.0,5.0,1.3333333333333333,1.0,11.0,5.166666666666667,2.0,6,5,-1,0,1480.7350420063642,1605.477884565021,17,0.15351260428198368
2022-08-13,Casa Pia,Benfica,0,1,A,2,4,12.0,5.5,1.25,0,3,1,77,0.0,0.0,1.0,3.0,1.5,0.16666666666666666,13.0,4.833333333333333,1.0,6,8,0,2,1500.0858832574795,1637.2595636087033,0,0.07686151981080658
2022-08-13,Sp Lisbon,Rio Ave,3,0,H,6,1,1.22,6.0,11.0,3,0,86,0,2.8333333333333335,1.3333333333333333,13.0,7.166666666666667,0.0,1.0,0.0,0.0,1.0,6,7,0,-1,1688.9865154004967,1481.8663507793044,17,0.15372303962161316
2022-08-14,Guimaraes,Estoril,1,0,H,3,4,1.95,3.4,3.8,3,0,51,42,2.1666666666666665,0.5,12.0,5.166666666666667,1.0,1.1666666666666667,8.0,3.1666666666666665,2.0,7,8,2,1,1531.8454002880112,1457.5693297380824,17,0.1539337634263649
2022-08-14,Boavista,Santa Clara,2,1,H,5,1,2.45,3.1,2.9,3,0,41,41,1.0,1.8333333333333333,8.0,3.1666666666666665,1.0,1.3333333333333333,7.0,2.8333333333333335,1.5,7,7,1,0,1494.9180366633734,1501.903398470139,17,0.1539337634263649
2022-08-14,Vizela,Porto,0,1,A,1,4,10.0,5.25,1.28,0,3,36,94,1.1666666666666667,1.8333333333333333,7.0,3.8333333333333335,3.1666666666666665,0.6666666666666666,15.0,6.666666666666667,0.0,8,8,1,4,1444.4664379671776,1736.697861853272,17,0.1539337634263649
2022-08-15,Maritimo,Chaves,1,2,A,6,8,2.25,3.3,3.2,0,3,38,0,1.3333333333333333,1.6666666666666667,5.0,4.166666666666667,0.0,1.0,0.0,2.0,1.0,9,8,-2,-1,1445.324096578077,1485.7594109761174,17,0.15414477609166738
2022-08-15,Arouca,Gil Vicente,1,0,H,4,2,2.62,3.4,2.6,3,0,31,54,0.5,1.3333333333333333,5.0,5.166666666666667,1.3333333333333333,2.0,8.0,4.0,2.0,10,7,-1,1,1413.2100377911597,1530.8694627891343,17,0.15414477609166738
2022-08-15,Pacos Ferreira,Portimonense,0,3,A,4,3,2.25,3.25,3.2,0,3,38,38,0.3333333333333333,1.8333333333333333,2.0,2.6666666666666665,0.6666666666666666,2.0,6.0,4.666666666666667,2.0,7,8,-3,-1,1445.628424904463,1424.036445262208,17,0.15414477609166738
2022-08-19,Estoril,Rio Ave,2,2,D,4,7,2.1,3.25,3.75,1,1,42,0,1.0,1.3333333333333333,7.0,2.8333333333333335,0.0,2.0,0.0,0.5,1.0,5,6,-1,-2,1445.728109067389,1474.8808059186954,18,0.154991723285942
2022-08-20,Santa Clara,Arouca,1,2,A,3,4,2.05,3.25,3.75,0,3,41,34,1.0,1.5,6.0,2.6666666666666665,0.5,1.1666666666666667,7.0,4.666666666666667,2.0,6,5,-1,1,1486.6018567879867,1433.1041264083444,18,0.15520418620442342
2022-08-20,Chaves,Vizela,1,1,D,3,4,2.25,3.3,3.25,1,1,3,36,1.0,1.0,3.0,5.0,1.1666666666666667,1.8333333333333333,7.0,3.5,1.0,5,6,1,-1,1499.0215175281867,1439.7623833533444,1,0.07760209310221171
2022-08-20,Porto,Sp Lisbon,3,0,H,5,4,2.1,3.3,3.5,3,0,97,89,2.1666666666666665,0.6666666666666666,15.0,5.333333333333333,3.3333333333333335,1.0,16.0,7.5,1.0,6,7,5,1,1741.4019164671051,1695.9720602611058,18,0.15520418620442342
2022-08-21,Sp Braga,Maritimo,5,0,H,9,1,1.36,4.5,9.0,3,0,69,38,1.8333333333333333,1.0,13.0,6.333333333333333,0.8333333333333334,2.0,2.0,4.333333333333333,1.5,9,6,1,-3,1615.3123785322966,1432.0619900260076,18,0.1554169403674356
2022-08-21,Portimonense,Guimaraes,2,1,H,5,6,2.62,3.3,2.55,3,0,41,54,1.1666666666666667,0.8333333333333334,9.0,4.833333333333333,1.6666666666666667,0.5,12.0,4.333333333333333,2.0,6,7,1,3,1439.9674476898365,1543.6866209587047,18,0.1554169403674356
2022-08-21,Casa Pia,Boavista,2,0,H,4,4,2.45,3.1,3.0,3,0,1,44,0.0,0.5,1.0,2.5,1.3333333333333333,1.3333333333333333,11.0,4.0,1.0,8,7,-1,2,1490.7184729884918,1510.2195783455259,1,0.0777084701837178
2022-08-22,Gil Vicente,Famalicao,0,0,D,5,2,2.2,3.5,3.2,1,1,54,39,1.0,1.8333333333333333,7.0,3.5,1.5,1.6666666666666667,10.0,5.333333333333333,2.0,7,10,-1,-2,1510.9753741719496,1470.9005480390886,18,0.15562998617421717
2022-08-26,Pacos Ferreira,Estoril,0,3,A,4,7,2.62,3.2,2.8,0,3,38,43,0.3333333333333333,1.6666666666666667,2.0,3.3333333333333335,1.0,1.3333333333333333,7.0,3.1666666666666665,0.5,11,7,-4,0,1429.6974224768344,1446.9837866445198,18,0.156485093842977
2022-08-27,Maritimo,Portimonense,0,1,A,4,6,2.75,3.2,2.6,0,3,38,44,0.5,2.5,1.0,4.0,1.3333333333333333,1.0,9.0,4.5,1.5,6,6,-4,2,1424.3132824719858,1459.3169189457146,18,0.1566996038763636
2022-08-27,Boavista,Benfica,0,3,A,0,6,8.5,4.75,1.36,0,3,44,80,1.3333333333333333,1.1666666666666667,11.0,4.5,1.3333333333333333,0.16666666666666666,13.0,4.833333333333333,0.5,6,14,-1,3,1494.3785309836883,1646.626973877691,18,0.1566996038763636
2022-08-27,Sp Lisbon,Chaves,0,2,A,10,5,1.18,7.0,19.0,0,3,89,4,2.8333333333333335,1.5,13.0,7.333333333333333,1.0,1.0,4.0,4.333333333333333,1.0,7,7,-1,0,1682.9223225574844,1496.48761892953,18,0.1566996038763636
2022-08-28,Famalicao,Santa Clara,1,0,H,4,2,2.15,3.4,3.3,3,0,40,41,1.5,1.6666666666666667,10.0,5.666666666666667,0.8333333333333334,1.5,5.0,2.6666666666666665,2.0,6,8,0,-2,1472.623085033095,1469.310256429821,18,0.15691440796046965
2022-08-28,Arouca,Sp Braga,0,6,A,4,10,5.0,3.75,1.66,0,3,37,72,0.6666666666666666,1.0,10.0,4.5,2.5,1.0,13.0,7.0,0.0,8,7,2,2,1450.39572676651,1623.0610860863185,18,0.15691440796046965
2022-08-28,Rio Ave,Porto,3,1,H,4,10,10.0,5.5,1.3,3,0,1,100,0.6666666666666666,2.0,1.0,2.6666666666666665,2.6666666666666665,0.5,18.0,5.666666666666667,1.0,9,8,0,6,1473.6251283415645,1754.4516541707264,1,0.07845720398023483
2022-08-29,Guimaraes,Casa Pia,0,1,A,2,2,1.95,3.4,4.0,0,3,54,4,1.6666666666666667,0.6666666666666666,11.0,4.833333333333333,0.6666666666666666,0.3333333333333333,4.0,3.0,1.0,8,8,-1,1,1524.3371497028265,1506.5595203503294,18,0.15712950649838034
2022-08-29,Vizela,Gil Vicente,2,2,D,9,4,2.3,3.3,3.0,1,1,37,55,1.0,1.8333333333333333,5.0,3.1666666666666665,0.8333333333333334,1.6666666666666667,7.0,3.8333333333333335,0.5,9,7,0,0,1442.296281952001,1509.252837177943,18,0.15712950649838034
2022-08-30,Benfica,Pacos Ferreira,3,2,H,6,2,1.06,11.0,29.0,3,0,83,38,1.8333333333333333,0.16666666666666666,15.0,5.0,0.16666666666666666,2.0,1.0,3.6666666666666665,3.0,3,4,4,-5,1655.4446264025767,1415.4431195932564,18,0.15734489989373343
2022-09-02,Benfica,Vizela,2,1,H,6,2,1.2,7.0,15.0,3,0,86,38,2.1666666666666665,0.5,15.0,5.333333333333333,1.0,1.5,6.0,4.333333333333333,2.0,3,4,5,0,1661.467384916888,1445.1517654951133,19,0.1579928532691293
2022-09-02,Estoril,Sp Lisbon,0,2,A,0,4,6.5,4.33,1.45,0,3,46,89,1.3333333333333333,0.8333333333333334,10.0,3.8333333333333335,2.1666666666666665,1.6666666666666667,10.0,6.833333333333333,0.0,7,6,1,-2,1461.2380895280978,1660.5661476340058,19,0.1579928532691293
2022-09-03,Sp Braga,Guimaraes,1,0,H,2,3,1.36,4.75,8.0,3,0,75,54,3.3333333333333335,1.0,13.0,7.166666666666667,1.5,0.6666666666666666,10.0,5.0,0.5,6,5,3,-2,1631.1651126952945,1508.5702968820292,19,0.15820943014170738
2022-09-03,Gil Vicente,Porto,0,2,A,2,4,7.0,4.33,1.44,0,3,56,100,1.0,1.3333333333333333,8.0,4.333333333333333,2.1666666666666665,0.6666666666666666,15.0,6.0,0.5,5,6,0,-1,1506.3973536348308,1729.4220184016947,19,0.15820943014170738
2022-09-04,Casa Pia,Arouca,0,0,D,1,1,2.0,3.1,3.8,1,1,7,37,0.75,0.25,7.0,2.75,0.5,2.0,7.0,4.166666666666667,1.0,6,7,2,-1,1522.3263731711268,1442.291700157534,2,0.07921315194911581
2022-09-04,Santa Clara,Maritimo,2,1,H,4,5,2.0,3.2,3.6,3,0,41,38,0.6666666666666666,1.5,4.0,2.8333333333333335,0.5,2.5,1.0,3.8333333333333335,0.5,7,8,-3,-5,1454.4532784033827,1410.8194184860836,19,0.15842630389823162
2022-09-04,Portimonense,Famalicao,1,0,H,1,1,2.2,3.2,3.2,3,0,47,43,1.5,0.8333333333333334,12.0,4.833333333333333,1.1666666666666667,1.5,10.0,5.166666666666667,3.0,8,7,3,1,1472.8107829316168,1487.4800630595334,19,0.15842630389823162
2022-09-05,Boavista,Pacos Ferreira,1,0,H,3,1,2.0,3.3,3.8,3,0,44,38,1.0,1.5,8.0,4.166666666666667,0.3333333333333333,2.3333333333333335,0.0,3.1666666666666665,2.0,9,6,-2,-6,1485.5608784588026,1409.420361078945,19,0.158643474945671
2022-09-05,Chaves,Rio Ave,1,1,D,6,3,2.5,3.0,2.87,1,1,7,4,1.25,0.75,7.0,4.5,1.25,1.75,4.0,3.0,1.0,9,8,1,1,1518.8437938530087,1498.6547641105963,2,0.0793217374728355
2022-09-09,Guimaraes,Santa Clara,1,0,H,3,4,1.95,3.4,4.0,3,0,54,44,1.3333333333333333,0.6666666666666666,9.0,4.666666666666667,0.6666666666666666,1.6666666666666667,4.0,2.3333333333333335,0.5,6,5,-3,1,1498.6538894402458,1467.5792953191972,19,0.1595151402035018
2022-09-10,Famalicao,Benfica,0,1,A,2,7,7.0,4.5,1.4,0,3,43,89,0.6666666666666666,1.3333333333333333,7.0,4.666666666666667,2.5,0.5,18.0,6.0,0.5,6,8,-1,6,1471.847115392662,1668.173282688596,19,0.15973380382960448
2022-09-10,Sp Lisbon,Portimonense,4,0,H,7,1,1.33,5.5,8.0,3,0,92,50,2.0,1.3333333333333333,10.0,6.166666666666667,1.3333333333333333,0.3333333333333333,15.0,4.5,3.0,8,6,1,4,1667.7949421157418,1488.4437305984882,19,0.15973380382960448
2022-09-10,Porto,Chaves,3,0,H,7,1,1.14,7.0,19.0,3,0,103,8,2.3333333333333335,0.6666666666666666,15.0,5.833333333333333,1.2,0.8,8.0,4.8,1.0,7,5,1,0,1735.928971587069,1517.9731431050975,19,0.15973380382960448
2022-09-11,Arouca,Boavista,1,2,A,1,4,2.7,3.1,2.75,0,3,38,47,0.5,1.8333333333333333,8.0,3.6666666666666665,1.0,1.3333333333333333,10.0,3.6666666666666665,1.5,7,6,0,1,1445.6872250406782,1497.3252616867296,19,0.15995276720017856
2022-09-11,Pacos Ferreira,Casa Pia,2,3,A,8,5,2.8,3.1,2.62,0,3,38,8,0.3333333333333333,2.1666666666666665,0.0,3.3333333333333335,0.6,0.2,8.0,2.4,1.0,6,7,-7,0,1397.655977851018,1518.9308482879826,19,0.15995276720017856
2022-09-11,Rio Ave,Sp Braga,2,3,A,5,11,5.75,4.0,1.57,0,3,5,78,1.2,1.6,5.0,3.0,3.3333333333333335,1.0,13.0,7.166666666666667,1.0,6,8,0,4,1499.5254148585075,1641.0815201370779,2,0.07997638360008928
2022-09-11,Maritimo,Gil Vicente,1,2,A,4,5,2.75,3.2,2.62,0,3,38,56,0.5,2.6666666666666665,0.0,4.166666666666667,0.5,1.6666666666666667,5.0,4.0,0.5,7,8,-6,-1,1397.693401570269,1499.8904004494564,19,0.15995276720017856
2022-09-12,Vizela,Estoril,0,1,A,7,2,2.2,3.3,3.25,0,3,38,46,1.0,1.6666666666666667,5.0,4.166666666666667,1.1666666666666667,1.1666666666666667,7.0,3.5,2.0,10,10,-1,-1,1438.4458677234054,1454.0092950463618,19,0.16017203072611425
2022-09-16,Portimonense,Chaves,1,0,H,6,4,2.1,3.25,3.5,3,0,50,8,1.1666666666666667,1.0,12.0,4.0,1.0,1.1666666666666667,8.0,4.166666666666667,1.0,6,6,-1,-1,1480.5653241844389,1511.3162797646212,20,0.16105209462100795
2022-09-17,Gil Vicente,Rio Ave,2,2,D,7,5,1.95,3.3,3.8,1,1,59,5,0.8333333333333334,1.0,8.0,4.166666666666667,1.3333333333333333,1.8333333333333333,5.0,3.3333333333333335,1.0,6,6,1,-1,1510.6011974203643,1490.319755640653,20,0.16127286510684605
2022-09-17,Santa Clara,Pacos Ferreira,1,1,D,2,4,2.0,3.3,3.75,1,1,44,38,0.6666666666666666,1.1666666666666667,4.0,2.8333333333333335,0.6666666666666666,2.3333333333333335,0.0,4.0,1.5,8,6,-1,-8,1453.917327434424,1387.6890643357087,20,0.16127286510684605
2022-09-17,Estoril,Porto,1,1,D,4,4,9.5,5.0,1.3,1,1,49,106,1.3333333333333333,0.8333333333333334,10.0,3.6666666666666665,2.5,0.6666666666666666,15.0,6.166666666666667,0.0,5,7,1,2,1468.3378169464188,1742.5858349275454,20,0.16127286510684605
2022-09-17,Boavista,Sp Lisbon,2,1,H,3,3,6.5,4.33,1.45,3,0,50,95,1.0,1.1666666666666667,12.0,3.5,2.0,1.3333333333333333,10.0,5.833333333333333,0.0,6,7,2,2,1510.1121402557328,1675.6733485297912,20,0.16127286510684605
2022-09-18,Benfica,Maritimo,5,0,H,12,1,1.11,9.0,21.0,3,0,92,38,2.3333333333333335,0.5,18.0,5.833333333333333,0.6666666666666666,2.8333333333333335,0.0,3.8333333333333335,3.0,8,7,7,-7,1675.4973170348949,1386.9826045993611,20,0.1614939382252425
2022-09-18,Arouca,Guimaraes,2,2,D,6,5,3.0,3.2,2.37,1,1,38,57,0.6666666666666666,2.1666666666666665,7.0,2.6666666666666665,0.6666666666666666,0.6666666666666666,9.0,3.8333333333333335,2.0,7,9,-1,1,1432.900346471675,1512.3158573250191,20,0.1614939382252425
2022-09-18,Sp Braga,Vizela,2,0,H,10,6,1.3,5.0,9.5,3,0,81,38,3.5,0.8333333333333334,16.0,8.0,0.8333333333333334,1.1666666666666667,5.0,5.0,3.0,7,6,5,-2,1650.2871793549323,1424.1173458233484,20,0.1614939382252425
2022-09-18,Casa Pia,Famalicao,1,0,H,6,1,2.37,3.0,3.2,3,0,11,43,1.0,0.5,11.0,2.8333333333333335,0.16666666666666666,1.1666666666666667,4.0,3.1666666666666665,1.0,7,8,1,-2,1528.8977618032918,1464.5230810463631,3,0.08074696911262125
2022-09-30,Sp Lisbon,Gil Vicente,3,1,H,7,4,1.3,5.0,9.5,3,0,95,60,1.6666666666666667,1.1666666666666667,9.0,5.666666666666667,1.0,1.3333333333333333,6.0,4.166666666666667,3.0,13,13,-1,0,1654.0215227407,1509.726570427168,20,0.16417057256147524
2022-09-30,Porto,Sp Braga,4,1,H,7,0,1.75,3.8,4.0,3,0,107,84,1.8333333333333333,0.6666666666666666,13.0,5.666666666666667,3.3333333333333335,0.3333333333333333,18.0,8.5,1.5,13,12,0,6,1732.7152315032458,1656.7023493180955,20,0.16417057256147524
2022-10-01,Vizela,Portimonense,1,0,H,6,7,2.15,3.3,3.25,3,0,38,53,0.6666666666666666,1.5,2.0,4.833333333333333,1.3333333333333333,0.8333333333333334,15.0,3.6666666666666665,1.0,13,14,-3,1,1417.7021758601852,1496.8894937330838,20,0.16439561786218995
2022-10-01,Chaves,Estoril,1,1,D,3,3,2.25,3.1,3.2,1,1,8,50,1.0,1.1666666666666667,8.0,4.5,1.1666666666666667,1.0,8.0,3.5,1.0,14,14,-2,0,1494.9921102159763,1478.2084203707184,3,0.08219780893109498
2022-10-01,Guimaraes,Benfica,0,0,D,1,1,7.5,5.0,1.36,1,1,58,95,0.8333333333333334,1.0,7.0,3.6666666666666665,2.5,0.5,18.0,6.833333333333333,0.0,13,13,0,8,1508.9457042436122,1680.2868587432313,20,0.16439561786218995
2022-10-02,Rio Ave,Santa Clara,1,0,H,3,1,2.45,3.2,2.8,3,0,6,45,1.6666666666666667,2.0,6.0,4.166666666666667,0.8333333333333334,1.3333333333333333,4.0,2.6666666666666665,1.0,14,14,0,0,1491.1943826338493,1451.0921593819808,3,0.08231048582769325
2022-10-02,Pacos Ferreira,Arouca,1,1,D,3,4,2.2,3.2,3.2,1,1,39,39,0.8333333333333334,2.3333333333333335,1.0,3.8333333333333335,1.0,1.8333333333333333,8.0,3.3333333333333335,2.0,14,14,0,0,1390.5142323881519,1436.270499553082,20,0.1646209716553865
2022-10-02,Famalicao,Boavista,4,0,H,4,1,2.2,3.2,3.3,3,0,43,53,0.16666666666666666,1.0,4.0,2.5,1.1666666666666667,1.3333333333333333,12.0,3.1666666666666665,1.5,14,14,-3,3,1452.2709854134628,1531.763966044824,20,0.1646209716553865
2022-10-03,Maritimo,Casa Pia,1,2,A,3,2,2.75,3.2,2.5,0,3,38,14,0.5,2.8333333333333335,0.0,3.5,1.1666666666666667,0.5,13.0,3.3333333333333335,1.0,14,14,-8,2,1382.1930628910247,1541.1498574361922,20,0.1648466343639469
2022-10-07,Gil Vicente,Estoril,0,1,A,3,3,2.1,3.4,3.25,0,3,60,51,1.1666666666666667,1.6666666666666667,6.0,4.5,1.3333333333333333,1.0,9.0,3.3333333333333335,1.0,7,6,-1,0,1500.6212047185697,1478.932467384749,21,0.16575238282977314
2022-10-08,Santa Clara,Sp Lisbon,1,2,A,6,3,5.75,4.0,1.5,0,3,45,98,0.6666666666666666,1.1666666666666667,4.0,2.6666666666666665,1.6666666666666667,1.3333333333333333,9.0,5.833333333333333,1.5,6,8,-1,1,1437.8158635958534,1663.1268884492983,21,0.16597959647870003
2022-10-08,Benfica,Rio Ave,4,2,H,10,3,1.16,7.0,13.0,3,0,96,9,2.3333333333333335,0.5,16.0,6.333333333333333,1.8333333333333333,1.5,9.0,4.5,1.0,7,6,0,1,1673.4360516253203,1504.4706784199766,21,0.16597959647870003
2022-10-08,Portimonense,Porto,0,2,A,3,7,7.0,4.75,1.4,0,3,53,110,0.8333333333333334,1.0,12.0,4.333333333333333,2.3333333333333335,0.8333333333333334,13.0,6.166666666666667,0.0,7,8,-1,1,1478.5286965937962,1744.4848692010262,21,0.16597959647870003
2022-10-08,Pacos Ferreira,Guimaraes,0,1,A,7,2,3.1,3.2,2.3,0,3,40,59,1.0,2.0,2.0,3.6666666666666665,0.6666666666666666,1.0,5.0,3.3333333333333335,0.0,6,7,0,0,1392.4783470584553,1515.7965113615232,21,0.16597959647870003
2022-10-09,Boavista,Maritimo,1,1,D,5,3,1.9,3.4,4.2,1,1,53,38,0.8333333333333334,1.8333333333333333,9.0,2.5,0.5,2.8333333333333335,0.0,3.0,0.5,7,6,-1,-9,1513.390637319758,1373.6139065085727,21,0.1662071215924841
2022-10-09,Casa Pia,Vizela,0,1,A,5,5,2.37,3.1,3.0,0,3,17,41,1.5,0.5,16.0,3.3333333333333335,0.8333333333333334,1.3333333333333333,5.0,5.666666666666667,1.0,6,8,3,1,1549.7290138186443,1436.0629729994728,4,0.08310356079624205
2022-10-09,Sp Braga,Chaves,0,1,A,5,1,1.28,5.5,9.0,0,3,84,9,3.0,1.0,15.0,7.0,0.8333333333333334,1.1666666666666667,6.0,3.6666666666666665,1.0,9,8,-1,0,1644.932711620315,1494.2680632019456,21,0.1662071215924841
2022-10-10,Arouca,Famalicao,4,1,H,7,5,2.62,3.25,2.55,3,0,40,46,1.0,2.0,6.0,3.3333333333333335,0.8333333333333334,0.5,7.0,2.3333333333333335,2.0,8,8,0,1,1434.3063848827785,1470.6443141385287,21,0.16643495859808205
2022-10-21,Porto,Benfica,0,1,A,4,4,2.3,3.25,3.0,0,3,113,99,2.1666666666666665,0.8333333333333334,13.0,6.5,2.5,0.8333333333333334,16.0,7.0,3.0,13,13,2,1,1749.8204374814804,1681.666672672601,21,0.16896187321641426
2022-10-22,Famalicao,Pacos Ferreira,2,1,H,2,1,1.66,3.5,4.75,3,0,46,40,1.0,1.1666666666666667,6.0,2.8333333333333335,1.0,1.6666666666666667,2.0,4.166666666666667,0.5,12,14,-1,-1,1454.0811751187143,1382.589562616034,21,0.16919348644023405
2022-10-22,Estoril,Sp Braga,0,2,A,2,7,4.5,3.75,1.66,0,3,54,84,1.1666666666666667,0.6666666666666666,11.0,3.1666666666666665,2.1666666666666665,1.1666666666666667,12.0,6.333333333333333,0.5,14,13,1,-2,1494.8676310132576,1623.807232943685,21,0.16919348644023405
2022-10-22,Sp Lisbon,Casa Pia,3,1,H,10,3,1.28,5.0,9.0,3,0,101,17,2.0,1.0,12.0,5.666666666666667,1.1666666666666667,0.6666666666666666,13.0,3.5,1.0,14,13,2,-1,1669.5670265258498,1529.9895530094852,21,0.16919348644023405
2022-10-23,Vizela,Santa Clara,0,1,A,3,2,1.9,3.3,3.8,0,3,44,45,0.8333333333333334,1.1666666666666667,7.0,5.833333333333333,0.6666666666666666,1.1666666666666667,4.0,3.1666666666666665,0.5,14,14,2,-2,1455.8024338086318,1431.375725519302,21,0.16942541715985587
2022-10-23,Maritimo,Arouca,1,1,D,4,5,2.55,3.1,2.7,1,1,39,43,0.6666666666666666,2.1666666666666665,1.0,3.3333333333333335,1.3333333333333333,2.0,6.0,3.8333333333333335,2.0,14,13,0,1,1379.3427598397577,1450.8695239025928,21,0.16942541715985587
2022-10-23,Guimaraes,Boavista,3,2,H,9,2,2.0,3.3,3.5,3,0,62,54,0.6666666666666666,0.6666666666666666,8.0,2.6666666666666665,1.0,1.6666666666666667,10.0,2.6666666666666665,1.0,14,14,1,0,1525.6852958039444,1507.661783988573,21,0.16942541715985587
2022-10-23,Chaves,Gil Vicente,3,1,H,9,3,2.5,3.4,2.6,3,0,12,60,0.8333333333333334,1.0,8.0,3.3333333333333335,1.1666666666666667,1.8333333333333333,5.0,4.166666666666667,1.0,14,14,1,-2,1515.3935418785757,1484.6860410900613,4,0.08471270857992794
2022-10-24,Rio Ave,Portimonense,1,0,H,4,3,2.45,3.3,2.7,3,0,9,53,1.8333333333333333,1.8333333333333333,8.0,3.8333333333333335,0.5,1.1666666666666667,9.0,4.0,1.0,14,14,-1,-2,1496.240057372696,1473.193128313342,4,0.08482883290525177
2022-10-28,Pacos Ferreira,Maritimo,0,1,A,4,7,2.25,3.2,3.3,0,3,40,40,0.8333333333333334,1.5,2.0,4.0,0.8333333333333334,2.1666666666666665,2.0,3.3333333333333335,1.5,6,5,-2,0,1370.6332665408822,1382.3879188634105,22,0.1705898484487263
2022-10-29,Santa Clara,Porto,1,1,D,5,4,7.5,4.5,1.4,1,1,48,113,0.8333333333333334,1.0,7.0,3.1666666666666665,2.0,0.5,13.0,5.5,0.0,6,8,1,-1,1447.428577148925,1731.9151722110212,22,0.17082369330376962
2022-10-29,Benfica,Chaves,5,0,H,9,2,1.18,7.0,13.0,3,0,102,15,2.1666666666666665,0.5,16.0,6.666666666666667,1.0,1.1666666666666667,8.0,4.0,1.0,8,6,2,2,1699.5719379430602,1529.071233824238,22,0.17082369330376962
2022-10-29,Arouca,Sp Lisbon,1,0,H,5,7,7.0,4.2,1.45,3,0,44,104,1.5,1.1666666666666667,7.0,4.0,2.5,0.8333333333333334,15.0,5.666666666666667,0.0,6,7,0,3,1447.82436487894,1678.8455226049357,22,0.17082369330376962
2022-10-30,Casa Pia,Rio Ave,1,0,H,2,0,2.0,3.2,3.8,3,0,17,12,1.1666666666666667,1.1666666666666667,10.0,3.6666666666666665,1.5,1.6666666666666667,8.0,3.8333333333333335,1.0,8,6,-2,1,1520.7110569303993,1510.2464983369878,5,0.08552892935686944
2022-10-30,Gil Vicente,Sp Braga,0,1,A,3,6,4.5,3.8,1.72,0,3,60,87,1.0,2.0,4.0,4.0,1.5,1.1666666666666667,12.0,5.833333333333333,1.5,7,8,-3,1,1471.0083491443988,1633.4826944296472,22,0.17105785871373888
2022-10-30,Boavista,Vizela,2,2,D,4,5,2.4,3.25,2.87,1,1,54,44,1.3333333333333333,1.6666666666666667,10.0,3.0,0.5,1.0,6.0,4.833333333333333,1.0,7,7,-1,-1,1493.4392242787158,1439.749582179009,22,0.17105785871373888
2022-10-30,Portimonense,Estoril,1,1,D,7,5,2.37,3.3,3.0,1,1,53,54,0.3333333333333333,1.3333333333333333,6.0,3.5,0.6666666666666666,1.0,8.0,2.3333333333333335,0.0,6,8,-3,-1,1459.18668734905,1485.1921695272954,22,0.17105785871373888
2022-10-31,Guimaraes,Famalicao,3,2,H,6,4,1.95,3.6,3.5,3,0,65,49,1.1666666666666667,0.8333333333333334,11.0,3.8333333333333335,1.1666666666666667,1.3333333333333333,6.0,2.5,3.0,8,9,2,1,1539.9078555138017,1466.0374711938662,22,0.17129234511805122
2022-11-04,Gil Vicente,Portimonense,1,2,A,6,7,2.2,3.25,3.2,0,3,60,54,1.0,1.8333333333333333,4.0,4.166666666666667,0.3333333333333333,1.5,4.0,4.5,3.0,5,5,-4,0,1462.5526916717374,1460.3073422278962,23,0.17223350948817676
2022-11-05,Vizela,Arouca,0,1,A,6,2,1.9,3.25,4.5,0,3,45,47,0.6666666666666666,1.0,7.0,5.333333333333333,1.6666666666666667,1.1666666666666667,9.0,4.666666666666667,3.0,6,7,0,1,1442.0492739675685,1471.5489124148255,22,0.17246960747657478
2022-11-05,Porto,Pacos Ferreira,4,0,H,7,3,1.12,8.0,21.0,3,0,114,40,1.8333333333333333,0.6666666666666666,11.0,5.5,0.8333333333333334,1.5,2.0,4.5,3.0,7,8,0,-3,1721.7987799141765,1356.1405621329998,22,0.17246960747657478
2022-11-05,Sp Lisbon,Guimaraes,3,0,H,6,0,1.33,5.25,8.0,3,0,104,68,2.1666666666666665,1.0,12.0,6.166666666666667,1.6666666666666667,1.0,14.0,4.333333333333333,3.0,7,5,-1,3,1655.1209750690502,1551.7658184583067,22,0.17246960747657478
2022-11-06,Rio Ave,Boavista,1,0,H,1,1,2.45,3.1,3.0,3,0,12,55,1.3333333333333333,1.6666666666666667,7.0,3.3333333333333335,1.5,2.0,8.0,3.1666666666666665,1.0,7,7,-1,0,1495.6981530795997,1491.1395324901562,5,0.08635301455424887
2022-11-06,Maritimo,Famalicao,0,0,D,3,3,2.75,3.2,2.55,1,1,43,49,0.8333333333333334,1.8333333333333333,5.0,3.6666666666666665,1.5,1.6666666666666667,6.0,3.0,0.5,9,6,1,-1,1396.880623271293,1454.179508249361,22,0.17270602910849775
2022-11-06,Sp Braga,Casa Pia,0,1,A,8,3,1.4,5.0,7.0,0,3,90,20,1.5,1.1666666666666667,12.0,6.5,1.3333333333333333,1.1666666666666667,12.0,3.8333333333333335,1.0,7,7,2,1,1641.9383519023086,1535.2594021877874,22,0.17270602910849775
2022-11-06,Estoril,Benfica,1,5,A,3,7,8.5,5.75,1.3,0,3,55,105,0.8333333333333334,0.8333333333333334,9.0,3.1666666666666665,2.6666666666666665,0.3333333333333333,16.0,7.166666666666667,0.5,7,8,0,3,1484.0715146484492,1707.7498788381363,22,0.17270602910849775
2022-11-07,Chaves,Santa Clara,0,0,D,4,2,2.3,3.25,3.1,1,1,15,49,0.8333333333333334,1.8333333333333333,7.0,3.3333333333333335,0.6666666666666666,1.0,5.0,3.3333333333333335,1.0,9,9,-1,0,1520.8932929291618,1457.5449694457698,5,0.0864713874137984
2022-11-12,Arouca,Rio Ave,0,1,A,0,5,2.25,3.2,3.25,0,3,50,15,1.6666666666666667,0.8333333333333334,12.0,4.833333333333333,1.1666666666666667,1.1666666666666667,10.0,2.6666666666666665,1.0,7,6,2,1,1485.2783623787373,1510.5013529013033,23,0.17413138030113867
2022-11-12,Boavista,Porto,1,4,A,0,9,8.5,4.75,1.33,0,3,55,117,1.1666666666666667,2.0,5.0,2.6666666666666665,2.0,0.6666666666666666,11.0,5.5,0.0,6,7,-1,1,1476.3363326684525,1725.057430361198,23,0.17413138030113867
2022-11-13,Benfica,Gil Vicente,3,1,H,6,2,1.14,8.5,15.0,3,0,108,60,3.3333333333333335,0.5,16.0,7.166666666666667,0.8333333333333334,2.0,1.0,4.333333333333333,1.5,7,9,4,-5,1714.2376777075758,1447.4557534933342,23,0.1743700798940822
2022-11-13,Guimaraes,Maritimo,1,0,H,4,3,1.66,3.6,5.25,3,0,68,44,1.5,1.5,11.0,3.8333333333333335,0.6666666666666666,1.5,6.0,3.5,3.0,8,7,-1,0,1541.1008908653346,1399.332228588435,23,0.1743700798940822
2022-11-13,Pacos Ferreira,Vizela,0,2,A,5,9,3.1,3.2,2.37,0,3,40,45,0.5,1.6666666666666667,2.0,3.6666666666666665,0.6666666666666666,1.0,7.0,5.166666666666667,2.0,8,8,-4,-1,1352.8819116859784,1428.3198240036568,23,0.1743700798940822
2022-11-13,Portimonense,Sp Braga,1,2,A,5,10,5.0,3.75,1.66,0,3,57,90,0.6666666666666666,1.0,7.0,5.5,1.0,1.0,9.0,6.0,0.0,9,7,1,-1,1475.4042804062994,1622.4721320474591,23,0.1743700798940822
2022-11-13,Famalicao,Sp Lisbon,1,2,A,2,8,5.5,3.75,1.65,0,3,50,107,1.5,1.5,7.0,3.1666666666666665,2.0,1.0,12.0,6.0,0.5,7,8,0,1,1451.727902932219,1665.7859026620224,22,0.1743700798940822
2022-11-13,Casa Pia,Chaves,1,2,A,4,4,2.0,3.4,3.75,0,3,23,16,1.0,0.8333333333333334,12.0,3.5,0.8333333333333334,1.3333333333333333,8.0,3.8333333333333335,1.0,7,6,2,0,1554.7256220426368,1518.1882359441395,6,0.1743700798940822
2022-11-14,Santa Clara,Estoril,3,1,H,9,1,2.25,3.2,3.2,3,0,50,55,0.6666666666666666,0.8333333333333334,6.0,3.0,0.8333333333333334,1.6666666666666667,6.0,3.3333333333333335,2.0,7,8,0,-1,1460.250026430792,1477.5837157790097,23,0.1746091066968347
2022-12-23,Rio Ave,Maritimo,1,1,D,5,1,2.0,3.5,3.8,1,1,18,44,1.0,0.8333333333333334,12.0,2.6666666666666665,0.6666666666666666,0.8333333333333334,6.0,3.8333333333333335,1.0,14,14,2,-1,1524.4142979360136,1390.1343749873363,6,0.184191219992642
2022-12-28,Portimonense,Casa Pia,1,2,A,2,7,2.38,3.1,3.1,0,3,57,23,0.6666666666666666,1.3333333333333333,4.0,5.333333333333333,1.0,1.1666666666666667,9.0,3.1666666666666665,1.0,14,14,-1,-1,1466.3998240805452,1538.1539658036052,24,0.18545713406439127
2022-12-28,Porto,Arouca,5,1,H,11,2,1.11,8.0,23.0,3,0,120,50,2.5,0.6666666666666666,13.0,6.333333333333333,1.3333333333333333,0.6666666666666666,11.0,3.8333333333333335,3.0,14,14,2,-1,1730.8421977582566,1471.365417344027,23,0.18545713406439127
2022-12-29,Gil Vicente,Santa Clara,1,0,H,5,1,2.15,3.2,3.5,3,0,60,53,0.6666666666666666,2.1666666666666665,0.0,3.5,1.0,0.8333333333333334,8.0,4.166666666666667,0.5,14,14,-6,1,1442.1410047142067,1475.9977616761473,24,0.18571135901989952
2022-12-29,Sp Lisbon,Pacos Ferreira,3,0,H,5,1,1.13,8.0,21.0,3,0,110,40,2.1666666666666665,0.8333333333333334,15.0,6.833333333333333,0.3333333333333333,1.8333333333333333,1.0,3.8333333333333335,3.0,14,14,2,-5,1672.5597122302088,1341.0885934083265,23,0.18571135901989952
2022-12-30,Vizela,Guimaraes,3,0,H,4,3,2.2,3.25,3.3,3,0,48,71,1.0,0.6666666666666666,10.0,5.666666666666667,1.3333333333333333,1.1666666666666667,13.0,3.6666666666666665,1.5,14,14,1,1,1440.1131422813087,1550.2987444664334,23,0.18596593246741017
2022-12-30,Sp Braga,Benfica,3,0,H,6,3,4.5,3.8,1.7,3,0,93,111,1.0,1.1666666666666667,9.0,6.0,3.0,0.6666666666666666,16.0,6.166666666666667,1.5,14,14,1,5,1631.4765883732134,1719.5524264867033,23,0.18596593246741017
2022-12-30,Chaves,Famalicao,0,2,A,3,6,2.5,3.2,2.8,0,3,19,50,1.1666666666666667,1.3333333333333333,11.0,3.8333333333333335,1.6666666666666667,1.6666666666666667,7.0,3.3333333333333335,1.0,14,14,1,-1,1534.7598921831711,1444.9540933640326,6,0.18596593246741017
2023-01-05,Santa Clara,Sp Braga,0,4,A,0,13,5.0,3.6,1.65,0,3,53,96,1.0,0.8333333333333334,8.0,4.166666666666667,1.3333333333333333,0.5,12.0,7.0,1.0,7,6,-1,2,1459.5406572972456,1650.1997137781407,24,0.1875007182823656
2023-01-06,Benfica,Portimonense,1,0,H,12,0,1.14,6.0,21.0,3,0,111,57,3.0,1.1666666666666667,15.0,6.5,0.8333333333333334,1.5,4.0,4.5,1.5,7,9,-1,-2,1700.829301081776,1454.454393957307,24,0.18775774458660335
2023-01-06,Famalicao,Vizela,2,1,H,3,4,2.38,3.2,3.0,3,0,53,51,1.3333333333333333,1.6666666666666667,7.0,3.6666666666666665,1.3333333333333333,0.6666666666666666,10.0,5.333333333333333,1.0,7,7,1,2,1463.7472187281307,1459.7169167540499,23,0.18775774458660335
2023-01-07,Arouca,Estoril,2,0,H,7,3,2.2,3.3,3.3,3,0,50,55,1.3333333333333333,1.3333333333333333,10.0,3.5,0.8333333333333334,2.0,5.0,2.8333333333333335,1.5,10,14,-2,-2,1465.8642646486671,1461.8359805336545,24,0.18801512322293715
2023-01-07,Guimaraes,Rio Ave,0,0,D,2,0,2.0,3.4,3.75,1,1,71,19,1.3333333333333333,1.6666666666666667,12.0,4.0,1.0,1.0,10.0,3.0,1.0,8,14,-1,0,1530.6949699936922,1518.8893597283773,24,0.18801512322293715
2023-01-07,Casa Pia,Porto,0,0,D,0,9,9.0,4.5,1.36,1,1,26,123,1.0,1.1666666666666667,9.0,4.0,2.6666666666666665,0.6666666666666666,13.0,7.0,1.0,10,10,1,3,1550.0993959268433,1736.3433504536165,7,0.18801512322293715
2023-01-08,Pacos Ferreira,Chaves,1,1,D,4,2,2.75,3.3,2.5,1,1,40,19,0.16666666666666666,2.1666666666666665,0.0,3.5,1.0,1.5,10.0,3.8333333333333335,1.0,10,9,-6,-1,1337.2127635310635,1515.966766819073,24,0.18827285467434432
2023-01-08,Maritimo,Sp Lisbon,1,0,H,2,1,9.0,4.5,1.4,3,0,45,113,0.6666666666666666,0.6666666666666666,7.0,3.5,2.1666666666666665,0.6666666666666666,15.0,6.5,0.5,14,10,0,3,1395.6593131949726,1676.4355421074717,23,0.18827285467434432
2023-01-08,Boavista,Gil Vicente,1,0,H,5,4,2.55,3.25,2.7,3,0,55,63,1.0,2.5,2.0,2.1666666666666665,0.6666666666666666,1.6666666666666667,3.0,3.6666666666666665,0.5,14,10,-2,1,1470.5515652713939,1458.5981090931084,24,0.18827285467434432
2023-01-13,Portimonense,Santa Clara,0,0,D,4,2,1.95,3.3,3.75,1,1,57,53,0.8333333333333334,1.3333333333333333,4.0,4.0,0.8333333333333334,1.1666666666666667,8.0,3.1666666666666665,2.0,7,8,-3,-2,1448.6063021554723,1452.0345213632245,25,0.18956682110808734
2023-01-14,Vizela,Maritimo,3,0,H,9,1,1.75,3.5,4.33,3,0,51,48,1.3333333333333333,1.0,7.0,5.166666666666667,0.6666666666666666,0.5,9.0,3.3333333333333335,0.5,8,6,-1,1,1444.8909110730626,1420.6877481919073,24,0.18982667962960054
2023-01-14,Rio Ave,Pacos Ferreira,0,1,A,6,2,1.85,3.3,4.0,0,3,20,41,0.6666666666666666,0.3333333333333333,11.0,2.5,0.3333333333333333,2.1666666666666665,1.0,3.0,1.0,7,6,0,0,1519.398852824483,1344.3143691255473,7,0.18982667962960054
2023-01-14,Sp Braga,Boavista,1,0,H,4,0,1.29,5.0,10.0,3,0,99,58,2.0,0.3333333333333333,15.0,8.333333333333334,1.1666666666666667,1.8333333333333333,5.0,2.8333333333333335,1.0,9,6,3,1,1657.7058497121618,1485.035696610775,24,0.18982667962960054
2023-01-15,Chaves,Arouca,1,1,D,5,6,2.15,3.2,3.4,1,1,20,53,1.0,1.6666666666666667,8.0,4.0,1.0,1.1666666666666667,10.0,3.5,1.0,7,8,0,1,1508.8651612245892,1480.6903574359173,7,0.19008689436561793
2023-01-15,Benfica,Sp Lisbon,2,2,D,8,3,1.8,3.75,3.8,1,1,114,113,2.5,0.8333333333333334,15.0,6.833333333333333,1.8333333333333333,0.6666666666666666,12.0,6.166666666666667,1.5,9,7,1,-1,1706.6773928836108,1651.407107110537,25,0.19008689436561793
2023-01-15,Porto,Famalicao,4,1,H,9,2,1.18,6.5,15.0,3,0,124,56,2.3333333333333335,0.6666666666666666,11.0,7.333333333333333,1.5,1.1666666666666667,10.0,3.3333333333333335,3.0,8,9,0,2,1728.9934318952558,1478.573224409118,24,0.19008689436561793
2023-01-16,Estoril,Casa Pia,2,0,H,3,0,2.8,3.1,2.45,3,0,55,27,0.6666666666666666,2.1666666666666665,4.0,2.8333333333333335,1.0,1.0,10.0,3.1666666666666665,1.0,9,9,-3,0,1447.0098877464043,1557.449314485204,23,0.1903474658044391
2023-01-16,Gil Vicente,Guimaraes,2,1,H,6,2,2.4,3.1,2.9,3,0,63,72,0.6666666666666666,1.6666666666666667,3.0,3.8333333333333335,1.1666666666666667,1.6666666666666667,10.0,4.0,1.5,8,9,-1,0,1444.1139777537273,1530.1854768975866,25,0.1903474658044391
2023-01-20,Arouca,Portimonense,4,0,H,12,0,2.4,3.25,2.9,3,0,54,58,1.0,1.1666666666666667,10.0,3.6666666666666665,0.8333333333333334,1.1666666666666667,5.0,4.166666666666667,2.0,5,7,0,0,1481.9041020635996,1448.7543054730256,25,0.19139332837719655
2023-01-20,Sp Lisbon,Vizela,2,1,H,8,3,1.29,5.75,8.5,3,0,114,54,1.6666666666666667,0.8333333333333334,10.0,5.0,1.8333333333333333,0.8333333333333334,10.0,6.166666666666667,3.0,5,6,0,1,1653.7733898538536,1458.8476635586828,24,0.19139332837719655
2023-01-21,Pacos Ferreira,Sp Braga,1,2,A,5,10,6.0,4.5,1.44,0,3,44,102,0.3333333333333333,1.8333333333333333,4.0,3.1666666666666665,1.8333333333333333,0.3333333333333333,15.0,7.833333333333333,0.5,7,7,1,4,1366.2924462291282,1665.8097131005097,25,0.19165569067798774
2023-01-21,Santa Clara,Benfica,0,3,A,1,5,9.0,5.25,1.29,0,3,54,115,0.6666666666666666,1.1666666666666667,6.0,3.1666666666666665,2.6666666666666665,1.1666666666666667,13.0,7.5,0.0,8,6,0,0,1451.8865180456712,1704.3111101402942,25,0.19165569067798774
2023-01-21,Guimaraes,Porto,0,1,A,0,2,7.0,4.75,1.4,0,3,72,127,0.8333333333333334,1.6666666666666667,7.0,2.8333333333333335,3.0,0.6666666666666666,14.0,8.166666666666666,0.0,5,6,-1,1,1511.5436701497592,1734.7326665163591,25,0.19165569067798774
2023-01-22,Maritimo,Estoril,1,0,H,2,2,2.5,3.1,3.0,3,0,48,58,0.5,0.8333333333333334,8.0,2.8333333333333335,0.8333333333333334,2.1666666666666665,4.0,2.8333333333333335,0.5,8,6,-1,1,1406.730995706287,1466.6235862022918,24,0.19191841262546808
2023-01-22,Casa Pia,Gil Vicente,1,3,A,5,7,2.3,3.25,3.1,0,3,27,66,0.8333333333333334,0.8333333333333334,10.0,2.6666666666666665,0.8333333333333334,1.3333333333333333,6.0,4.333333333333333,1.0,6,6,-1,1,1537.8356160293165,1462.7557845015547,8,0.19191841262546808
2023-01-22,Famalicao,Rio Ave,0,0,D,5,2,2.05,3.3,3.75,1,1,56,20,1.3333333333333333,1.6666666666666667,7.0,3.3333333333333335,0.5,0.5,8.0,2.8333333333333335,1.0,7,8,-1,-1,1472.8339897880146,1497.420775720902,24,0.19191841262546808
2023-01-23,Boavista,Chaves,1,1,D,3,3,2.2,3.4,3.1,1,1,58,21,1.0,1.8333333333333333,4.0,2.0,0.6666666666666666,1.6666666666666667,6.0,3.3333333333333335,1.0,9,8,-1,0,1476.931833222427,1507.651416596907,25,0.19218149471264181
2023-01-26,Pacos Ferreira,Benfica,0,2,A,3,6,13.0,6.5,1.2,0,3,44,118,0.5,2.0,4.0,3.3333333333333335,2.3333333333333335,1.1666666666666667,13.0,6.833333333333333,0.0,5,5,-1,1,1361.7523630179726,1709.9969836235796,26,0.1929729067525095
2023-01-29,Boavista,Portimonense,4,2,H,10,3,2.1,3.3,3.5,3,0,59,58,0.8333333333333334,1.5,5.0,2.1666666666666665,0.6666666666666666,1.6666666666666667,4.0,3.0,1.6666666666666667,6,9,0,-1,1478.2546588685714,1435.18116999587,26,0.19376757786275636
2023-01-29,Famalicao,Estoril,1,0,H,6,6,2.05,3.3,3.75,3,0,57,58,1.0,1.1666666666666667,8.0,3.5,0.8333333333333334,2.0,4.0,2.8333333333333335,1.3333333333333333,7,7,0,-1,1473.8937182535622,1449.0631277276575,25,0.19376757786275636
2023-01-29,Casa Pia,Santa Clara,2,1,H,8,3,2.0,3.2,4.0,3,0,27,54,0.8333333333333334,1.3333333333333333,7.0,3.1666666666666665,0.5,1.5,5.0,2.5,1.0,7,8,-2,-1,1519.6436906189806,1446.2006445623858,9,0.19376757786275636
2023-01-29,Vizela,Rio Ave,3,1,H,7,2,1.91,3.4,4.0,3,0,54,21,1.6666666666666667,0.8333333333333334,9.0,5.833333333333333,0.5,0.3333333333333333,9.0,3.1666666666666665,3.0,9,7,-1,0,1451.4789083878434,1496.3610472553544,25,0.19376757786275636
2023-01-30,Guimaraes,Chaves,2,1,H,6,4,1.91,3.4,4.0,3,0,72,22,0.3333333333333333,1.5,4.0,1.8333333333333333,0.8333333333333334,1.0,7.0,3.5,3.0,9,7,-2,0,1505.041535956646,1506.3285909507626,26,0.19403319478878953
2023-01-31,Pacos Ferreira,Gil Vicente,2,1,H,8,4,3.0,3.25,2.38,3,0,44,69,0.5,1.6666666666666667,4.0,3.3333333333333335,1.3333333333333333,1.3333333333333333,9.0,5.0,0.3333333333333333,5,9,-2,2,1358.1909185836907,1480.9477099118906,27,0.19429917582295766
2023-01-31,Arouca,Benfica,0,3,A,0,3,9.5,4.75,1.33,0,3,57,121,1.5,1.1666666666666667,10.0,4.833333333333333,1.8333333333333333,1.0,13.0,6.666666666666667,0.0,11,5,1,2,1495.4772375407551,1713.5584280578614,26,0.19429917582295766
2023-02-01,Maritimo,Porto,0,2,A,2,4,11.0,5.5,1.25,0,3,51,130,0.5,0.8333333333333334,8.0,2.0,3.0,0.5,16.0,7.833333333333333,0.3333333333333333,10,11,1,2,1424.2914541809214,1741.2348007094724,25,0.1945655214643808
2023-02-01,Sp Lisbon,Sp Braga,5,0,H,9,4,1.91,3.6,3.75,3,0,117,105,2.0,0.8333333333333334,13.0,5.166666666666667,2.0,0.5,15.0,8.5,1.3333333333333333,12,11,1,5,1661.142145024693,1670.3497963116654,25,0.1945655214643808
2023-02-04,Estoril,Guimaraes,0,1,A,4,3,2.75,2.88,2.9,0,3,58,75,0.6666666666666666,2.0,3.0,3.0,0.6666666666666666,1.1666666666666667,7.0,2.8333333333333335,0.3333333333333333,6,5,-2,1,1435.1333290256573,1520.0971023332813,24,0.19536675103364962
2023-02-04,Santa Clara,Boavista,2,2,D,3,4,2.7,3.0,2.8,1,1,54,62,0.6666666666666666,1.8333333333333333,4.0,2.6666666666666665,1.1666666666666667,1.5,7.0,3.1666666666666665,1.0,6,6,-2,1,1434.325036927175,1491.4044961180564,26,0.19536675103364962
2023-02-04,Benfica,Casa Pia,3,0,H,5,0,1.18,6.5,15.0,3,0,124,30,1.8333333333333333,0.8333333333333334,13.0,6.166666666666667,1.0,1.5,7.0,4.0,3.0,4,6,3,1,1720.2115542343006,1531.5192982541914,26,0.19536675103364962
2023-02-05,Chaves,Maritimo,2,1,H,5,3,2.1,3.2,3.75,3,0,22,51,1.0,1.3333333333333333,6.0,3.5,0.5,1.1666666666666667,7.0,1.8333333333333333,3.0,6,4,-1,-1,1491.2730245741272,1420.1245122042008,8,0.19563456010899144
2023-02-05,Sp Braga,Famalicao,4,1,H,4,1,1.4,4.75,8.0,3,0,105,60,2.0,1.1666666666666667,15.0,7.833333333333333,1.1666666666666667,1.1666666666666667,10.0,4.0,1.3333333333333333,4,7,-1,1,1654.9523630909412,1487.8235169555624,25,0.19563456010899144
2023-02-05,Porto,Vizela,2,0,H,4,3,1.2,6.5,15.0,3,0,133,57,2.6666666666666665,0.5,16.0,7.333333333333333,2.1666666666666665,0.8333333333333334,12.0,6.0,3.0,4,7,3,1,1745.401742686193,1468.4059188186898,25,0.19563456010899144
2023-02-05,Gil Vicente,Arouca,1,1,D,7,6,2.2,3.1,3.3,1,1,69,57,1.3333333333333333,1.3333333333333333,9.0,4.666666666666667,1.3333333333333333,1.6666666666666667,7.0,4.5,0.3333333333333333,5,5,-1,-1,1460.8579284897694,1488.824111364316,26,0.19563456010899144
2023-02-06,Portimonense,Pacos Ferreira,1,0,H,3,4,1.95,3.1,4.2,3,0,58,47,0.6666666666666666,2.1666666666666665,1.0,2.3333333333333335,0.8333333333333334,1.5,7.0,3.8333333333333335,1.3333333333333333,8,6,-2,1,1422.031332746385,1378.280700005812,26,0.19590273629747018
2023-02-06,Rio Ave,Sp Lisbon,0,1,A,1,1,7.0,4.33,1.5,0,3,21,120,0.5,0.8333333333333334,6.0,3.3333333333333335,2.3333333333333335,0.8333333333333334,13.0,5.666666666666667,0.0,8,5,-1,2,1479.434036824508,1676.5395782454173,8,0.19590273629747018
2023-02-09,Estoril,Boavista,2,1,H,13,4,2.4,3.1,2.88,3,0,58,63,0.5,1.3333333333333333,3.0,3.1666666666666665,1.5,1.6666666666666667,8.0,3.6666666666666665,0.5,5,5,-3,0,1423.7300957283132,1488.9621120644422,25,0.1967094725775718
2023-02-10,Vizela,Chaves,0,0,D,4,5,1.7,3.5,5.0,1,1,57,25,1.8333333333333333,1.1666666666666667,9.0,5.0,1.0,1.3333333333333333,6.0,3.6666666666666665,1.0,5,5,-1,1,1463.3434351251608,1503.2435264125797,26,0.19697912225789477
2023-02-11,Arouca,Santa Clara,1,0,H,4,0,2.05,3.3,3.5,3,0,58,55,1.5,1.6666666666666667,8.0,5.5,0.5,2.0,2.0,1.6666666666666667,1.3333333333333333,6,7,0,0,1487.619315087066,1436.7674209807892,27,0.19724914157445925
2023-02-11,Guimaraes,Portimonense,1,0,H,4,3,1.8,3.5,4.2,3,0,78,61,0.6666666666666666,1.1666666666666667,7.0,2.6666666666666665,0.6666666666666666,1.8333333333333333,4.0,2.0,0.3333333333333333,7,5,2,1,1531.5003356306254,1435.1523870705514,27,0.19724914157445925
2023-02-12,Famalicao,Gil Vicente,0,1,A,3,3,2.1,3.3,3.3,0,3,60,70,1.1666666666666667,1.5,10.0,3.8333333333333335,1.3333333333333333,1.0,10.0,5.5,0.6666666666666666,7,7,-1,0,1479.5296046662909,1462.0627247670193,26,0.19751953103396314
2023-02-12,Sp Lisbon,Porto,1,2,A,5,3,2.6,3.25,2.55,0,3,123,136,2.1666666666666665,0.6666666666666666,13.0,4.5,2.3333333333333335,0.3333333333333333,16.0,6.5,0.6666666666666666,6,7,3,4,1683.8388042571864,1750.464226379722,26,0.19751953103396314
2023-02-12,Maritimo,Sp Braga,1,2,A,6,3,5.5,4.0,1.57,0,3,51,108,0.6666666666666666,1.3333333333333333,7.0,1.8333333333333333,2.3333333333333335,1.1666666666666667,15.0,6.833333333333333,1.0,7,7,-2,1,1408.1540103657483,1663.2462753802126,26,0.19751953103396314
2023-02-13,Rio Ave,Estoril,2,0,H,3,3,2.2,3.1,3.4,3,0,21,61,0.3333333333333333,1.0,3.0,2.6666666666666665,0.6666666666666666,1.0,6.0,5.166666666666667,1.0,7,4,-2,1,1472.1348108127388,1441.5137558203792,9,0.19779029114379904
2023-02-13,Boavista,Casa Pia,0,0,D,3,2,2.38,3.1,3.1,1,1,63,30,1.5,1.3333333333333333,8.0,4.333333333333333,0.8333333333333334,1.6666666666666667,7.0,3.3333333333333335,0.0,4,9,-1,-1,1471.1784519723765,1523.949262361575,27,0.19779029114379904
2023-02-17,Gil Vicente,Vizela,1,1,D,6,4,2.38,3.4,2.8,1,1,73,58,1.3333333333333333,1.0,10.0,5.166666666666667,1.3333333333333333,1.1666666666666667,7.0,5.0,1.6666666666666667,5,7,1,0,1477.8161959117508,1465.0585272636356,27,0.19887704825867772
2023-02-18,Estoril,Pacos Ferreira,1,3,A,4,5,2.0,3.3,3.8,0,3,61,47,0.6666666666666666,1.0,6.0,5.166666666666667,0.8333333333333334,1.1666666666666667,7.0,4.333333333333333,2.3333333333333335,5,12,-1,-1,1427.8323606315835,1365.1596456816455,26,0.19914966925543928
2023-02-18,Portimonense,Maritimo,2,1,H,3,2,2.2,3.2,3.4,3,0,61,51,0.5,1.6666666666666667,4.0,2.1666666666666665,0.6666666666666666,1.5,6.0,2.6666666666666665,2.0,7,6,-1,-3,1424.2086145512028,1402.5385654291135,27,0.19914966925543928
2023-02-18,Porto,Rio Ave,1,0,H,4,4,1.17,7.0,15.0,3,0,139,24,1.8333333333333333,0.3333333333333333,16.0,5.166666666666667,0.5,0.8333333333333334,5.0,2.3333333333333335,0.0,6,5,5,1,1762.6225234185124,1485.8162060015345,26,0.19914966925543928
2023-02-19,Santa Clara,Famalicao,1,3,A,7,7,2.88,3.25,2.45,0,3,55,60,0.5,2.0,2.0,1.5,0.8333333333333334,1.6666666666666667,7.0,3.3333333333333335,0.3333333333333333,8,7,-1,-2,1423.9473297118302,1463.7761335215594,27,0.19942266396152789
2023-02-19,Sp Braga,Arouca,2,0,H,4,3,1.44,4.75,7.0,3,0,111,61,2.1666666666666665,1.3333333333333333,15.0,6.333333333333333,1.5,0.8333333333333334,11.0,5.833333333333333,3.0,7,8,2,1,1668.8617203168474,1500.439406356025,26,0.19942266396152789
2023-02-19,Casa Pia,Guimaraes,0,0,D,2,0,2.45,3.1,3.0,1,1,31,81,0.5,1.5,5.0,2.5,0.8333333333333334,0.6666666666666666,10.0,2.8333333333333335,3.0,6,8,0,3,1521.6883229327227,1542.444108149974,10,0.19942266396152789
2023-02-20,Chaves,Sp Lisbon,2,3,A,5,8,6.5,4.75,1.44,0,3,26,123,1.0,1.0,7.0,4.0,1.8333333333333333,1.0,10.0,4.5,3.0,10,8,0,-1,1501.528434274105,1671.680507218396,9,0.199696032889225
2023-02-20,Benfica,Boavista,3,1,H,10,2,1.18,7.5,12.0,3,0,127,64,2.3333333333333335,0.3333333333333333,16.0,6.5,1.3333333333333333,1.3333333333333333,6.0,4.0,2.3333333333333335,14,7,4,0,1727.781590126917,1473.4393914012287,27,0.199696032889225
2023-02-24,Famalicao,Portimonense,1,0,H,6,7,1.8,3.25,4.5,3,0,63,64,1.0,1.6666666666666667,7.0,4.0,0.8333333333333334,1.6666666666666667,7.0,2.6666666666666665,0.0,5,6,1,1,1477.064078945396,1438.274254624337,27,0.2007932610863241
2023-02-25,Arouca,Casa Pia,2,0,H,3,3,2.25,3.1,3.2,3,0,61,32,1.1666666666666667,1.1666666666666667,8.0,5.166666666666667,0.5,1.5,5.0,2.8333333333333335,1.0,6,6,-1,0,1492.1901014574676,1522.5833577147807,28,0.2010685088308962
2023-02-25,Maritimo,Santa Clara,3,1,H,7,6,2.1,2.9,3.6,3,0,51,55,0.6666666666666666,1.8333333333333333,3.0,2.6666666666666665,0.6666666666666666,1.8333333333333333,2.0,2.6666666666666665,1.3333333333333333,7,6,-4,-2,1388.4729253559794,1410.6593842879936,27,0.2010685088308962
2023-02-25,Vizela,Benfica,0,2,A,3,6,7.5,4.75,1.36,0,3,59,130,1.3333333333333333,1.0,8.0,5.0,2.6666666666666665,0.5,16.0,6.166666666666667,0.3333333333333333,8,5,0,5,1465.6090726790842,1733.4167692581075,27,0.2010685088308962
2023-02-26,Rio Ave,Chaves,1,0,H,3,6,2.1,3.25,3.25,3,0,24,26,0.5,1.0,4.0,3.0,1.1666666666666667,1.3333333333333333,6.0,4.5,1.0,8,6,-1,-1,1480.7491299874544,1493.3385496908961,10,0.20134413388554576
2023-02-26,Pacos Ferreira,Boavista,1,3,A,6,4,2.55,3.0,2.88,0,3,50,64,1.1666666666666667,1.1666666666666667,9.0,4.5,1.5,1.6666666666666667,6.0,4.333333333333333,0.3333333333333333,8,6,1,-1,1382.836473036152,1467.8042122700383,28,0.20134413388554576
2023-02-26,Porto,Gil Vicente,1,2,A,4,4,1.18,6.5,11.0,0,3,142,74,2.0,0.3333333333333333,18.0,4.333333333333333,1.5,1.0,11.0,5.5,2.3333333333333335,8,9,6,0,1767.6895994325926,1477.2656504963022,27,0.20134413388554576
2023-02-27,Sp Lisbon,Estoril,2,0,H,8,0,1.22,6.5,10.0,3,0,126,61,2.3333333333333335,1.1666666666666667,13.0,5.666666666666667,0.5,1.5,3.0,5.333333333333333,3.0,7,9,1,-2,1679.870391801605,1410.155533277077,27,0.20162013676749008
2023-02-27,Guimaraes,Sp Braga,2,1,H,2,4,3.75,3.5,1.91,3,0,82,114,0.8333333333333334,0.6666666666666666,10.0,2.5,1.8333333333333333,1.3333333333333333,15.0,4.833333333333333,1.3333333333333333,8,8,0,3,1541.549073367916,1677.1110252154049,28,0.20162013676749008
2023-03-03,Boavista,Arouca,0,0,D,2,1,2.25,3.25,3.25,1,1,67,64,1.8333333333333333,1.6666666666666667,8.0,4.5,1.3333333333333333,1.0,10.0,4.666666666666667,2.0,5,6,1,1,1479.2072841897493,1508.498946845859,28,0.2027279369373962
2023-03-03,Benfica,Famalicao,2,0,H,7,0,1.17,8.5,13.0,3,0,133,66,2.6666666666666665,0.16666666666666666,18.0,5.833333333333333,1.0,1.0,10.0,4.666666666666667,2.3333333333333335,6,7,6,2,1738.7057443025915,1490.3963113486395,28,0.2027279369373962
2023-03-04,Estoril,Vizela,0,3,A,2,3,2.63,3.2,2.63,0,3,61,59,0.5,1.6666666666666667,3.0,5.0,0.8333333333333334,1.3333333333333333,5.0,4.0,1.3333333333333333,5,7,-3,-1,1404.9142166160032,1460.3200976346002,27,0.20300583673892283
2023-03-04,Portimonense,Sp Lisbon,0,1,A,4,7,8.0,4.5,1.36,0,3,64,129,0.8333333333333334,1.8333333333333333,6.0,3.1666666666666665,2.3333333333333335,0.8333333333333334,15.0,6.5,0.0,8,5,-1,2,1424.9420222210933,1685.1117084626787,28,0.20300583673892283
2023-03-04,Chaves,Porto,1,3,A,4,5,11.0,5.0,1.29,0,3,26,142,1.0,1.3333333333333333,5.0,4.666666666666667,1.5,0.5,15.0,3.5,0.0,6,6,-2,-1,1477.7952585093878,1742.4350711428067,10,0.20300583673892283
2023-03-05,Gil Vicente,Maritimo,2,0,H,5,6,1.85,3.6,4.0,3,0,77,54,1.5,1.0,11.0,5.166666666666667,1.1666666666666667,1.5,6.0,3.6666666666666665,2.3333333333333335,7,8,1,1,1502.520178786088,1404.42949190596,28,0.20328411748597108
2023-03-05,Santa Clara,Guimaraes,1,3,A,5,6,3.0,3.1,2.5,0,3,55,85,0.8333333333333334,2.3333333333333335,1.0,3.3333333333333335,1.0,0.5,13.0,2.5,1.3333333333333333,8,6,-3,1,1394.702817738013,1562.1217869762568,28,0.20328411748597108
2023-03-05,Sp Braga,Rio Ave,2,0,H,11,4,1.44,4.2,8.0,3,0,114,27,1.8333333333333333,1.6666666666666667,12.0,4.833333333333333,0.6666666666666666,0.8333333333333334,7.0,2.5,3.0,6,7,-1,1,1656.538311607064,1496.2924211689626,27,0.20328411748597108
2023-03-06,Casa Pia,Pacos Ferreira,2,1,H,4,2,2.0,3.1,4.2,3,0,32,50,0.5,1.5,5.0,3.3333333333333335,1.1666666666666667,1.6666666666666667,6.0,5.166666666666667,3.0,9,8,-1,-1,1506.2745123263892,1371.433401116441,11,0.20356277970074177
2023-03-10,Porto,Estoril,3,2,H,5,3,1.18,6.5,13.0,3,0,145,61,1.8333333333333333,0.6666666666666666,15.0,4.0,0.5,2.0,3.0,4.333333333333333,2.3333333333333335,6,6,1,-4,1747.8039605958036,1392.2862074408267,28,0.20468125370613888
2023-03-11,Chaves,Portimonense,2,0,H,8,2,2.25,3.3,3.1,3,0,26,64,1.0,1.6666666666666667,4.0,4.833333333333333,0.8333333333333334,1.3333333333333333,6.0,3.8333333333333335,0.0,7,7,-3,-2,1472.426369056391,1419.45876566267,11,0.20496183111762176
2023-03-11,Pacos Ferreira,Santa Clara,1,0,H,4,4,2.38,3.25,3.0,3,0,50,55,1.1666666666666667,1.6666666666666667,6.0,4.666666666666667,1.0,2.3333333333333335,1.0,4.0,1.3333333333333333,5,6,-2,-4,1361.9792683131752,1386.4189237836267,29,0.20496183111762176
2023-03-11,Guimaraes,Arouca,0,2,A,8,4,2.0,3.4,3.75,0,3,88,65,1.5,0.5,16.0,3.5,0.6666666666666666,1.0,8.0,2.8333333333333335,0.6666666666666666,6,8,2,0,1570.405680930643,1507.2373118759235,29,0.20496183111762176
2023-03-11,Vizela,Sp Braga,0,4,A,1,7,3.8,3.6,1.95,0,3,62,117,1.1666666666666667,1.0,8.0,4.0,1.8333333333333333,1.5,12.0,5.0,0.0,7,6,1,1,1472.9481068097766,1665.0720832734412,28,0.20496183111762176
2023-03-12,Rio Ave,Gil Vicente,2,1,H,5,6,2.4,3.2,3.0,3,0,27,80,0.6666666666666666,1.1666666666666667,6.0,2.8333333333333335,1.3333333333333333,0.8333333333333334,11.0,4.833333333333333,1.0,7,7,-1,2,1487.7586495025855,1513.3943081737348,11,0.20524279314509858
2023-03-12,Maritimo,Benfica,0,3,A,2,10,9.0,6.5,1.25,0,3,54,136,1.0,1.8333333333333333,3.0,4.333333333333333,2.5,0.16666666666666666,18.0,6.166666666666667,0.0,7,9,-1,7,1393.5553625183134,1744.50158478638,28,0.20524279314509858
2023-03-12,Sp Lisbon,Boavista,3,0,H,5,0,1.25,5.75,12.0,3,0,132,68,2.1666666666666665,0.6666666666666666,15.0,6.333333333333333,1.1666666666666667,1.3333333333333333,6.0,3.1666666666666665,2.0,8,9,3,0,1690.594965021102,1480.468919159685,28,0.20524279314509858
2023-03-13,Famalicao,Casa Pia,1,0,H,4,2,2.1,3.3,3.5,3,0,66,35,1.0,1.3333333333333333,9.0,3.8333333333333335,0.6666666666666666,1.1666666666666667,8.0,3.1666666666666665,0.0,10,7,-1,1,1484.600470864851,1515.728645129655,28,0.20552414031580155
2023-03-17,Santa Clara,Rio Ave,0,2,A,1,8,2.6,3.0,3.0,0,3,55,30,0.8333333333333334,2.1666666666666665,1.0,4.166666666666667,0.8333333333333334,0.8333333333333334,9.0,3.3333333333333335,0.0,6,5,-5,1,1370.3655159345906,1503.863425679909,29,0.20665339100083718
2023-03-18,Arouca,Pacos Ferreira,1,1,D,5,4,2.1,3.3,3.5,1,1,68,53,1.0,0.5,11.0,3.5,1.3333333333333333,1.3333333333333333,9.0,4.833333333333333,0.6666666666666666,7,7,1,1,1524.934851569997,1378.0326761622114,29,0.20693667182148534
2023-03-18,Portimonense,Vizela,0,1,A,3,2,2.88,3.2,2.55,0,3,64,62,0.5,1.0,6.0,3.6666666666666665,0.6666666666666666,1.5,5.0,3.0,0.6666666666666666,7,7,-3,-1,1406.7280075900485,1465.489330953354,29,0.20693667182148534
2023-03-18,Estoril,Chaves,0,2,A,3,5,2.1,3.2,3.5,0,3,61,29,0.8333333333333334,2.3333333333333335,3.0,4.166666666666667,1.1666666666666667,1.3333333333333333,7.0,5.5,1.0,8,7,-5,1,1388.8540870623228,1485.1571271290125,28,0.20693667182148534
2023-03-18,Benfica,Guimaraes,5,1,H,5,4,1.18,7.0,15.0,3,0,139,88,2.6666666666666665,0.16666666666666666,18.0,6.833333333333333,1.1666666666666667,0.6666666666666666,13.0,3.8333333333333335,2.3333333333333335,6,7,8,-1,1748.0145066996583,1552.7081412365696,29,0.20693667182148534
2023-03-19,Casa Pia,Maritimo,2,0,H,5,3,2.05,3.1,4.0,3,0,35,54,0.3333333333333333,1.1666666666666667,5.0,2.1666666666666665,1.0,2.0,3.0,4.333333333333333,3.0,6,7,-1,-2,1499.3883182117668,1390.042440605035,12,0.20722034096396535
2023-03-19,Sp Braga,Porto,0,0,D,4,2,3.25,3.25,2.2,1,1,120,148,2.5,0.6666666666666666,15.0,5.5,2.0,1.0,15.0,4.166666666666667,1.0,8,9,2,2,1672.5308591298638,1751.2360809743075,28,0.20722034096396535
2023-03-19,Boavista,Famalicao,1,2,A,6,3,2.38,3.2,3.0,0,3,68,69,0.8333333333333334,1.5,5.0,2.5,1.0,1.3333333333333333,9.0,3.5,1.0,7,6,-1,1,1473.5756725651797,1500.9407977827393,29,0.20722034096396535
2023-03-31,Estoril,Gil Vicente,1,0,H,2,4,2.63,3.3,2.55,3,0,61,80,0.5,2.5,0.0,2.5,1.3333333333333333,0.8333333333333334,11.0,5.166666666666667,1.6666666666666667,13,14,-6,-1,1377.9085174022264,1497.2895319964114,29,0.21065485427069028
2023-04-01,Vizela,Casa Pia,3,1,H,8,4,2.2,3.0,3.4,3,0,65,38,0.8333333333333334,1.1666666666666667,8.0,2.8333333333333335,0.6666666666666666,0.6666666666666666,8.0,3.0,3.0,14,13,1,1,1477.9763163095288,1509.8174068088267,29,0.21094362030400973
2023-04-01,Guimaraes,Pacos Ferreira,0,0,D,3,4,1.95,3.3,3.8,1,1,88,54,1.1666666666666667,1.5,10.0,4.0,1.1666666666666667,1.3333333333333333,7.0,4.166666666666667,3.0,14,14,-2,0,1545.3515593655723,1384.0222086246936,30,0.21094362030400973
2023-04-01,Sp Lisbon,Santa Clara,3,0,H,5,4,1.13,7.0,19.0,3,0,135,55,1.8333333333333333,0.6666666666666666,15.0,5.666666666666667,0.5,2.1666666666666665,0.0,3.8333333333333335,2.0,14,14,4,-6,1697.4882116156073,1360.8612481543391,29,0.21094362030400973
2023-04-02,Maritimo,Boavista,4,2,H,6,6,2.45,3.1,2.9,3,0,54,68,0.8333333333333334,2.0,3.0,4.333333333333333,0.8333333333333334,1.5,5.0,2.8333333333333335,1.6666666666666667,14,14,-3,-2,1379.613352007975,1459.7546829487562,29,0.21123278217829988
2023-04-02,Chaves,Sp Braga,1,2,A,8,8,4.75,3.8,1.67,0,3,32,121,1.1666666666666667,1.1666666666666667,7.0,5.5,1.8333333333333333,0.5,13.0,5.5,3.0,14,14,2,0,1496.102696789109,1675.8718812220138,12,0.21123278217829988
2023-04-02,Porto,Portimonense,1,0,H,6,0,1.13,7.0,21.0,3,0,149,64,1.6666666666666667,1.0,13.0,3.8333333333333335,0.3333333333333333,1.1666666666666667,3.0,3.6666666666666665,3.0,14,14,0,-4,1747.8950588821574,1394.2410222338738,29,0.21123278217829988
2023-04-02,Rio Ave,Benfica,0,1,A,4,5,8.5,4.75,1.33,0,3,33,142,1.1666666666666667,0.6666666666666666,12.0,4.5,3.0,0.3333333333333333,18.0,7.166666666666667,0.0,14,14,2,9,1513.3676934601604,1755.3710885706557,12,0.21123278217829988
2023-04-03,Famalicao,Arouca,0,1,A,1,2,1.85,3.3,3.75,0,3,72,69,1.1666666666666667,0.8333333333333334,12.0,3.8333333333333335,1.0,0.5,11.0,3.3333333333333335,0.3333333333333333,14,14,2,0,1514.7617873991628,1518.9453191075147,29,0.21152234043618023
2023-04-05,Gil Vicente,Sp Lisbon,0,0,D,2,7,6.0,4.33,1.45,1,1,80,138,1.1666666666666667,0.8333333333333334,10.0,4.666666666666667,2.1666666666666665,0.6666666666666666,15.0,6.333333333333333,0.0,5,4,-2,5,1477.3291365149892,1701.2649682197755,29,0.2121026482769095
2023-04-07,Santa Clara,Vizela,0,1,A,2,3,3.75,3.3,2.05,0,3,55,68,0.5,2.5,0.0,4.5,1.3333333333333333,1.3333333333333333,10.0,3.5,2.3333333333333335,6,6,-7,2,1357.084491550171,1494.3471709047917,30,0.21268454818204824
2023-04-07,Benfica,Porto,1,2,A,1,3,1.95,3.5,3.8,0,3,145,152,2.6666666666666665,0.3333333333333333,18.0,7.166666666666667,1.5,0.8333333333333334,13.0,4.333333333333333,1.0,5,5,10,1,1761.338566946915,1751.3599231186956,30,0.21268454818204824
2023-04-07,Boavista,Guimaraes,2,1,H,4,4,2.5,3.1,2.88,3,0,68,89,1.1666666666666667,2.1666666666666665,4.0,3.3333333333333335,1.0,1.5,8.0,3.8333333333333335,0.6666666666666666,5,6,-3,0,1441.3547895381002,1538.847298138174,30,0.21268454818204824
2023-04-08,Pacos Ferreira,Famalicao,1,3,A,2,5,2.4,3.1,3.0,0,3,55,72,1.1666666666666667,1.1666666666666667,8.0,4.166666666666667,1.1666666666666667,0.8333333333333334,12.0,3.5,1.3333333333333333,7,5,0,-1,1390.5264698520919,1499.9423962532014,30,0.21297609652324123
2023-04-08,Portimonense,Rio Ave,2,2,D,6,8,2.6,3.0,2.88,1,1,64,33,0.3333333333333333,1.1666666666666667,3.0,3.1666666666666665,0.8333333333333334,0.8333333333333334,9.0,4.666666666666667,0.0,6,6,-5,-1,1390.7761579973355,1507.400215083901,30,0.21297609652324123
2023-04-08,Arouca,Maritimo,1,0,H,2,6,2.3,3.2,3.4,3,0,72,57,1.0,0.5,11.0,3.0,1.3333333333333333,2.0,6.0,4.333333333333333,0.6666666666666666,5,6,1,1,1533.764710253476,1398.013245418631,30,0.21297609652324123
2023-04-08,Sp Braga,Estoril,4,1,H,6,3,1.3,5.0,9.0,3,0,124,64,1.8333333333333333,0.5,13.0,6.333333333333333,0.6666666666666666,2.1666666666666665,3.0,2.3333333333333335,2.3333333333333335,6,8,1,1,1683.736317868447,1397.8689128836486,29,0.21297609652324123
2023-04-09,Casa Pia,Sp Lisbon,3,4,A,5,12,8.5,4.5,1.4,0,3,38,139,0.8333333333333334,1.1666666666666667,7.0,3.3333333333333335,2.0,0.3333333333333333,16.0,6.666666666666667,0.0,8,4,-1,0,1493.4465522135638,1692.7452341428652,13,0.21326804451939724
2023-04-10,Gil Vicente,Chaves,0,0,D,4,5,2.0,3.3,4.0,1,1,81,32,1.0,0.8333333333333334,8.0,4.5,1.3333333333333333,1.5,6.0,6.0,0.0,5,8,0,-1,1485.8488705918994,1488.2382601426757,30,0.2135603927183641
2023-04-14,Famalicao,Guimaraes,2,1,H,3,5,2.2,3.0,3.6,3,0,75,89,1.1666666666666667,0.8333333333333334,12.0,3.1666666666666665,1.1666666666666667,1.8333333333333333,7.0,4.5,0.0,6,7,1,-1,1510.3687415974805,1519.7453103718371,30,0.2147337985255998
2023-04-15,Estoril,Portimonense,0,1,A,3,5,2.25,3.1,3.3,0,3,64,65,0.6666666666666666,2.3333333333333335,3.0,2.1666666666666665,0.3333333333333333,1.3333333333333333,1.0,3.6666666666666665,2.3333333333333335,7,7,-1,0,1393.017716863199,1395.630265963536,30,0.2150281559826569
2023-04-15,Maritimo,Pacos Ferreira,3,1,H,6,3,2.15,3.3,3.3,3,0,57,55,1.1666666666666667,1.8333333333333333,6.0,5.0,0.8333333333333334,1.5,5.0,3.6666666666666665,2.0,7,7,-1,-1,1388.5930102371278,1380.1001245078128,30,0.2150281559826569
2023-04-15,Chaves,Benfica,1,0,H,2,4,8.0,5.75,1.29,3,0,33,145,1.0,1.0,7.0,6.0,2.3333333333333335,0.5,15.0,5.666666666666667,0.0,5,8,0,-1,1488.135103529704,1745.9078726802159,13,0.2150281559826569
2023-04-15,Porto,Santa Clara,2,1,H,4,2,1.11,8.5,21.0,3,0,155,55,1.6666666666666667,1.0,13.0,4.166666666666667,0.3333333333333333,2.1666666666666665,0.0,3.6666666666666665,2.3333333333333335,8,8,2,-8,1766.7906173853949,1347.7203815634684,30,0.2150281559826569
2023-04-16,Rio Ave,Casa Pia,1,1,D,4,2,2.25,3.0,3.4,1,1,34,38,1.1666666666666667,1.0,10.0,5.333333333333333,1.3333333333333333,1.8333333333333333,6.0,3.8333333333333335,0.0,8,7,0,-2,1502.5461071177006,1486.2168298329761,13,0.21532291694541789
2023-04-16,Sp Braga,Gil Vicente,1,0,H,10,3,1.36,5.0,8.0,3,0,127,82,2.1666666666666665,0.6666666666666666,13.0,6.666666666666667,0.8333333333333334,0.6666666666666666,8.0,4.166666666666667,2.0,8,6,2,0,1688.5875138888966,1485.952027204871,30,0.21532291694541789
2023-04-16,Sp Lisbon,Arouca,1,1,D,5,2,1.2,7.0,12.0,1,1,142,75,2.1666666666666665,0.5,16.0,7.333333333333333,1.1666666666666667,0.16666666666666666,14.0,2.8333333333333335,2.0,7,8,1,2,1699.9749565234529,1543.1849454349792,30,0.21532291694541789
2023-04-17,Vizela,Boavista,1,1,D,5,6,1.85,3.4,4.33,1,1,71,71,1.3333333333333333,1.1666666666666667,12.0,3.3333333333333335,1.3333333333333333,1.8333333333333333,7.0,3.6666666666666665,1.0,10,10,3,1,1503.7112808914942,1460.456777304437,30,0.2156180819670091
2023-04-21,Casa Pia,Sp Braga,0,1,A,1,6,5.25,3.6,1.6,0,3,39,130,1.5,1.6666666666666667,7.0,3.6666666666666665,2.1666666666666665,0.3333333333333333,16.0,7.666666666666667,3.0,5,5,0,3,1486.921302765883,1695.712357738175,14,0.21680279373076186
2023-04-22,Famalicao,Maritimo,3,2,H,7,6,1.83,3.4,4.0,3,0,78,60,1.3333333333333333,1.0,12.0,2.6666666666666665,1.1666666666666667,1.8333333333333333,6.0,4.833333333333333,1.6666666666666667,8,7,2,1,1525.773462358296,1403.2264159001952,31,0.217099987369973
2023-04-22,Boavista,Rio Ave,3,2,H,6,3,2.3,3.2,3.1,3,0,72,35,1.0,1.8333333333333333,5.0,4.0,1.1666666666666667,1.1666666666666667,8.0,5.5,0.0,5,6,0,0,1462.3146356968844,1501.8416341847937,31,0.217099987369973
2023-04-22,Pacos Ferreira,Porto,0,2,A,0,4,10.0,5.0,1.29,0,3,55,158,0.8333333333333334,1.5,5.0,3.1666666666666665,1.8333333333333333,0.8333333333333334,16.0,4.166666666666667,0.0,7,7,-2,3,1365.4667188447454,1769.2576632409846,31,0.217099987369973
2023-04-23,Portimonense,Gil Vicente,1,0,H,4,4,2.45,3.3,2.7,3,0,68,82,0.5,1.1666666666666667,4.0,3.3333333333333335,0.5,0.6666666666666666,5.0,4.0,1.0,8,7,1,-1,1410.5174752778798,1478.8271833555928,31,0.2173975884027314
2023-04-23,Benfica,Estoril,1,0,H,5,0,1.09,9.0,21.0,3,0,145,64,2.0,0.6666666666666666,12.0,5.333333333333333,0.6666666666666666,2.1666666666666665,3.0,2.6666666666666665,2.3333333333333335,8,8,-2,-2,1721.453228575098,1378.1305075488551,31,0.2173975884027314
2023-04-23,Santa Clara,Chaves,1,1,D,6,5,2.6,3.1,2.75,1,1,55,36,0.3333333333333333,2.0,0.0,3.0,1.1666666666666667,0.8333333333333334,10.0,5.333333333333333,1.0,8,8,-9,1,1345.2533357078787,1512.589747634822,31,0.2173975884027314
2023-04-23,Arouca,Vizela,1,0,H,2,8,2.63,3.2,2.75,3,0,76,72,1.0,0.3333333333333333,12.0,2.6666666666666665,1.5,1.0,13.0,3.6666666666666665,1.0,7,6,0,0,1549.529178888008,1501.853422499047,31,0.2173975884027314
2023-04-24,Guimaraes,Sp Lisbon,0,2,A,0,5,5.5,4.0,1.55,0,3,89,143,1.0,2.0,4.0,5.0,2.0,0.6666666666666666,14.0,6.833333333333333,0.0,10,8,-2,0,1504.3405896110216,1693.6307230704242,31,0.21769559738749283
2023-04-28,Rio Ave,Arouca,1,0,H,2,2,2.45,3.0,3.1,3,0,35,79,1.5,1.3333333333333333,8.0,5.333333333333333,1.1666666666666667,0.3333333333333333,14.0,2.8333333333333335,3.0,6,5,-1,1,1485.142441118904,1562.4836737816167,14,0.21889172404249949
2023-04-29,Maritimo,Guimaraes,1,2,A,6,5,2.55,3.25,2.88,0,3,60,89,1.5,2.0,6.0,4.833333333333333,0.5,2.1666666666666665,1.0,4.0,0.0,7,5,-1,-3,1393.30818288282,1496.7900164010025,31,0.21919178119094282
2023-04-29,Vizela,Pacos Ferreira,1,2,A,3,2,1.8,3.4,4.5,0,3,72,55,1.0,1.1666666666666667,10.0,4.5,0.6666666666666666,1.5,5.0,2.8333333333333335,1.3333333333333333,6,7,-1,-3,1488.898927605438,1362.7930704643725,31,0.21919178119094282
2023-04-29,Sp Braga,Portimonense,4,1,H,11,2,1.25,6.0,10.0,3,0,133,71,2.0,0.3333333333333333,16.0,6.833333333333333,0.6666666666666666,1.0,7.0,3.3333333333333335,3.0,8,6,4,2,1702.6464904767947,1428.4292200320297,31,0.21919178119094282
2023-04-29,Chaves,Casa Pia,1,0,H,5,4,,,,3,0,37,39,1.1666666666666667,0.5,11.0,5.5,1.1666666666666667,1.6666666666666667,4.0,3.1666666666666665,3.0,6,8,0,-1,1505.8764916404427,1479.9871700272631,14,0.21919178119094282
2023-04-29,Gil Vicente,Benfica,0,2,A,5,7,8.0,5.5,1.33,0,3,82,148,0.16666666666666666,0.8333333333333334,2.0,3.8333333333333335,1.8333333333333333,0.6666666666666666,12.0,5.0,1.0,6,6,-2,1,1460.915438601443,1725.1045645583954,31,0.21919178119094282
2023-04-30,Estoril,Santa Clara,3,0,H,3,3,2.15,3.2,3.4,3,0,64,56,0.6666666666666666,1.8333333333333333,3.0,2.3333333333333335,0.3333333333333333,1.6666666666666667,1.0,3.1666666666666665,0.3333333333333333,7,7,-3,0,1374.4791715655576,1351.966591702258,31,0.21949224965823672
2023-04-30,Porto,Boavista,1,0,H,1,2,1.18,6.5,15.0,3,0,161,75,1.6666666666666667,0.6666666666666666,16.0,4.0,1.5,2.1666666666666665,7.0,4.666666666666667,3.0,8,8,4,1,1771.9313116213575,1479.0138287627742,31,0.21949224965823672
2023-04-30,Sp Lisbon,Famalicao,2,1,H,5,2,1.3,5.5,10.0,3,0,146,81,2.1666666666666665,0.6666666666666666,14.0,6.5,1.8333333333333333,1.0,15.0,3.8333333333333335,2.3333333333333335,6,8,1,3,1701.1812962804433,1535.6916953756713,31,0.21949224965823672
2023-05-05,Casa Pia,Portimonense,1,1,D,3,2,2.05,3.2,3.5,1,1,39,71,1.1666666666666667,1.6666666666666667,4.0,3.5,0.8333333333333334,1.3333333333333333,7.0,3.3333333333333335,3.0,6,6,-2,-1,1466.102837719188,1423.2990707550443,15,0.22100078153881905
2023-05-06,Santa Clara,Gil Vicente,3,2,H,8,3,2.8,3.1,2.5,3,0,56,82,0.3333333333333333,2.0,1.0,3.0,0.0,0.8333333333333334,2.0,3.6666666666666665,1.3333333333333333,6,7,-1,-3,1337.9371799222383,1455.5351035305853,32,0.22130372978687343
2023-05-06,Boavista,Estoril,1,0,H,3,2,2.0,3.3,3.6,3,0,75,67,1.5,1.8333333333333333,7.0,5.0,0.8333333333333334,1.3333333333333333,6.0,2.3333333333333335,1.3333333333333333,6,6,-1,1,1474.325417520501,1388.5085833455773,32,0.22130372978687343
2023-05-06,Benfica,Sp Braga,1,0,H,4,0,1.55,4.2,5.5,3,0,151,136,1.6666666666666667,0.6666666666666666,12.0,4.5,2.0,0.5,16.0,7.5,1.0,7,7,2,5,1730.484899629253,1707.77663975378,32,0.22130372978687343
2023-05-07,Maritimo,Rio Ave,2,2,D,6,3,2.3,3.1,3.1,1,1,60,38,1.6666666666666667,1.8333333333333333,6.0,5.5,1.3333333333333333,1.1666666666666667,8.0,4.833333333333333,1.0,8,9,-2,1,1382.6482670448147,1503.427447858381,32,0.22160709331690268
2023-05-07,Guimaraes,Vizela,3,0,H,5,0,2.2,3.2,3.2,3,0,92,72,0.8333333333333334,2.0,4.0,3.5,1.1666666666666667,0.8333333333333334,10.0,4.833333333333333,1.0,8,8,1,-2,1507.4499322390077,1468.681624223228,32,0.22160709331690268
2023-05-07,Pacos Ferreira,Sp Lisbon,0,4,A,0,8,7.0,5.0,1.36,0,3,58,149,0.8333333333333334,1.6666666666666667,5.0,2.5,2.0,0.8333333333333334,14.0,6.5,0.0,8,7,1,2,1383.0103738465825,1709.5319542985312,32,0.22160709331690268
2023-05-08,Famalicao,Chaves,1,2,A,6,3,1.95,3.3,3.75,0,3,81,40,1.8333333333333333,1.3333333333333333,12.0,3.5,1.0,0.5,11.0,5.0,3.0,8,9,-1,1,1527.3410373575834,1519.7608239485178,32,0.22191087269817603
2023-05-08,Arouca,Porto,0,1,A,2,4,7.5,4.75,1.36,0,3,79,164,0.8333333333333334,0.5,11.0,2.5,1.3333333333333333,0.3333333333333333,16.0,3.3333333333333335,0.0,10,8,-1,5,1544.1986670421397,1776.6197228636306,32,0.22191087269817603
2023-05-12,Gil Vicente,Boavista,3,1,H,3,5,2.3,3.3,2.8,3,0,82,78,0.3333333333333333,1.1666666666666667,2.0,3.5,1.5,1.5,10.0,4.5,1.3333333333333333,6,6,-4,1,1435.643387619705,1485.693959289788,32,0.22313016014842982
2023-05-13,Chaves,Pacos Ferreira,2,0,H,0,3,2.05,3.4,3.3,3,0,43,58,1.0,0.6666666666666666,11.0,4.666666666666667,0.6666666666666666,2.1666666666666665,4.0,1.8333333333333333,1.0,5,6,2,-1,1535.0880361515729,1379.0373611805383,15,0.22343602735231208
2023-05-13,Vizela,Famalicao,0,0,D,4,3,2.3,3.3,2.75,1,1,72,81,1.0,1.3333333333333333,7.0,4.5,1.6666666666666667,1.5,9.0,4.0,0.6666666666666666,6,5,-3,-2,1455.348474363569,1512.0138251545284,32,0.22343602735231208
2023-05-13,Portimonense,Benfica,1,5,A,1,10,10.0,5.75,1.22,0,3,72,154,1.0,1.3333333333333333,8.0,3.1666666666666665,1.0,0.5,12.0,4.333333333333333,1.0,8,7,0,3,1425.1377647407962,1744.505898902802,32,0.22343602735231208
2023-05-13,Sp Lisbon,Maritimo,2,1,H,3,1,1.2,6.5,9.5,3,0,152,61,2.1666666666666665,0.8333333333333334,14.0,7.0,2.0,1.8333333333333333,7.0,6.0,1.3333333333333333,6,6,3,0,1713.5049669645755,1387.6623532283297,32,0.22343602735231208
2023-05-14,Rio Ave,Guimaraes,0,1,A,3,3,2.45,3.1,2.7,0,3,39,95,1.3333333333333333,1.5,6.0,4.0,1.1666666666666667,1.1666666666666667,7.0,3.6666666666666665,1.0,7,7,0,2,1498.4133616748659,1520.7830820986667,15,0.22374231383947876
2023-05-14,Sp Braga,Santa Clara,5,3,H,9,8,1.2,5.75,12.0,3,0,136,59,2.0,0.6666666666666666,15.0,6.833333333333333,0.8333333333333334,2.0,4.0,4.166666666666667,1.6666666666666667,8,8,-1,1,1693.755640480231,1357.8288958331186,32,0.22374231383947876
2023-05-14,Porto,Casa Pia,2,1,H,8,2,1.17,6.0,13.0,3,0,167,40,1.5,0.3333333333333333,18.0,3.6666666666666665,1.0,1.8333333333333333,2.0,3.1666666666666665,1.0,6,9,6,0,1782.8552769806358,1464.2641437334362,32,0.22374231383947876
2023-05-15,Estoril,Arouca,2,0,H,4,4,2.45,3.1,2.8,3,0,67,79,0.8333333333333334,1.1666666666666667,6.0,2.1666666666666665,0.6666666666666666,0.5,10.0,2.0,1.0,9,7,-1,-2,1377.1400415762905,1537.9631129251345,32,0.22404902018468414
2023-05-19,Maritimo,Vizela,1,0,H,5,3,1.73,3.75,4.5,3,0,61,73,1.5,1.8333333333333333,4.0,5.166666666666667,0.5,1.1666666666666667,5.0,3.8333333333333335,1.3333333333333333,6,6,-1,0,1383.6758493621198,1457.7734505481394,33,0.22528005566857592
2023-05-20,Arouca,Chaves,1,0,H,6,3,2.15,3.25,3.2,3,0,79,46,0.5,0.8333333333333334,7.0,2.3333333333333335,1.1666666666666667,0.3333333333333333,14.0,3.3333333333333335,1.0,5,7,-3,3,1516.4766109453874,1543.770035994497,33,0.22558886995290192
2023-05-20,Santa Clara,Portimonense,1,0,H,3,0,2.2,3.2,3.0,3,0,59,72,1.3333333333333333,2.3333333333333335,4.0,4.833333333333333,1.1666666666666667,2.0,8.0,3.3333333333333335,0.6666666666666666,6,7,-1,-1,1354.0388123509888,1421.020655062336,33,0.22558886995290192
2023-05-20,Boavista,Sp Braga,1,1,D,1,1,5.5,4.0,1.53,1,1,78,139,1.3333333333333333,1.3333333333333333,10.0,4.333333333333333,2.5,1.0,15.0,7.0,0.6666666666666666,8,6,-1,1,1468.5479270589053,1697.5457239623609,33,0.22558886995290192
2023-05-20,Famalicao,Porto,2,4,A,5,7,6.0,4.33,1.4,0,3,82,170,1.6666666666666667,1.3333333333333333,10.0,4.333333333333333,1.6666666666666667,0.5,18.0,4.0,0.0,7,6,0,7,1509.588848969958,1786.988300158657,33,0.22558886995290192
2023-05-21,Guimaraes,Gil Vicente,1,0,H,5,2,1.7,3.6,4.33,3,0,98,85,1.3333333333333333,1.1666666666666667,9.0,3.6666666666666665,0.8333333333333334,1.3333333333333333,4.0,3.6666666666666665,1.0,7,9,3,1,1534.818635956152,1452.7894198505876,33,0.22589810756037526
2023-05-21,Casa Pia,Estoril,2,2,D,10,3,2.05,3.25,3.4,1,1,40,70,1.0,1.6666666666666667,2.0,2.8333333333333335,1.0,1.1666666666666667,6.0,2.5,0.0,7,6,-1,1,1460.131120555415,1398.6265435560376,16,0.22589810756037526
2023-05-21,Pacos Ferreira,Rio Ave,3,1,H,5,7,2.45,3.2,2.63,3,0,58,39,0.6666666666666666,2.5,3.0,1.6666666666666667,1.3333333333333333,1.5,6.0,3.8333333333333335,3.0,8,7,-2,-1,1370.355361337614,1484.3778078173805,33,0.22589810756037526
2023-05-21,Sp Lisbon,Benfica,2,2,D,7,4,2.55,3.3,2.5,1,1,155,157,2.5,1.0,16.0,6.333333333333333,1.6666666666666667,0.6666666666666666,12.0,5.166666666666667,1.3333333333333333,8,8,4,4,1717.4914708307854,1748.6230085812624,33,0.22589810756037526
2023-05-26,Rio Ave,Famalicao,2,2,D,5,2,2.9,3.25,2.4,1,1,39,82,1.1666666666666667,1.6666666666666667,5.0,3.6666666666666665,1.5,1.8333333333333333,7.0,4.333333333333333,1.0,5,6,-2,-1,1464.6245003934075,1504.5361353427436,16,0.22745066578303988
2023-05-26,Vizela,Sp Lisbon,1,2,A,3,2,6.5,4.75,1.45,0,3,73,156,0.3333333333333333,1.3333333333333333,2.0,3.8333333333333335,2.1666666666666665,0.8333333333333334,14.0,5.5,0.0,7,5,-1,0,1439.6220354631305,1718.831941802466,33,0.22745066578303988
2023-05-27,Benfica,Santa Clara,3,0,H,4,6,1.06,10.0,29.0,3,0,158,62,1.8333333333333333,0.6666666666666666,13.0,5.666666666666667,1.5,2.1666666666666665,7.0,5.0,3.0,6,7,0,1,1747.2825376095818,1371.895348064097,33,0.22776245554341082
2023-05-27,Chaves,Boavista,1,4,A,5,3,2.1,3.5,3.4,0,3,46,79,1.1666666666666667,0.5,13.0,3.0,1.1666666666666667,1.3333333333333333,8.0,3.8333333333333335,1.0,7,7,-1,0,1527.594102081396,1477.2144757413323,16,0.22776245554341082
2023-05-27,Estoril,Maritimo,3,1,H,3,6,2.25,3.3,3.2,3,0,71,64,1.1666666666666667,0.8333333333333334,7.0,2.5,1.6666666666666667,1.6666666666666667,7.0,5.0,1.3333333333333333,6,8,0,1,1401.2545152999446,1401.8272644471288,33,0.22776245554341082
2023-05-27,Sp Braga,Pacos Ferreira,3,0,H,4,1,1.22,6.5,11.0,3,0,140,61,2.0,1.0,13.0,6.166666666666667,1.0,2.1666666666666665,6.0,2.1666666666666665,2.3333333333333335,7,6,0,1,1688.8791752799339,1390.108668761587,33,0.22776245554341082
2023-05-27,Portimonense,Arouca,0,2,A,3,6,2.88,3.5,2.3,0,3,72,82,0.8333333333333334,1.8333333333333333,7.0,2.3333333333333335,0.5,0.8333333333333334,7.0,3.0,0.3333333333333333,7,7,-2,1,1403.1641193492276,1532.6525448584885,33,0.22776245554341082
2023-05-27,Porto,Guimaraes,3,0,H,6,0,1.22,6.5,11.0,3,0,173,101,2.0,0.6666666666666666,18.0,4.666666666666667,1.3333333333333333,0.8333333333333334,12.0,3.8333333333333335,3.0,7,6,8,4,1792.0410137858714,1546.3415192236278,33,0.22776245554341082
2023-05-27,Gil Vicente,Casa Pia,1,0,H,5,6,2.2,3.4,3.2,3,0,85,41,0.8333333333333334,1.5,3.0,3.3333333333333335,0.8333333333333334,1.3333333333333333,3.0,3.6666666666666665,3.0,6,6,-1,0,1441.266536583112,1457.503148811508,33,0.22776245554341082
2023-08-11,Sp Braga,Famalicao,1,2,A,2,4,1.4,4.0,7.0,0,3,143,83,2.3333333333333335,1.0,13.0,5.166666666666667,1.5,2.0,5.0,4.166666666666667,1.75,14,14,1,0,1693.4358462313785,1502.8205513417686,34,0.2527530217272481
2023-08-12,Farense,Casa Pia,0,3,A,5,5,2.45,3.1,2.8,0,3,0,41,0.0,0.0,0.0,0.0,0.6666666666666666,1.3333333333333333,2.0,4.333333333333333,1.0,14,14,0,-1,1500.0,1441.8026677763091,0,0.12654974800013905
2023-08-12,Sp Lisbon,Vizela,3,2,H,6,4,1.14,6.5,17.0,3,0,159,73,2.3333333333333335,0.8333333333333334,16.0,5.0,0.3333333333333333,1.5,1.0,3.5,3.0,14,14,1,-2,1723.841017099867,1434.6129601657294,34,0.2530994960002781
2023-08-12,Gil Vicente,Portimonense,5,0,H,5,3,1.91,3.2,4.0,3,0,88,72,1.0,1.3333333333333333,6.0,3.6666666666666665,0.6666666666666666,2.1666666666666665,4.0,2.0,1.5,14,14,1,-3,1456.9670176183108,1393.5093552623555,34,0.2530994960002781
2023-08-13,Arouca,Estoril,4,3,H,5,8,2.05,3.2,3.4,3,0,85,74,0.6666666666666666,0.6666666666666666,9.0,3.6666666666666665,1.6666666666666667,0.8333333333333334,10.0,2.5,1.5,14,14,2,1,1542.3073089453605,1416.2792428459513,34,0.2534464452208322
2023-08-13,Rio Ave,Chaves,2,0,H,8,1,2.05,3.2,3.5,3,0,40,46,1.3333333333333333,1.8333333333333333,5.0,3.8333333333333335,1.1666666666666667,1.1666666666666667,10.0,3.5,2.0,14,14,0,-2,1466.3400843943825,1510.4341560948963,17,0.2534464452208322
2023-08-13,Estrela,Guimaraes,0,1,A,0,3,2.45,3.2,2.7,0,3,0,101,0.0,0.0,0.0,0.0,1.1666666666666667,1.0,12.0,3.0,1.0,14,14,0,-1,1500.0,1540.4751007300604,0,0.1267232226104161
2023-08-14,Moreirense,Porto,1,2,A,1,7,7.0,4.75,1.36,0,3,29,176,1.5,1.0,9.0,5.0,2.1666666666666665,0.5,18.0,5.0,0.0,14,14,1,9,1396.3077205111488,1797.9074322794388,17,0.2537938700399692
2023-08-14,Boavista,Benfica,3,2,H,3,5,9.0,5.5,1.3,3,0,82,161,1.6666666666666667,1.3333333333333333,10.0,3.3333333333333335,2.3333333333333335,0.5,16.0,5.666666666666667,0.25,14,14,1,1,1494.374421727832,1750.3820423309114,34,0.2537938700399692
2023-08-18,Casa Pia,Sp Lisbon,1,2,A,3,5,7.5,4.33,1.44,0,3,44,162,1.1666666666666667,1.1666666666666667,5.0,5.0,2.5,1.1666666666666667,16.0,5.166666666666667,0.0,6,6,1,2,1459.2920099824814,1728.614054348605,17,0.2551883383547866
2023-08-19,Guimaraes,Gil Vicente,2,1,H,3,3,2.05,3.3,3.5,3,0,104,91,1.3333333333333333,0.6666666666666666,15.0,3.5,1.8333333333333333,1.1666666666666667,9.0,3.8333333333333335,1.5,6,7,1,2,1553.7355126482178,1469.2573938729338,34,0.25553815096400095
2023-08-19,Chaves,Sp Braga,2,4,A,4,6,4.5,4.0,1.7,0,3,46,143,1.0,1.3333333333333333,9.0,2.8333333333333335,2.3333333333333335,1.3333333333333333,10.0,4.5,1.5,6,8,-3,-1,1493.540617433979,1670.9434000319825,17,0.25553815096400095
2023-08-19,Benfica,Estrela,2,0,H,10,1,1.08,9.5,23.0,3,0,161,0,2.5,1.0,13.0,5.666666666666667,0.0,1.0,0.0,0.0,1.0,5,6,-1,-1,1725.9734764457542,1486.7395880818426,34,0.25553815096400095
2023-08-19,Portimonense,Boavista,1,4,A,5,6,2.6,3.25,2.7,0,3,72,85,0.5,3.0,1.0,1.8333333333333333,1.6666666666666667,1.3333333333333333,10.0,2.8333333333333335,0.5,7,5,-4,2,1381.2189790077325,1518.7829876129892,34,0.25553815096400095
2023-08-20,Estoril,Rio Ave,2,0,H,4,3,2.4,3.2,3.0,3,0,74,43,2.1666666666666665,1.3333333333333333,10.0,3.8333333333333335,1.3333333333333333,1.3333333333333333,8.0,4.666666666666667,0.5,7,7,-1,1,1406.4935937978269,1483.2336230552999,34,0.25588844309693626
2023-08-20,Porto,Farense,2,1,H,8,1,1.13,8.0,17.0,3,0,179,0,2.1666666666666665,0.6666666666666666,18.0,5.5,0.0,3.0,0.0,5.0,1.0,6,8,10,-1,1800.6119594134325,1482.5106577938277,34,0.25588844309693626
2023-08-20,Vizela,Arouca,2,2,D,7,2,2.15,3.25,3.4,1,1,73,88,0.6666666666666666,1.8333333333333333,1.0,2.8333333333333335,1.1666666666666667,1.1666666666666667,9.0,4.166666666666667,1.5,8,7,-3,3,1429.8399229169916,1552.092957993485,34,0.25588844309693626
2023-08-21,Famalicao,Moreirense,0,0,D,2,3,1.95,3.4,4.0,1,1,86,29,1.3333333333333333,1.8333333333333333,5.0,3.6666666666666665,1.3333333333333333,1.1666666666666667,6.0,4.0,2.0,10,7,1,-1,1525.3129975411646,1393.603193377155,34,0.2562392154109245
2023-08-25,Estrela,Estoril,2,1,H,3,4,2.25,3.2,3.2,3,0,0,77,0.0,1.5,0.0,0.5,2.0,1.3333333333333333,10.0,4.0,1.0,6,5,-2,1,1480.6955310957603,1424.7538800390685,1,0.12882355982780452
2023-08-26,Arouca,Portimonense,1,1,D,4,2,1.62,3.8,5.25,1,1,89,72,1.5,1.3333333333333333,10.0,4.166666666666667,0.5,3.0,1.0,2.3333333333333335,2.5,6,7,0,-5,1547.0224308278148,1371.866038266545,35,0.25800030276642183
2023-08-26,Farense,Chaves,5,0,H,10,7,2.25,3.2,3.2,3,0,0,46,0.5,2.5,0.0,3.0,1.1666666666666667,2.0,6.0,2.6666666666666665,1.0,6,7,-2,-4,1478.3675759981143,1485.5968788469856,1,0.12900015138321091
2023-08-26,Gil Vicente,Benfica,2,3,A,7,7,8.0,6.0,1.29,0,3,91,164,2.0,1.1666666666666667,9.0,3.5,2.5,1.0,13.0,6.166666666666667,0.75,7,7,-1,1,1457.834392124243,1732.0175334318365,35,0.25800030276642183
2023-08-27,Boavista,Casa Pia,1,1,D,5,7,2.2,3.2,3.4,1,1,88,44,2.3333333333333335,1.3333333333333333,13.0,3.5,1.3333333333333333,1.3333333333333333,5.0,4.833333333333333,0.5,8,9,3,-1,1528.1359283541767,1454.040904984751,35,0.25835397002124494
2023-08-27,Guimaraes,Vizela,2,0,H,3,4,1.85,3.3,4.33,3,0,107,74,1.3333333333333333,0.6666666666666666,15.0,3.1666666666666665,0.8333333333333334,1.8333333333333333,2.0,3.5,1.5,8,7,2,0,1565.1585143969085,1434.9104500826618,35,0.25835397002124494
2023-08-27,Sp Lisbon,Famalicao,1,0,H,6,1,1.25,6.5,9.0,3,0,165,87,2.5,1.1666666666666667,16.0,5.166666666666667,1.1666666666666667,1.5,6.0,3.6666666666666665,2.5,9,6,3,0,1733.8651593463353,1519.8842268790547,35,0.25835397002124494
2023-08-28,Rio Ave,Porto,1,2,A,1,5,7.5,4.2,1.45,0,3,43,182,1.1666666666666667,1.6666666666666667,5.0,4.833333333333333,2.3333333333333335,0.8333333333333334,18.0,6.666666666666667,1.5,8,8,-1,11,1464.9733368140583,1804.755041209146,18,0.25870812208374383
2023-09-01,Vizela,Gil Vicente,1,0,H,5,1,2.2,3.6,3.0,3,0,74,91,0.8333333333333334,1.6666666666666667,2.0,4.166666666666667,2.0,1.1666666666666667,9.0,4.166666666666667,0.75,5,6,-1,-2,1425.2842952838444,1452.7034072615504,35,0.2601295917156734
2023-09-02,Casa Pia,Rio Ave,1,1,D,5,5,2.1,3.5,3.25,1,1,45,43,1.3333333333333333,1.3333333333333333,5.0,5.5,1.0,1.6666666666666667,4.0,4.5,2.0,6,5,0,-2,1457.1922136887501,1461.256126009868,18,0.26048617780341776
2023-09-02,Famalicao,Farense,1,0,H,4,1,1.8,3.6,4.33,3,0,87,3,1.0,1.3333333333333333,6.0,2.8333333333333335,2.0,1.6666666666666667,3.0,5.333333333333333,1.0,6,7,-1,1,1513.1080904620437,1493.6796450552097,35,0.26048617780341776
2023-09-02,Portimonense,Estrela,1,1,D,4,1,2.63,3.2,2.75,1,1,73,3,0.5,3.0,1.0,2.3333333333333335,0.6666666666666666,1.3333333333333333,3.0,1.3333333333333333,1.0,7,8,0,1,1378.8465478161772,1493.300993149138,35,0.26048617780341776
2023-09-02,Benfica,Guimaraes,4,0,H,9,1,1.2,6.0,13.0,3,0,167,110,2.8333333333333335,1.3333333333333333,13.0,6.666666666666667,1.1666666666666667,0.6666666666666666,15.0,2.8333333333333335,2.5,7,6,2,3,1737.1485182945291,1574.7846691957259,35,0.26048617780341776
2023-09-03,Chaves,Moreirense,1,2,A,3,2,2.4,3.25,2.88,0,3,46,30,0.8333333333333334,2.6666666666666665,3.0,3.3333333333333335,1.0,1.1666666666666667,4.0,4.0,1.0,8,13,-5,0,1470.2848097898902,1399.031964039265,18,0.26084325269997893
2023-09-03,Estoril,Boavista,1,2,A,4,8,2.4,3.25,2.9,0,3,77,89,2.1666666666666665,1.5,10.0,4.333333333333333,2.3333333333333335,1.5,11.0,3.8333333333333335,1.0,9,7,-1,0,1412.1484179856907,1524.9846196501776,35,0.26084325269997893
2023-09-03,Porto,Arouca,1,1,D,3,2,1.25,6.0,10.0,1,1,185,90,2.5,1.0,18.0,6.833333333333333,1.6666666666666667,1.3333333333333333,11.0,4.5,3.0,6,8,12,0,1808.4722520133362,1540.0419212781826,35,0.26084325269997893
2023-09-03,Sp Braga,Sp Lisbon,1,1,D,2,2,2.9,3.8,2.2,1,1,146,168,2.3333333333333335,1.5,10.0,3.6666666666666665,2.0,1.1666666666666667,16.0,4.833333333333333,1.0,14,7,1,4,1678.8871386189758,1740.6412957633463,35,0.26084325269997893
2023-09-09,Moreirense,Sp Braga,2,3,A,3,5,4.2,3.75,1.8,0,3,33,147,1.3333333333333333,1.1666666666666667,7.0,3.1666666666666665,2.5,1.5,11.0,4.0,0.0,6,6,1,0,1417.06578263473,1681.5255535484591,18,0.26299600465222656
2023-09-15,Estrela,Porto,0,1,A,1,4,8.5,5.0,1.33,0,3,4,186,0.75,1.25,4.0,1.25,2.3333333333333335,1.0,16.0,6.0,1.0,13,12,0,0,1488.5309143274721,1798.7456306127217,2,0.13258326168511156
2023-09-16,Rio Ave,Famalicao,1,1,D,0,4,2.55,3.3,2.7,1,1,44,90,1.1666666666666667,1.6666666666666667,5.0,4.833333333333333,1.1666666666666667,1.3333333333333333,8.0,3.0,1.0,14,14,0,1,1461.0806808124057,1527.2701702569218,19,0.2655300140924655
2023-09-16,Farense,Sp Braga,3,1,H,4,7,4.75,3.8,1.7,3,0,3,150,1.5,1.5,3.0,4.25,2.1666666666666665,1.3333333333333333,11.0,3.3333333333333335,1.0,14,7,-1,1,1479.5175652603316,1686.8990130470788,2,0.13276500704623276
2023-09-16,Vizela,Benfica,1,2,A,2,7,8.0,5.25,1.33,0,3,77,170,1.0,1.6666666666666667,4.0,4.333333333333333,2.6666666666666665,1.1666666666666667,13.0,6.5,0.25,14,14,1,3,1441.4656220350907,1745.6080387485208,36,0.2655300140924655
2023-09-17,Gil Vicente,Estoril,5,3,H,7,6,2.15,3.5,3.2,3,0,91,77,1.5,1.1666666666666667,6.0,3.8333333333333335,2.0,1.8333333333333333,7.0,4.333333333333333,0.5,14,14,-3,-2,1436.522080510304,1401.855604193942,36,0.2658940030884096
2023-09-17,Arouca,Casa Pia,0,1,A,5,2,2.3,3.25,3.1,0,3,91,46,1.8333333333333333,1.1666666666666667,12.0,4.166666666666667,1.3333333333333333,1.1666666666666667,6.0,6.0,2.0,14,14,0,0,1549.768542678797,1457.3676588862124,36,0.2658940030884096
2023-09-17,Sp Lisbon,Moreirense,3,0,H,9,1,1.22,6.0,13.0,3,0,169,33,1.8333333333333333,1.1666666666666667,14.0,4.666666666666667,1.5,1.3333333333333333,7.0,3.3333333333333335,3.0,14,8,0,-1,1738.002880833863,1411.6923231361104,36,0.2658940030884096
2023-09-17,Guimaraes,Portimonense,1,2,A,3,2,1.5,4.0,7.0,0,3,110,74,1.0,1.3333333333333333,12.0,2.5,0.5,2.3333333333333335,2.0,2.8333333333333335,1.0,14,14,-1,0,1566.3251487417342,1383.6166266378432,36,0.2658940030884096
2023-09-18,Boavista,Chaves,4,1,H,4,10,1.7,4.0,4.5,3,0,92,46,2.5,1.1666666666666667,14.0,4.333333333333333,0.6666666666666666,3.0,0.0,3.8333333333333335,2.0,14,14,1,-6,1535.2774334419262,1452.250991194425,36,0.2662584910410898
2023-09-22,Famalicao,Arouca,1,0,H,4,6,2.0,3.3,3.8,3,0,91,91,1.0,0.8333333333333334,9.0,2.8333333333333335,1.6666666666666667,1.3333333333333333,9.0,4.0,0.25,6,5,0,-1,1524.4466168489523,1530.8707425549787,36,0.26772144611265797
2023-09-23,Casa Pia,Guimaraes,0,0,D,2,3,2.38,3.1,3.1,1,1,49,110,1.1666666666666667,0.8333333333333334,8.0,4.666666666666667,1.0,1.6666666666666667,9.0,2.1666666666666665,2.0,6,6,1,-2,1476.2654590100308,1544.0917969545185,19,0.2680884391273509
2023-09-23,Porto,Gil Vicente,2,1,H,7,4,1.22,7.0,11.0,3,0,189,94,1.8333333333333333,0.6666666666666666,16.0,5.5,2.3333333333333335,1.5,9.0,4.666666666666667,1.75,8,6,1,1,1803.0535068237596,1450.0303555129049,36,0.2680884391273509
2023-09-23,Estoril,Vizela,2,2,D,6,7,2.6,3.2,2.8,1,1,77,77,2.1666666666666665,2.3333333333333335,6.0,4.833333333333333,1.1666666666666667,1.8333333333333333,4.0,4.166666666666667,1.0,6,7,-3,-1,1388.3473291913413,1437.0271736774318,36,0.2680884391273509
2023-09-23,Moreirense,Farense,1,0,H,3,2,2.15,3.3,3.3,3,0,33,6,1.5,1.6666666666666667,7.0,2.6666666666666665,1.8,1.4,6.0,4.2,1.0,6,7,-2,1,1407.7151215557021,1502.5400773800823,19,0.2680884391273509
2023-09-24,Sp Braga,Boavista,4,1,H,9,2,1.5,4.0,6.0,3,0,150,95,2.1666666666666665,1.6666666666666667,10.0,4.333333333333333,3.0,1.1666666666666667,16.0,4.833333333333333,1.5,8,6,-1,2,1663.8765009273282,1546.7596036807697,36,0.2684559352166939
2023-09-24,Chaves,Estrela,2,2,D,8,3,2.7,3.25,2.63,1,1,46,4,0.8333333333333334,3.5,0.0,5.0,0.6,1.2,4.0,1.2,1.0,6,9,-7,-1,1440.7688209555815,1484.2230381164343,19,0.2684559352166939
2023-09-24,Portimonense,Benfica,1,3,A,2,7,13.0,5.75,1.25,0,3,77,173,0.8333333333333334,2.3333333333333335,5.0,3.1666666666666665,2.6666666666666665,1.0,15.0,7.0,0.75,7,8,1,4,1405.849978425059,1750.0464871061797,36,0.2684559352166939
2023-09-25,Sp Lisbon,Rio Ave,2,0,H,6,2,1.2,6.0,15.0,3,0,172,45,2.0,0.8333333333333334,16.0,5.0,1.1666666666666667,1.3333333333333333,6.0,3.6666666666666665,3.0,8,9,1,0,1741.9800824142712,1463.9042342203752,37,0.26882393507030267
2023-09-28,Estrela,Sp Braga,2,4,A,9,9,4.5,3.8,1.7,0,3,5,153,0.8333333333333334,1.3333333333333333,5.0,1.5,2.3333333333333335,1.8333333333333333,10.0,5.166666666666667,1.0,4,4,0,1,1482.3566902730438,1674.0033523210109,3,0.13496548206353337
2023-09-29,Benfica,Porto,1,0,H,2,3,1.91,3.75,3.8,3,0,176,192,2.6666666666666665,1.1666666666666667,15.0,7.5,1.6666666666666667,0.8333333333333334,16.0,5.666666666666667,0.75,5,6,5,2,1753.6817231495716,1806.5295165410053,36,0.2703009859528202
2023-09-30,Vizela,Portimonense,2,3,A,4,7,1.75,3.5,4.5,0,3,78,77,1.3333333333333333,1.8333333333333333,5.0,4.833333333333333,1.0,2.5,5.0,3.0,2.0,7,6,0,-1,1434.9391416157855,1402.2147423816673,37,0.27067151500512304
2023-09-30,Boavista,Famalicao,2,2,D,6,3,2.15,3.4,3.2,1,1,95,94,2.5,1.6666666666666667,13.0,4.666666666666667,0.8333333333333334,0.5,11.0,3.1666666666666665,0.75,6,8,-1,1,1536.632752287087,1539.7239370474595,37,0.27067151500512304
2023-09-30,Farense,Sp Lisbon,2,3,A,4,10,6.5,4.5,1.45,0,3,6,175,1.5,1.3333333333333333,6.0,3.8333333333333335,2.0,0.6666666666666666,16.0,5.666666666666667,1.0,7,5,-1,2,1483.5448665804815,1747.0164571256269,3,0.13533575750256152
2023-10-01,Arouca,Chaves,0,2,A,2,3,1.8,3.6,4.2,0,3,91,47,1.3333333333333333,1.5,6.0,4.0,1.0,3.1666666666666665,1.0,5.5,2.0,9,7,-2,0,1515.5934223564716,1442.635168798972,37,0.2710425519792825
2023-10-01,Guimaraes,Estoril,3,2,H,8,5,1.83,3.5,4.33,3,0,111,78,1.0,1.1666666666666667,10.0,2.6666666666666665,2.0,2.5,4.0,5.333333333333333,2.5,8,8,0,0,1541.200140019606,1390.4353612529876,37,0.2710425519792825
2023-10-01,Rio Ave,Moreirense,0,4,A,4,6,2.3,3.2,3.1,0,3,45,36,0.8333333333333334,1.3333333333333333,5.0,3.1666666666666665,1.0,1.5,7.0,2.1666666666666665,1.0,6,8,-1,1,1458.8678595090196,1426.7103323553029,20,0.2710425519792825
2023-10-02,Gil Vicente,Casa Pia,2,0,H,9,1,2.25,3.2,3.2,3,0,94,50,2.3333333333333335,1.8333333333333333,6.0,4.5,1.1666666666666667,0.6666666666666666,9.0,4.0,3.0,9,9,-1,0,1446.5543457956592,1479.1571159449436,37,0.2714140975715586
2023-10-06,Moreirense,Boavista,1,1,D,6,1,1.83,3.4,3.6,1,1,39,96,1.5,1.1666666666666667,10.0,3.0,2.3333333333333335,1.6666666666666667,11.0,5.166666666666667,0.0,5,6,2,0,1443.0947333830027,1536.766205939787,20,0.2729053800804651
2023-10-07,Farense,Vizela,0,0,D,6,6,2.05,3.25,3.4,1,1,6,78,1.8333333333333333,1.3333333333333333,6.0,3.6666666666666665,1.3333333333333333,1.8333333333333333,5.0,4.833333333333333,1.0,7,7,-2,-1,1478.1462696832216,1418.5304788979113,4,0.13663973962033885
2023-10-07,Chaves,Gil Vicente,4,2,H,9,5,2.45,3.25,2.6,3,0,50,97,1.3333333333333333,2.8333333333333335,4.0,5.833333333333333,1.8333333333333333,1.8333333333333333,6.0,5.166666666666667,2.0,6,5,1,1,1460.7395332556644,1462.957803504109,20,0.2732794792406777
2023-10-07,Estoril,Benfica,0,1,A,4,5,8.5,5.25,1.25,0,3,78,179,1.8333333333333333,2.3333333333333335,4.0,4.833333333333333,2.5,0.6666666666666666,18.0,7.0,0.25,6,8,-1,6,1381.56444157163,1770.9459105828055,37,0.2732794792406777
2023-10-07,Sp Braga,Rio Ave,2,1,H,11,3,1.29,4.75,8.0,3,0,156,45,2.8333333333333335,1.8333333333333333,13.0,6.333333333333333,0.5,2.0,2.0,2.5,3.0,9,6,2,-2,1681.477537510381,1442.4834584813198,37,0.2732794792406777
2023-10-08,Casa Pia,Estrela,0,1,A,2,6,1.95,3.2,3.6,0,3,50,5,0.6666666666666666,1.0,6.0,3.3333333333333335,1.1666666666666667,1.8333333333333333,5.0,3.0,1.0,6,10,-1,-1,1462.7536582364937,1474.8825050836738,20,0.2736540912166568
2023-10-08,Famalicao,Guimaraes,1,3,A,6,4,2.4,3.1,2.7,0,3,95,114,0.8333333333333334,0.6666666666666666,9.0,3.0,1.3333333333333333,1.5,10.0,3.5,0.75,8,7,0,1,1539.5904833947595,1550.0710597009636,37,0.2736540912166568
2023-10-08,Porto,Portimonense,1,0,H,7,2,1.13,7.5,15.0,3,0,192,80,1.3333333333333333,0.8333333333333334,13.0,5.0,1.5,2.0,8.0,3.6666666666666665,3.0,9,8,-1,1,1789.2653291077713,1418.6234050995415,37,0.2736540912166568
2023-10-08,Sp Lisbon,Arouca,2,1,H,5,5,1.22,5.0,11.0,3,0,178,91,2.0,0.6666666666666666,16.0,6.333333333333333,0.6666666666666666,1.3333333333333333,3.0,3.5,1.75,8,7,3,-3,1752.4150540228868,1497.4890578997793,38,0.2736540912166568
2023-10-27,Arouca,Moreirense,0,1,A,3,5,2.5,3.2,2.88,0,3,91,40,0.5,1.3333333333333333,2.0,4.0,1.6666666666666667,1.3333333333333333,10.0,3.5,0.5,14,14,-4,0,1491.8692430332621,1447.0436363777935,38,0.28087009449861255
2023-10-28,Guimaraes,Chaves,5,0,H,6,3,1.6,4.0,5.5,3,0,117,53,1.5,1.5,10.0,3.6666666666666665,1.6666666666666667,2.5,7.0,6.666666666666667,3.0,14,14,2,2,1564.6187140460327,1475.8353023794646,38,0.2812551117029263
2023-10-28,Gil Vicente,Sp Braga,3,3,D,6,7,4.0,3.8,1.8,1,1,97,159,2.0,2.1666666666666665,6.0,5.5,2.5,1.6666666666666667,13.0,7.166666666666667,0.75,14,14,-1,3,1447.8620343803088,1687.5282598208946,38,0.2812551117029263
2023-10-28,Portimonense,Estoril,1,0,H,8,4,2.45,3.4,2.75,3,0,80,78,1.3333333333333333,1.5,8.0,3.1666666666666665,1.5,2.5,1.0,4.833333333333333,1.0,14,14,-1,-2,1415.4471550688518,1378.6817816196,37,0.2812551117029263
2023-10-28,Benfica,Casa Pia,1,1,D,7,3,1.2,6.5,12.0,1,1,182,50,2.3333333333333335,0.6666666666666666,18.0,6.166666666666667,0.5,0.8333333333333334,6.0,3.1666666666666665,3.0,14,14,7,-2,1773.8285705348353,1448.2770900329276,37,0.2812551117029263
2023-10-29,Rio Ave,Farense,3,4,A,4,7,2.38,3.3,3.0,0,3,45,7,0.6666666666666666,2.0,2.0,2.5,1.6666666666666667,1.0,7.0,4.5,1.0,14,14,-3,0,1436.432736170806,1475.597414982874,21,0.28164065668948
2023-10-29,Estrela,Famalicao,1,0,H,4,1,2.45,3.25,2.8,3,0,8,95,1.3333333333333333,1.5,8.0,3.8333333333333335,1.0,1.1666666666666667,8.0,3.6666666666666665,1.0,14,14,1,-1,1489.3590732872399,1525.0428290496905,4,0.14082032834474
2023-10-29,Vizela,Porto,0,2,A,1,3,6.0,4.5,1.45,0,3,79,195,1.0,1.5,5.0,4.666666666666667,1.1666666666666667,0.6666666666666666,13.0,4.833333333333333,0.0,14,14,0,1,1421.079333598259,1792.441579138461,38,0.28164065668948
2023-10-30,Boavista,Sp Lisbon,0,2,A,2,6,6.0,4.5,1.45,0,3,97,181,1.8333333333333333,1.6666666666666667,9.0,4.333333333333333,2.0,0.6666666666666666,16.0,6.333333333333333,0.75,14,14,0,4,1532.817302944996,1758.034868889404,38,0.28202673018175856
2023-11-03,Porto,Estoril,0,1,A,4,3,1.18,7.5,12.0,0,3,198,78,1.1666666666666667,0.5,13.0,4.5,1.3333333333333333,2.3333333333333335,1.0,4.833333333333333,2.5,5,6,2,-3,1795.6060724747238,1365.2631721342739,38,0.2835763237125561
2023-11-04,Chaves,Benfica,0,2,A,0,5,8.5,5.75,1.29,0,3,53,183,1.6666666666666667,2.5,7.0,6.0,2.0,0.5,16.0,6.166666666666667,1.5,7,7,-1,0,1464.5870796598604,1762.8208711477193,21,0.2839650506204894
2023-11-04,Famalicao,Gil Vicente,3,1,H,5,4,2.1,3.4,3.4,3,0,95,98,1.0,1.1666666666666667,8.0,3.6666666666666665,2.1666666666666665,2.1666666666666665,7.0,5.333333333333333,0.5,6,7,-2,0,1508.5076317131263,1456.8299800120067,38,0.2839650506204894
2023-11-04,Sp Braga,Portimonense,6,1,H,10,3,1.25,6.0,10.0,3,0,160,83,2.8333333333333335,2.0,13.0,8.0,1.3333333333333333,1.3333333333333333,10.0,4.166666666666667,3.0,7,7,0,1,1678.5603141891968,1428.865764554178,38,0.2839650506204894
2023-11-05,Casa Pia,Vizela,0,1,A,2,4,2.05,3.4,3.5,0,3,51,79,0.5,0.8333333333333334,6.0,2.5,1.0,1.5,5.0,4.166666666666667,0.0,8,7,0,-1,1459.2847894200436,1417.9148402619962,21,0.2843543103959307
2023-11-05,Moreirense,Guimaraes,1,0,H,3,2,2.55,3.3,2.63,3,0,43,120,1.5,1.1666666666666667,10.0,4.0,2.0,1.5,10.0,4.166666666666667,0.0,9,8,1,3,1463.9682463475383,1575.8669367656369,21,0.2843543103959307
2023-11-05,Rio Ave,Boavista,2,0,H,3,2,2.6,3.3,2.63,3,0,45,97,1.0,2.3333333333333335,2.0,3.0,1.6666666666666667,1.8333333333333333,8.0,3.8333333333333335,1.5,7,6,-4,-1,1423.1164855498434,1526.3744434850512,22,0.2843543103959307
2023-11-05,Sp Lisbon,Estrela,3,2,H,8,4,1.25,6.0,10.0,3,0,184,11,2.1666666666666665,0.6666666666666666,16.0,6.333333333333333,1.1666666666666667,1.3333333333333333,8.0,4.0,1.0,6,7,5,2,1764.4777283493488,1505.894270623804,39,0.2843543103959307
2023-11-06,Farense,Arouca,2,0,H,2,5,2.2,3.3,3.2,3,0,10,91,1.5,1.5,7.0,4.0,0.3333333333333333,1.3333333333333333,1.0,3.8333333333333335,1.0,8,10,1,-5,1488.9136656038365,1474.9446330635174,5,0.14237205188466787
2023-11-10,Estoril,Casa Pia,4,0,H,6,3,2.45,3.25,2.88,3,0,81,51,1.3333333333333333,2.0,4.0,4.666666666666667,0.3333333333333333,0.8333333333333334,5.0,2.0,2.0,7,5,1,-1,1392.9391230269794,1442.507098700507,38,0.28630862788678146
2023-11-11,Portimonense,Chaves,2,1,H,7,8,2.2,3.4,3.1,3,0,83,53,1.3333333333333333,2.1666666666666665,9.0,4.0,1.5,2.5,7.0,5.5,1.5,7,7,-1,-2,1423.1071172949255,1460.0184559869406,38,0.2867011002419343
2023-11-11,Estrela,Moreirense,0,1,A,3,2,2.6,3.3,2.7,0,3,11,46,1.3333333333333333,1.6666666666666667,7.0,4.5,1.3333333333333333,0.6666666666666666,13.0,4.0,1.0,6,6,-1,2,1500.369978698419,1483.63891207224,5,0.14335055012096715
2023-11-11,Vizela,Famalicao,0,0,D,4,2,2.63,3.2,2.7,1,1,82,98,1.0,1.5,5.0,4.0,1.3333333333333333,1.3333333333333333,8.0,3.8333333333333335,0.75,6,7,1,1,1434.6925309815329,1521.2928372219137,39,0.2867011002419343
2023-11-11,Guimaraes,Porto,1,2,A,8,4,5.0,3.75,1.7,0,3,120,198,2.0,1.0,10.0,4.333333333333333,1.0,0.5,12.0,4.666666666666667,0.0,6,8,-1,-1,1556.1962710409352,1767.9301215820183,39,0.2867011002419343
2023-11-12,Boavista,Farense,1,3,A,2,7,2.05,3.6,3.4,0,3,97,13,1.3333333333333333,2.0,5.0,2.8333333333333335,1.8333333333333333,1.3333333333333333,10.0,4.166666666666667,1.0,7,6,-2,2,1507.0432172934684,1503.3108987517535,39,0.28709411059886064
2023-11-12,Gil Vicente,Rio Ave,1,1,D,2,5,2.0,3.6,3.6,1,1,98,48,2.3333333333333335,2.5,7.0,5.833333333333333,1.1666666666666667,2.1666666666666665,4.0,2.6666666666666665,0.5,8,7,-1,1,1444.0447745032193,1442.4477117414262,39,0.28709411059886064
2023-11-12,Arouca,Sp Braga,0,1,A,7,5,5.0,4.2,1.6,0,3,91,163,0.16666666666666666,1.5,0.0,4.333333333333333,3.3333333333333335,1.8333333333333333,13.0,8.833333333333334,0.0,6,8,-6,1,1460.5473999156004,1684.3189614484493,39,0.28709411059886064
2023-11-12,Benfica,Sp Lisbon,2,1,H,4,3,2.25,3.4,3.0,3,0,186,187,1.6666666666666667,0.5,16.0,5.5,2.5,0.8333333333333334,18.0,7.333333333333333,1.25,8,7,1,6,1767.3894948206391,1770.002020274734,38,0.28709411059886064
2023-12-01,Chaves,Vizela,2,1,H,5,2,2.45,3.3,2.6,3,0,53,83,1.5,2.1666666666666665,7.0,5.166666666666667,0.8333333333333334,1.1666666666666667,6.0,4.333333333333333,1.0,14,14,-3,0,1443.4308339651197,1438.3558144606031,22,0.29466451466298754
2023-12-02,Farense,Guimaraes,1,2,A,2,5,2.9,3.6,2.1,0,3,16,120,1.8333333333333333,1.3333333333333333,10.0,4.666666666666667,2.0,1.0,10.0,5.166666666666667,1.0,14,14,3,-2,1518.4720296980215,1549.3520409767618,6,0.2950684412819768
2023-12-02,Rio Ave,Estrela,1,1,D,3,0,2.1,3.5,3.0,1,1,49,11,1.1666666666666667,2.1666666666666665,4.0,3.5,1.3333333333333333,1.6666666666666667,7.0,4.833333333333333,1.0,14,14,0,-2,1442.5166619978147,1484.6481983344083,23,0.2950684412819768
2023-12-02,Famalicao,Porto,0,3,A,0,5,5.0,3.8,1.57,0,3,99,201,1.1666666666666667,1.1666666666666667,8.0,3.5,1.1666666666666667,0.6666666666666666,12.0,4.666666666666667,0.0,14,14,0,1,1517.6295537428434,1774.7743516461917,39,0.2950684412819768
2023-12-02,Casa Pia,Portimonense,1,0,H,3,2,1.85,3.3,3.6,3,0,51,86,0.16666666666666666,1.5,2.0,2.1666666666666665,1.3333333333333333,2.1666666666666665,9.0,4.833333333333333,2.0,14,14,-2,1,1425.381479384975,1439.6947393167463,22,0.2950684412819768
2023-12-03,Sp Braga,Estoril,3,1,H,6,1,1.33,5.25,6.5,3,0,166,84,3.3333333333333335,1.3333333333333333,16.0,8.5,1.5,1.1666666666666667,7.0,4.666666666666667,2.5,14,14,2,2,1690.804032831918,1410.0647423425114,39,0.2954729216042639
2023-12-03,Moreirense,Benfica,0,0,D,4,3,5.5,4.33,1.45,1,1,49,189,1.5,0.16666666666666666,16.0,4.166666666666667,1.6666666666666667,0.5,16.0,5.0,0.5,14,14,3,2,1499.3606924362505,1782.5022844854627,22,0.2954729216042639
2023-12-03,Boavista,Arouca,0,4,A,2,7,2.1,3.3,3.25,0,3,97,91,0.8333333333333334,2.3333333333333335,2.0,2.5,0.16666666666666666,1.5,0.0,4.666666666666667,1.75,14,14,-3,-7,1491.8820863472004,1454.0623285321317,40,0.2954729216042639
2023-12-04,Sp Lisbon,Gil Vicente,3,1,H,4,1,1.17,7.0,11.0,3,0,187,99,2.1666666666666665,1.1666666666666667,15.0,6.333333333333333,1.6666666666666667,2.1666666666666665,5.0,5.0,2.5,14,14,-1,0,1754.8892306099103,1443.9758242468308,40,0.29587795638886627
2023-12-08,Vizela,Sp Braga,1,3,A,5,4,5.25,4.33,1.57,0,3,83,169,0.6666666666666666,1.1666666666666667,5.0,3.5,3.1666666666666665,1.3333333333333333,16.0,8.0,0.0,7,5,-1,3,1423.5749050834363,1695.776479838831,40,0.29750365536722306
2023-12-08,Benfica,Farense,1,1,D,13,5,1.17,8.0,13.0,1,1,190,16,1.1666666666666667,0.3333333333333333,14.0,4.333333333333333,2.0,1.5,10.0,4.666666666666667,1.0,5,6,0,-1,1772.4176308727217,1504.801727426631,39,0.29750365536722306
2023-12-09,Portimonense,Famalicao,1,1,D,4,8,2.9,3.25,2.45,1,1,86,99,1.1666666666666667,1.8333333333333333,9.0,4.833333333333333,1.0,1.6666666666666667,5.0,2.8333333333333335,2.25,7,7,-1,-1,1424.077135567293,1512.0678387425228,39,0.2979114738851293
2023-12-09,Guimaraes,Sp Lisbon,3,2,H,5,4,5.0,4.0,1.62,3,0,123,190,2.3333333333333335,1.1666666666666667,12.0,5.5,2.3333333333333335,1.3333333333333333,15.0,6.0,0.0,7,5,1,1,1563.0223432481523,1759.1822898455232,40,0.2979114738851293
2023-12-09,Porto,Casa Pia,3,1,H,6,3,1.25,6.0,10.0,3,0,204,54,1.3333333333333333,0.5,12.0,4.333333333333333,0.3333333333333333,1.5,4.0,2.3333333333333335,2.0,7,7,2,1,1780.3360666465123,1440.9990831344282,39,0.2979114738851293
2023-12-10,Arouca,Rio Ave,2,2,D,5,9,2.15,3.2,3.5,1,1,94,50,0.8333333333333334,1.3333333333333333,3.0,4.833333333333333,1.3333333333333333,2.0,5.0,3.6666666666666665,0.0,7,8,1,0,1470.6887199885,1444.3267627941013,40,0.298319851441355
2023-12-10,Estoril,Chaves,4,0,H,10,2,1.95,3.6,3.75,3,0,84,56,1.3333333333333333,1.3333333333333333,6.0,3.8333333333333335,1.5,2.0,9.0,4.666666666666667,0.5,7,9,-1,1,1405.0922953355985,1458.2117433422866,39,0.298319851441355
2023-12-10,Estrela,Boavista,3,1,H,2,6,2.3,3.4,3.0,3,0,12,97,1.1666666666666667,1.5,7.0,4.333333333333333,0.6666666666666666,2.3333333333333335,2.0,2.5,1.0,8,7,0,-4,1482.8380975381217,1475.255694890832,6,0.298319851441355
2023-12-11,Gil Vicente,Moreirense,1,1,D,4,4,2.88,3.25,2.45,1,1,99,50,1.6666666666666667,2.3333333333333335,5.0,4.5,1.3333333333333333,0.16666666666666666,14.0,4.333333333333333,0.5,7,8,-1,0,1439.682765011218,1509.4453460489915,40,0.29872878880223097
2023-12-15,Farense,Estrela,0,0,D,1,2,2.15,3.4,3.3,1,1,17,15,1.8333333333333333,1.1666666666666667,11.0,4.833333333333333,1.3333333333333333,1.0,10.0,3.1666666666666665,1.0,7,5,0,1,1514.5079408325614,1497.5107908630443,7,0.30037015165564773
2023-12-16,Rio Ave,Vizela,1,1,D,4,4,2.15,3.2,3.4,1,1,51,83,1.6666666666666667,1.6666666666666667,6.0,4.5,0.5,1.1666666666666667,5.0,3.6666666666666665,0.0,6,8,0,-2,1445.4627208553188,1418.3952200548995,24,0.30078189957155244
2023-12-16,Arouca,Gil Vicente,3,0,H,7,5,1.95,3.3,4.0,3,0,95,100,1.1666666666666667,1.3333333333333333,4.0,5.333333333333333,1.5,2.5,3.0,3.6666666666666665,2.0,6,5,0,0,1469.5527619272825,1442.6548224524531,41,0.30078189957155244
2023-12-16,Boavista,Guimaraes,1,1,D,4,3,3.8,3.5,1.95,1,1,97,126,0.5,2.5,1.0,2.5,2.3333333333333335,1.1666666666666667,12.0,5.0,1.25,6,7,-5,2,1460.5830015659094,1585.6930105351375,41,0.30078189957155244
2023-12-17,Moreirense,Portimonense,5,2,H,5,3,1.7,3.6,5.0,3,0,51,87,0.8333333333333334,0.3333333333333333,12.0,4.0,0.8333333333333334,1.6666666666666667,7.0,4.333333333333333,0.0,6,8,0,0,1506.4732886077563,1427.7968116340749,23,0.30119421191220214
2023-12-17,Famalicao,Estoril,1,1,D,3,5,2.2,3.25,3.3,1,1,100,87,0.8333333333333334,1.5,5.0,3.6666666666666665,1.6666666666666667,0.8333333333333334,9.0,4.666666666666667,1.75,8,7,0,1,1508.348162675741,1422.367942462009,40,0.30119421191220214
2023-12-17,Chaves,Casa Pia,1,3,A,5,6,2.7,3.1,2.63,0,3,56,54,1.1666666666666667,2.6666666666666665,6.0,4.5,0.5,1.6666666666666667,4.0,2.6666666666666665,3.0,7,8,-1,-1,1440.936096215876,1437.27352728465,23,0.30119421191220214
2023-12-17,Sp Braga,Benfica,0,1,A,6,6,3.0,3.3,2.3,0,3,172,191,3.0,1.1666666666666667,16.0,7.166666666666667,1.1666666666666667,0.5,12.0,6.166666666666667,1.5,9,9,4,0,1700.9561648673678,1762.7114174667913,40,0.30119421191220214
2023-12-18,Sp Lisbon,Porto,2,0,H,6,3,2.15,3.3,3.3,3,0,190,207,2.1666666666666665,1.5,12.0,5.0,1.8333333333333333,0.5,15.0,4.833333333333333,0.5,9,9,-1,3,1736.511622558538,1784.0616224962905,41,0.3016070894513112
2023-12-23,Guimaraes,Rio Ave,1,0,H,3,4,1.67,3.75,4.75,3,0,127,52,2.0,1.1666666666666667,10.0,4.833333333333333,1.6666666666666667,1.5,7.0,4.666666666666667,2.0,7,7,0,0,1580.5135375920313,1444.2964814225363,41,0.3036799822780756
2023-12-23,Vizela,Moreirense,0,0,D,3,5,2.75,3.25,2.6,1,1,84,54,0.6666666666666666,1.3333333333333333,5.0,3.3333333333333335,1.5,0.5,14.0,3.8333333333333335,0.0,7,6,0,1,1419.561459487682,1518.1334459853879,41,0.3036799822780756
2023-12-28,Estrela,Arouca,1,4,A,2,5,2.55,3.3,2.7,0,3,16,98,1.1666666666666667,1.0,8.0,2.5,1.5,1.0,7.0,5.666666666666667,1.0,13,12,0,1,1498.2440319450268,1483.39379906853,7,0.30576712173504716
2023-12-29,Benfica,Famalicao,3,0,H,10,3,1.29,5.5,10.0,3,0,194,101,1.1666666666666667,0.5,12.0,6.333333333333333,0.8333333333333334,1.1666666666666667,6.0,3.1666666666666665,2.5,12,12,1,0,1775.072956705976,1504.7100646981712,40,0.30618626782673647
2023-12-29,Porto,Chaves,1,0,H,10,2,1.18,6.5,15.0,3,0,207,56,1.6666666666666667,0.8333333333333334,12.0,4.166666666666667,0.6666666666666666,2.8333333333333335,3.0,3.8333333333333335,3.0,11,12,-1,-2,1767.0214460312798,1425.7779762613277,40,0.30618626782673647
2023-12-30,Estoril,Farense,4,0,H,7,4,1.95,3.8,3.5,3,0,88,18,1.8333333333333333,0.8333333333333334,10.0,4.833333333333333,1.8333333333333333,1.1666666666666667,11.0,4.0,1.0,13,14,0,0,1426.0060404395788,1513.774699750579,40,0.3066059884846027
2023-12-30,Gil Vicente,Boavista,1,0,H,3,1,2.2,3.4,3.1,3,0,100,98,1.1666666666666667,2.3333333333333335,3.0,3.6666666666666665,0.5,2.5,1.0,3.0,1.75,14,14,-1,0,1428.8137853112057,1465.7624745090156,41,0.3066059884846027
2023-12-30,Casa Pia,Sp Braga,1,3,A,3,6,5.25,4.0,1.62,0,3,57,172,1.0,1.6666666666666667,7.0,3.3333333333333335,2.6666666666666665,1.1666666666666667,13.0,6.333333333333333,1.5,13,13,1,-1,1452.4316472391984,1688.5946256281832,23,0.3066059884846027
2023-12-30,Portimonense,Sp Lisbon,1,2,A,3,6,8.5,5.5,1.33,0,3,87,193,1.1666666666666667,2.3333333333333335,7.0,4.5,2.1666666666666665,1.3333333333333333,12.0,5.166666666666667,0.0,13,12,-1,1,1416.1366542564433,1753.5517990235487,40,0.3066059884846027
2024-01-05,Sp Lisbon,Estoril,5,1,H,8,3,1.25,5.75,11.0,3,0,196,91,2.1666666666666665,1.5,12.0,5.166666666666667,2.5,0.6666666666666666,13.0,5.333333333333333,3.0,6,6,2,1,1757.31360261528,1444.716718176823,42,0.30913642250368856
2024-01-05,Boavista,Porto,1,1,D,2,7,6.5,5.25,1.4,1,1,98,210,0.5,2.3333333333333335,1.0,2.8333333333333335,1.5,0.8333333333333334,12.0,5.333333333333333,0.0,6,7,-1,1,1449.173258018851,1770.7113402776831,42,0.30913642250368856
2024-01-06,Estrela,Vizela,1,1,D,4,7,2.5,3.3,2.7,1,1,16,85,1.1666666666666667,1.6666666666666667,5.0,2.1666666666666665,0.6666666666666666,1.0,6.0,3.6666666666666665,1.0,9,14,-1,0,1482.6032860023508,1423.7065300431088,8,0.3095601872386148
2024-01-06,Farense,Gil Vicente,1,0,H,5,6,2.15,3.4,3.3,3,0,18,103,1.1666666666666667,1.3333333333333333,8.0,3.5,0.8333333333333334,1.8333333333333333,5.0,3.1666666666666665,1.0,7,7,-1,1,1495.0640220133348,1445.4030018013705,8,0.3095601872386148
2024-01-06,Arouca,Benfica,0,3,A,1,5,6.0,4.75,1.5,0,3,101,197,2.1666666666666665,1.0,10.0,6.0,1.5,0.3333333333333333,14.0,6.833333333333333,0.0,9,8,2,2,1499.0345450112059,1780.298156795771,42,0.3095601872386148
2024-01-06,Sp Braga,Guimaraes,1,1,D,4,4,1.6,4.2,5.0,1,1,175,130,2.6666666666666665,0.8333333333333334,15.0,6.166666666666667,1.3333333333333333,1.1666666666666667,10.0,4.333333333333333,1.0,7,14,1,1,1694.7244515373018,1589.916461668657,41,0.3095601872386148
2024-01-07,Rio Ave,Portimonense,2,0,H,3,3,1.8,3.6,4.33,3,0,52,87,1.1666666666666667,1.0,7.0,4.666666666666667,1.1666666666666667,2.6666666666666665,4.0,3.6666666666666665,2.0,14,8,-1,-2,1434.8935573459107,1412.374850664712,25,0.3099845328709621
2024-01-07,Famalicao,Chaves,2,2,D,7,5,1.8,3.6,4.5,1,1,101,56,0.8333333333333334,1.5,6.0,3.5,0.6666666666666666,2.1666666666666665,3.0,3.6666666666666665,1.5,9,9,-1,-3,1499.484864608376,1422.0880820149243,41,0.3099845328709621
2024-01-08,Moreirense,Casa Pia,1,4,A,4,7,1.91,3.5,4.0,0,3,55,57,1.3333333333333333,0.5,12.0,3.8333333333333335,1.0,2.0,6.0,3.3333333333333335,1.0,14,9,0,-1,1513.988375429961,1446.3018213300797,24,0.31040946019702553
2024-01-12,Portimonense,Farense,1,0,H,4,3,2.63,3.3,2.63,3,0,87,21,1.0,2.0,4.0,3.6666666666666665,1.0,1.3333333333333333,8.0,4.0,1.0,5,6,-3,1,1398.3457022928947,1507.934466458716,41,0.3121150024025806
2024-01-13,Casa Pia,Famalicao,0,2,A,1,4,2.45,3.0,3.0,0,3,60,102,1.6666666666666667,2.0,9.0,4.166666666666667,0.6666666666666666,1.6666666666666667,4.0,3.8333333333333335,1.5,5,6,1,0,1464.1876671380176,1496.1975746901053,24,0.3125428501799096
2024-01-13,Chaves,Sp Lisbon,0,3,A,0,10,9.0,6.0,1.25,0,3,57,199,1.0,2.1666666666666665,4.0,4.5,2.5,1.3333333333333333,12.0,5.166666666666667,1.5,6,8,0,3,1425.375371933195,1761.5711350326055,24,0.3125428501799096
2024-01-13,Estoril,Moreirense,1,3,A,5,7,2.4,3.25,2.9,0,3,91,55,2.5,1.5,10.0,5.333333333333333,1.3333333333333333,1.1666666666666667,9.0,4.0,1.5,8,5,-1,-1,1440.4591857594974,1496.1025296220232,41,0.3125428501799096
2024-01-14,Benfica,Rio Ave,4,1,H,12,5,1.2,7.0,12.0,3,0,200,55,1.6666666666666667,0.3333333333333333,14.0,6.833333333333333,1.1666666666666667,1.0,7.0,4.666666666666667,3.0,8,7,3,1,1785.2580959647416,1448.9227057177281,41,0.31297128445170114
2024-01-14,Gil Vicente,Estrela,1,1,D,2,6,2.1,3.3,3.5,1,1,103,17,0.6666666666666666,1.5,5.0,3.5,1.0,1.3333333333333333,6.0,2.1666666666666665,1.0,8,8,-1,0,1432.5325573559892,1480.084588749513,42,0.31297128445170114
2024-01-14,Porto,Sp Braga,2,0,H,4,5,1.73,3.75,4.5,3,0,211,176,1.6666666666666667,0.8333333333333334,13.0,5.833333333333333,1.8333333333333333,0.8333333333333334,13.0,5.166666666666667,1.75,9,8,0,0,1759.7842807209909,1690.3319639313831,41,0.31297128445170114
2024-01-14,Vizela,Boavista,1,4,A,7,7,2.25,3.1,3.4,0,3,86,99,0.6666666666666666,1.1666666666666667,4.0,4.166666666666667,0.6666666666666666,2.1666666666666665,2.0,2.8333333333333335,1.0,8,9,0,0,1426.2252272959468,1460.1003175755432,42,0.31297128445170114
2024-01-15,Guimaraes,Arouca,2,1,H,6,2,1.91,3.5,4.0,3,0,131,101,1.5,1.1666666666666667,11.0,4.666666666666667,2.1666666666666665,1.1666666666666667,10.0,5.333333333333333,0.5,9,9,0,-1,1594.3089492745755,1494.0746058422355,42,0.31340030602192265
2024-01-18,Famalicao,Sp Braga,1,2,A,3,7,4.33,3.6,1.8,0,3,105,176,1.0,1.6666666666666667,6.0,4.166666666666667,1.6666666666666667,1.1666666666666667,10.0,5.166666666666667,1.4,5,4,1,-1,1509.8194928725345,1678.2911497868306,42,0.3146909025793843
2024-01-18,Vizela,Sp Lisbon,2,5,A,3,9,7.5,5.0,1.36,0,3,86,202,0.8333333333333334,1.8333333333333333,3.0,4.666666666666667,2.8333333333333335,1.0,15.0,6.333333333333333,0.0,4,5,-1,4,1412.6831157148745,1765.3560936830565,43,0.3146909025793843
2024-01-19,Benfica,Boavista,2,0,H,7,1,1.14,8.5,19.0,3,0,203,102,2.0,0.3333333333333333,14.0,8.166666666666666,1.1666666666666667,1.8333333333333333,5.0,3.6666666666666665,2.0,5,5,4,1,1789.0403970403888,1473.6424291566154,42,0.31512228140506654
2024-01-20,Estoril,Arouca,1,2,A,4,7,2.4,3.4,2.88,0,3,91,101,2.0,2.0,7.0,5.166666666666667,2.3333333333333335,1.3333333333333333,10.0,4.5,1.2,7,5,-2,-2,1427.8411712341785,1483.2858775504808,42,0.3155542515655784
2024-01-20,Casa Pia,Farense,1,3,A,6,4,2.25,3.25,3.3,0,3,60,21,1.6666666666666667,1.6666666666666667,9.0,3.8333333333333335,0.5,1.3333333333333333,5.0,3.3333333333333335,3.0,7,8,-1,-1,1450.5657489555883,1488.354044568821,25,0.3155542515655784
2024-01-20,Porto,Moreirense,5,0,H,8,1,1.3,6.0,9.0,3,0,214,58,1.6666666666666667,0.6666666666666666,13.0,5.833333333333333,1.6666666666666667,1.3333333333333333,9.0,4.833333333333333,3.0,6,7,1,1,1771.8250948655434,1508.720544147342,42,0.3155542515655784
2024-01-21,Portimonense,Gil Vicente,0,2,A,0,8,2.55,3.3,2.8,0,3,90,104,0.8333333333333334,1.8333333333333333,4.0,3.1666666666666665,0.6666666666666666,1.5,5.0,3.5,1.2,9,7,1,0,1417.9261241827896,1434.572819903455,42,0.31598681387152266
2024-01-21,Chaves,Rio Ave,0,0,D,6,1,3.0,3.25,2.45,1,1,57,55,0.8333333333333334,2.3333333333333335,4.0,3.1666666666666665,1.1666666666666667,1.5,6.0,4.666666666666667,0.3333333333333333,8,7,-1,-1,1421.590413282744,1445.140404642081,25,0.31598681387152266
2024-01-21,Guimaraes,Estrela,3,0,H,4,1,1.6,3.8,6.0,3,0,134,18,1.6666666666666667,1.0,14.0,4.333333333333333,1.1666666666666667,1.3333333333333333,7.0,2.6666666666666665,3.0,6,7,1,0,1605.0976775663303,1478.0443262020472,43,0.31598681387152266
2024-01-28,Farense,Porto,1,3,A,4,4,8.0,4.75,1.4,0,3,24,217,0.8333333333333334,1.1666666666666667,8.0,3.6666666666666665,2.0,0.6666666666666666,13.0,6.333333333333333,0.0,8,8,1,2,1501.728995489219,1777.233051895904,9,0.3190313984096044
2024-01-28,Moreirense,Famalicao,1,0,H,2,1,2.2,3.3,3.4,3,0,58,105,1.6666666666666667,2.1666666666666665,8.0,4.333333333333333,1.1666666666666667,1.5,6.0,4.666666666666667,0.6666666666666666,8,10,-1,-1,1503.3125871169814,1501.5718866960094,25,0.3190313984096044
2024-01-28,Gil Vicente,Guimaraes,1,0,H,4,2,3.4,3.4,2.15,3,0,107,137,0.8333333333333334,1.0,8.0,4.666666666666667,1.8333333333333333,0.8333333333333334,14.0,4.166666666666667,1.2,7,7,1,2,1448.854673732567,1614.844450571914,43,0.3190313984096044
2024-01-28,Arouca,Vizela,5,0,H,7,3,2.0,3.5,3.8,3,0,104,86,2.0,1.5,10.0,4.5,1.0,2.3333333333333335,3.0,4.833333333333333,1.4,8,10,1,-2,1495.912252447256,1409.2009062554064,43,0.3190313984096044
2024-01-28,Boavista,Portimonense,1,4,A,5,5,1.95,3.4,4.0,0,3,102,90,1.1666666666666667,1.5,5.0,3.5,0.8333333333333334,2.0,4.0,2.8333333333333335,2.2,9,7,-1,-1,1469.443464542918,1403.6442703536775,43,0.3190313984096044
2024-01-29,Estrela,Benfica,1,4,A,5,7,9.5,5.5,1.29,0,3,18,206,1.0,1.6666666666666667,6.0,2.8333333333333335,2.3333333333333335,0.3333333333333333,16.0,8.833333333333334,0.0,8,10,-1,5,1468.2975531964635,1793.2393616540862,9,0.3194687271943697
2024-01-29,Sp Lisbon,Casa Pia,8,0,H,11,2,1.2,7.0,12.0,3,0,205,60,3.1666666666666665,1.1666666666666667,15.0,7.166666666666667,1.6666666666666667,2.1666666666666665,6.0,4.333333333333333,3.0,11,9,5,-2,1768.8383031425246,1437.1907980351905,43,0.3194687271943697
2024-01-31,Rio Ave,Estoril,1,1,D,4,5,2.2,3.6,3.1,1,1,56,91,1.0,1.3333333333333333,6.0,4.333333333333333,2.0,1.8333333333333333,7.0,5.666666666666667,1.3333333333333333,10,11,0,-3,1444.125224038951,1415.2147963374034,26,0.3203451840588144
2024-01-31,Sp Braga,Chaves,1,1,D,10,2,1.25,6.5,10.0,1,1,179,58,1.5,1.1666666666666667,10.0,5.333333333333333,0.5,2.1666666666666665,2.0,3.3333333333333335,2.0,13,10,1,0,1686.5387559633557,1422.605593885874,42,0.3203451840588144
2024-02-03,Portimonense,Arouca,1,2,A,4,3,2.9,3.4,2.38,0,3,93,107,1.3333333333333333,2.0,6.0,3.0,2.5,1.1666666666666667,12.0,4.833333333333333,0.4,6,6,1,2,1421.4515669925852,1507.2444612668382,43,0.321664379936424
2024-02-03,Porto,Rio Ave,0,0,D,5,0,1.22,6.5,11.0,1,1,220,57,2.0,0.6666666666666666,13.0,6.0,0.8333333333333334,1.1666666666666667,6.0,3.5,2.0,6,3,3,0,1782.3317754787677,1442.8799333689935,43,0.321664379936424
2024-02-04,Benfica,Gil Vicente,3,0,H,5,3,1.17,7.0,17.0,3,0,209,110,2.8333333333333335,0.3333333333333333,18.0,7.833333333333333,0.8333333333333334,0.8333333333333334,10.0,4.666666666666667,2.4,6,7,6,2,1797.2438245489298,1470.5213555618102,43,0.3221053180167544
2024-02-04,Vizela,Guimaraes,0,1,A,2,3,3.4,3.4,2.15,0,3,86,137,0.8333333333333334,2.6666666666666665,3.0,4.5,1.3333333333333333,0.6666666666666666,11.0,3.6666666666666665,1.2,7,7,-3,-1,1397.868697435824,1593.1777687426709,44,0.3221053180167544
2024-02-04,Sp Braga,Moreirense,1,0,H,5,1,1.5,4.2,6.5,3,0,180,61,1.1666666666666667,1.1666666666666667,8.0,6.333333333333333,1.6666666666666667,2.0,10.0,4.0,3.0,4,7,0,1,1676.925599966416,1518.2374356675216,43,0.3221053180167544
2024-02-04,Estoril,Estrela,1,0,H,5,6,1.95,3.6,3.6,3,0,92,18,1.5,2.0,5.0,4.833333333333333,0.6666666666666666,2.1666666666666665,3.0,3.3333333333333335,0.0,4,6,0,-2,1416.460087007361,1464.29309030162,43,0.3221053180167544
2024-02-04,Chaves,Farense,1,1,D,2,7,2.5,3.3,2.7,1,1,59,24,0.6666666666666666,1.6666666666666667,3.0,3.3333333333333335,0.8333333333333334,1.5,7.0,3.5,0.0,4,7,0,-1,1432.2187498828137,1496.6302719063553,26,0.3221053180167544
2024-02-05,Casa Pia,Boavista,0,0,D,0,0,2.3,3.25,3.1,1,1,60,102,1.5,3.0,6.0,4.166666666666667,1.1666666666666667,1.6666666666666667,5.0,3.3333333333333335,1.6666666666666667,7,8,-3,-2,1433.3183938076008,1451.6361679040103,26,0.32254686053575693
2024-02-09,Estrela,Portimonense,3,0,H,3,1,1.85,3.6,4.2,3,0,18,93,0.6666666666666666,2.3333333333333335,2.0,4.0,1.1666666666666667,1.5,6.0,3.1666666666666665,1.0,5,6,-3,-1,1447.2409229582595,1410.082052217026,10,0.3243190915868462
2024-02-10,Farense,Famalicao,1,1,D,7,4,2.7,3.2,2.75,1,1,25,105,1.0,1.6666666666666667,7.0,4.5,1.0,1.5,5.0,3.5,0.0,6,13,0,-2,1493.8808303830044,1486.6470381454692,10,0.32476366875043217
2024-02-10,Moreirense,Chaves,1,0,H,5,4,1.83,3.5,4.5,3,0,61,60,0.8333333333333334,1.8333333333333333,7.0,3.3333333333333335,0.6666666666666666,1.3333333333333333,4.0,2.8333333333333335,3.0,6,6,-1,0,1509.6488035222624,1434.9681914061646,26,0.32476366875043217
2024-02-10,Boavista,Estoril,2,1,H,3,4,2.38,3.25,3.1,3,0,103,95,1.0,1.5,5.0,2.6666666666666665,1.5,1.8333333333333333,7.0,4.833333333333333,2.0,5,6,0,1,1450.846057976544,1433.5122543507214,44,0.32476366875043217
2024-02-11,Rio Ave,Casa Pia,1,0,H,3,1,2.0,3.3,4.0,3,0,58,61,0.6666666666666666,1.0,6.0,2.8333333333333335,1.0,2.8333333333333335,4.0,3.1666666666666665,0.6666666666666666,8,6,0,0,1454.1565343429368,1434.1085037350672,27,0.3252088553411519
2024-02-11,Sp Lisbon,Sp Braga,5,0,H,5,1,1.5,4.5,6.0,3,0,208,183,4.166666666666667,0.6666666666666666,18.0,8.333333333333334,1.3333333333333333,1.0,11.0,6.166666666666667,1.6,13,7,6,1,1772.7107073701143,1685.5142321116753,44,0.3252088553411519
2024-02-11,Guimaraes,Benfica,2,2,D,6,3,5.5,4.0,1.62,1,1,140,212,1.3333333333333333,0.5,13.0,3.6666666666666665,3.1666666666666665,0.3333333333333333,18.0,7.666666666666667,0.2,7,7,1,7,1600.5342641261382,1801.2128529442873,44,0.3252088553411519
2024-02-12,Arouca,Porto,3,2,H,6,6,7.5,4.0,1.5,3,0,110,221,2.3333333333333335,1.3333333333333333,12.0,4.166666666666667,2.0,0.3333333333333333,14.0,6.333333333333333,0.2,9,9,3,0,1518.6139760423973,1771.0551745048244,44,0.3256546521944091
2024-02-13,Gil Vicente,Vizela,0,1,A,4,2,2.05,3.5,3.5,0,3,110,86,0.8333333333333334,0.8333333333333334,10.0,4.333333333333333,0.6666666666666666,2.6666666666666665,2.0,4.166666666666667,1.2,9,9,-1,-4,1466.5523271664526,1390.5122020523568,44,0.32610106014675266
2024-02-16,Famalicao,Rio Ave,2,1,H,6,4,2.1,3.1,3.8,3,0,106,61,1.0,1.5,5.0,3.6666666666666665,0.8333333333333334,0.8333333333333334,9.0,2.6666666666666665,1.0,6,5,0,1,1486.9593009411092,1468.291950650847,43,0.32744395898100115
2024-02-17,Chaves,Boavista,2,1,H,3,3,2.4,3.25,3.1,3,0,60,106,0.6666666666666666,1.3333333333333333,4.0,3.1666666666666665,1.3333333333333333,1.5,8.0,3.0,0.3333333333333333,7,7,-1,1,1423.1436575734226,1465.098317809688,27,0.32789281971813783
2024-02-17,Portimonense,Guimaraes,1,1,D,6,2,4.5,3.6,1.8,1,1,93,141,1.0,1.6666666666666667,6.0,2.8333333333333335,1.5,0.8333333333333334,11.0,4.166666666666667,2.0,8,6,-2,0,1396.6802405397261,1608.348040747176,44,0.32789281971813783
2024-02-17,Porto,Estrela,2,0,H,6,2,1.22,6.5,13.0,3,0,221,21,2.1666666666666665,0.8333333333333334,11.0,5.666666666666667,1.0,1.6666666666666667,5.0,4.166666666666667,3.0,5,8,-1,1,1746.7406074818648,1460.6427346355595,44,0.32789281971813783
2024-02-18,Casa Pia,Arouca,1,0,H,2,4,3.4,3.0,2.3,3,0,61,113,0.8333333333333334,2.5,4.0,2.8333333333333335,2.1666666666666665,1.5,12.0,4.333333333333333,1.3333333333333333,7,6,-1,4,1419.973087427157,1542.928543065357,27,0.3283422957543381
2024-02-18,Benfica,Vizela,6,1,H,8,4,1.13,8.5,21.0,3,0,213,89,3.0,0.6666666666666666,16.0,6.5,0.8333333333333334,2.6666666666666665,4.0,4.0,2.6,7,5,0,1,1793.3990763232496,1408.7436859579316,44,0.3283422957543381
2024-02-18,Estoril,Gil Vicente,1,3,A,4,7,2.1,3.5,3.5,0,3,95,110,1.0,2.1666666666666665,4.0,4.333333333333333,0.6666666666666666,1.0,7.0,4.5,1.6,8,5,-1,-2,1419.2599945175773,1448.3208432608778,44,0.3283422957543381
2024-02-18,Sp Braga,Farense,2,1,H,8,2,1.3,5.5,9.5,3,0,183,26,0.8333333333333334,1.6666666666666667,8.0,5.333333333333333,1.1666666666666667,1.1666666666666667,8.0,5.0,0.0,7,8,-1,0,1674.2017089849853,1493.5685675873644,44,0.3283422957543381
2024-02-19,Moreirense,Sp Lisbon,0,2,A,0,7,7.5,5.0,1.36,0,3,64,211,1.0,1.8333333333333333,9.0,3.3333333333333335,4.666666666666667,0.6666666666666666,18.0,8.166666666666666,0.0,9,8,1,7,1521.4733373550043,1784.0232304968042,27,0.32879238793305493
2024-02-23,Arouca,Famalicao,3,2,H,4,8,2.2,3.25,3.25,3,0,113,109,2.1666666666666665,1.1666666666666667,12.0,4.833333333333333,1.3333333333333333,1.1666666666666667,8.0,4.166666666666667,2.0,5,7,-1,1,1522.8311736237322,1501.1541412735085,45,0.33059893498264914
2024-02-24,Farense,Moreirense,0,1,A,1,2,2.45,3.3,2.9,0,3,26,64,1.1666666666666667,1.5,5.0,4.5,0.8333333333333334,1.5,9.0,2.6666666666666665,0.0,6,5,-1,-1,1485.7329560145245,1516.0512116101575,11,0.3310521205662668
2024-02-24,Estrela,Chaves,1,1,D,4,2,2.05,3.3,3.75,1,1,21,63,0.8333333333333334,1.8333333333333333,4.0,3.8333333333333335,0.6666666666666666,1.1666666666666667,6.0,2.8333333333333335,1.0,7,7,-1,1,1455.7969314365344,1439.9462327540432,11,0.3310521205662668
2024-02-24,Guimaraes,Casa Pia,0,2,A,5,5,1.6,3.8,6.0,0,3,142,64,1.5,0.8333333333333334,11.0,3.8333333333333335,0.3333333333333333,2.3333333333333335,4.0,2.0,0.6666666666666666,7,6,0,1,1600.1942796181593,1440.0704568687818,45,0.3310521205662668
2024-02-25,Vizela,Estoril,3,3,D,7,4,2.5,3.25,2.88,1,1,89,95,0.8333333333333334,3.5,3.0,3.5,1.0,1.8333333333333333,4.0,4.5,1.6,7,7,-1,-2,1405.7893543379128,1405.5117343943107,45,0.3315059273774551
2024-02-25,Benfica,Portimonense,4,0,H,13,2,1.13,9.0,19.0,3,0,216,94,3.5,0.8333333333333334,16.0,7.0,1.1666666666666667,1.5,7.0,3.3333333333333335,2.4,7,8,1,0,1796.3534079432684,1404.8340016687428,45,0.3315059273774551
2024-02-25,Gil Vicente,Porto,1,1,D,1,5,7.5,4.75,1.4,1,1,113,224,1.1666666666666667,1.0,10.0,4.666666666666667,2.3333333333333335,0.6666666666666666,13.0,5.5,0.8,7,8,1,1,1462.0691033841445,1751.58641068089,45,0.3315059273774551
2024-02-25,Rio Ave,Sp Lisbon,3,3,D,3,6,8.0,5.0,1.36,1,1,61,214,0.6666666666666666,1.1666666666666667,6.0,2.8333333333333335,4.666666666666667,0.5,18.0,8.333333333333334,0.0,9,6,-1,8,1454.0971103184477,1789.445356241651,28,0.3315059273774551
2024-02-26,Boavista,Sp Braga,0,4,A,3,5,4.5,3.5,1.83,0,3,106,186,1.3333333333333333,1.6666666666666667,7.0,3.1666666666666665,1.0,1.6666666666666667,10.0,6.0,0.6,9,8,-1,1,1448.2957426290675,1682.0373205578253,45,0.33196035626779374
2024-03-01,Chaves,Arouca,1,5,A,5,5,3.2,3.4,2.3,0,3,64,116,0.8333333333333334,0.8333333333333334,7.0,3.1666666666666665,2.5,1.1666666666666667,15.0,5.166666666666667,1.3333333333333333,6,7,0,1,1440.6300880409417,1536.8965133768686,28,0.3337843096931386
2024-03-02,Estoril,Guimaraes,1,3,A,4,4,3.5,3.5,2.1,0,3,96,142,1.3333333333333333,1.8333333333333333,5.0,4.333333333333333,1.1666666666666667,1.0,8.0,3.6666666666666665,0.2,6,7,0,-1,1405.5237202082033,1578.7323426716314,45,0.3342418617938393
2024-03-02,Sp Braga,Estrela,3,0,H,8,1,1.36,5.0,8.5,3,0,189,22,1.6666666666666667,1.3333333333333333,13.0,6.0,0.8333333333333334,1.8333333333333333,4.0,3.5,3.0,5,7,2,0,1688.2354103960665,1455.1130761496358,45,0.3342418617938393
2024-03-02,Moreirense,Rio Ave,0,0,D,5,1,2.2,3.2,3.5,1,1,67,62,0.5,1.3333333333333333,9.0,1.8333333333333333,1.0,1.0,7.0,2.5,3.0,7,6,1,0,1529.7455796677318,1465.295986263499,28,0.3342418617938393
2024-03-03,Casa Pia,Gil Vicente,0,0,D,3,2,2.5,3.1,3.1,1,1,67,114,0.6666666666666666,2.0,7.0,2.6666666666666665,1.1666666666666667,1.0,10.0,4.5,0.0,8,7,2,0,1461.5323938153097,1472.3027452916238,28,0.33470004110773965
2024-03-03,Portimonense,Vizela,0,0,D,4,3,2.63,3.25,2.75,1,1,94,90,1.0,2.1666666666666665,4.0,3.0,1.1666666666666667,3.3333333333333335,4.0,3.5,1.0,7,7,-1,0,1401.9832505520005,1405.7773685240202,45,0.33470004110773965
2024-03-03,Sp Lisbon,Farense,3,2,H,5,5,1.13,8.5,21.0,3,0,215,26,4.333333333333333,0.8333333333333334,16.0,8.0,1.1666666666666667,1.5,5.0,4.166666666666667,3.0,7,8,0,-2,1778.2464802965999,1472.03858795695,45,0.33470004110773965
2024-03-03,Porto,Benfica,5,0,H,8,1,2.38,3.5,2.8,3,0,225,219,2.1666666666666665,0.8333333333333334,11.0,5.666666666666667,3.5,0.6666666666666666,16.0,7.166666666666667,1.8,7,7,0,2,1741.3527687734106,1799.2041590600106,45,0.33470004110773965
2024-03-04,Famalicao,Boavista,1,1,D,1,3,1.95,3.3,4.2,1,1,109,106,1.3333333333333333,1.3333333333333333,7.0,4.333333333333333,0.6666666666666666,2.1666666666666665,4.0,2.5,2.0,10,7,-1,-2,1487.088801520372,1442.0976527908263,44,0.3351588484946244
2024-03-08,Portimonense,Porto,0,3,A,2,6,9.5,6.5,1.25,0,3,95,228,1.0,1.8333333333333333,5.0,3.6666666666666665,2.1666666666666665,0.8333333333333334,11.0,5.666666666666667,0.0,5,5,0,1,1402.1470492811472,1758.8275844155658,46,0.33700037600899196
2024-03-08,Estrela,Casa Pia,3,1,H,6,3,2.2,3.0,3.6,3,0,22,68,0.8333333333333334,1.8333333333333333,4.0,3.5,0.5,1.5,8.0,2.1666666666666665,3.0,6,5,-1,0,1448.8974386318964,1461.9972383755032,12,0.33700037600899196
2024-03-09,Vizela,Farense,2,1,H,6,4,2.38,3.2,3.1,3,0,91,26,0.8333333333333334,2.5,5.0,3.5,1.0,1.8333333333333333,2.0,4.333333333333333,1.0,6,6,0,-3,1405.6135697948735,1467.6449164674873,46,0.3374623366988806
2024-03-09,Boavista,Moreirense,1,0,H,3,3,2.63,3.1,2.88,3,0,107,68,0.8333333333333334,2.0,5.0,2.8333333333333335,0.5,0.5,10.0,2.5,2.3333333333333335,5,7,0,0,1444.0292916963283,1526.9945497259207,46,0.3374623366988806
2024-03-09,Rio Ave,Sp Braga,0,0,D,5,4,4.2,3.8,1.8,1,1,63,192,1.0,1.0,7.0,2.5,1.8333333333333333,1.1666666666666667,13.0,6.166666666666667,0.0,7,7,0,3,1468.04701620531,1694.451047913806,29,0.3374623366988806
2024-03-09,Guimaraes,Famalicao,1,0,H,6,0,1.83,3.75,4.2,3,0,145,110,1.1666666666666667,1.1666666666666667,8.0,3.6666666666666665,1.1666666666666667,1.5,5.0,3.8333333333333335,2.4,7,5,1,0,1586.8178852208268,1485.15716261487,46,0.3374623366988806
2024-03-10,Arouca,Sp Lisbon,0,3,A,2,6,8.0,4.75,1.4,0,3,119,218,3.0,1.1666666666666667,15.0,4.833333333333333,4.333333333333333,1.1666666666666667,16.0,7.166666666666667,0.8,9,7,2,1,1547.843548372211,1782.6401517860627,46,0.3379249306452704
2024-03-10,Benfica,Estoril,3,1,H,6,5,1.17,7.5,15.0,3,0,219,96,3.1666666666666665,1.5,13.0,6.166666666666667,1.3333333333333333,2.0,5.0,4.333333333333333,2.6,7,8,-1,-1,1781.7293434178555,1397.4381776590078,46,0.3379249306452704
2024-03-11,Gil Vicente,Chaves,0,0,D,6,0,1.83,3.75,4.2,1,1,115,64,0.8333333333333334,1.0,8.0,3.5,1.0,1.6666666666666667,6.0,3.0,0.3333333333333333,8,10,0,-1,1471.8379007314302,1429.6830530455993,46,0.3383881587162305
2024-03-15,Estoril,Portimonense,1,0,H,3,2,1.62,3.8,5.75,3,0,96,95,1.3333333333333333,2.3333333333333335,4.0,4.333333333333333,0.3333333333333333,2.1666666666666665,2.0,3.1666666666666665,1.4,5,7,-2,-1,1394.478257139591,1398.7352211925622,46,0.3402474296488376
2024-03-16,Famalicao,Estrela,0,0,D,3,2,2.0,3.4,4.0,1,1,110,25,1.0,1.3333333333333333,5.0,3.3333333333333335,1.1666666666666667,1.3333333333333333,7.0,3.6666666666666665,0.0,7,8,-1,1,1474.4250964771638,1464.462734598032,45,0.34071384140539074
2024-03-16,Farense,Rio Ave,1,1,D,7,3,2.7,3.1,2.8,1,1,26,64,1.0,1.6666666666666667,2.0,4.333333333333333,0.8333333333333334,0.8333333333333334,7.0,2.6666666666666665,3.0,7,7,-4,0,1449.99490618577,1476.6386428355743,12,0.34071384140539074
2024-03-16,Sp Braga,Gil Vicente,2,1,H,5,4,1.44,5.0,7.0,3,0,193,116,1.6666666666666667,1.0,13.0,5.166666666666667,0.6666666666666666,1.0,6.0,3.8333333333333335,2.0,7,5,0,0,1685.8594212835417,1470.0268081670538,46,0.34071384140539074
2024-03-16,Porto,Vizela,4,1,H,9,0,1.14,7.5,19.0,3,0,231,94,2.1666666666666665,0.6666666666666666,11.0,6.0,1.1666666666666667,1.8333333333333333,8.0,4.0,3.0,8,7,2,1,1762.2394125041508,1423.2635800765906,46,0.34071384140539074
2024-03-17,Moreirense,Arouca,1,0,H,3,1,2.5,3.2,3.0,3,0,68,119,0.3333333333333333,0.6666666666666666,7.0,2.6666666666666665,2.1666666666666665,1.6666666666666667,12.0,4.0,2.3333333333333335,8,7,-1,-1,1508.4792163169557,1541.6752706343254,29,0.3411808925199747
2024-03-17,Chaves,Guimaraes,1,2,A,2,5,4.5,3.5,1.83,0,3,65,148,0.8333333333333334,1.5,6.0,2.6666666666666665,1.3333333333333333,1.0,11.0,4.333333333333333,0.0,6,8,0,2,1431.4941456099757,1597.549951358533,29,0.3411808925199747
2024-03-17,Sp Lisbon,Boavista,6,1,H,12,2,1.14,8.0,17.0,3,0,221,110,4.0,0.8333333333333334,16.0,6.666666666666667,0.8333333333333334,1.3333333333333333,8.0,2.5,2.4,7,8,2,1,1788.8084295239482,1462.5446251052933,46,0.3411808925199747
2024-03-17,Casa Pia,Benfica,0,1,A,3,6,8.5,5.5,1.33,0,3,68,222,0.6666666666666666,0.6666666666666666,8.0,2.3333333333333335,3.0,1.5,13.0,6.0,0.3333333333333333,9,7,-1,1,1446.4319424093676,1784.6892639372722,29,0.3411808925199747
2024-03-29,Gil Vicente,Famalicao,1,2,A,3,3,2.45,3.1,3.2,0,3,116,111,0.8333333333333334,0.8333333333333334,6.0,4.0,1.0,1.1666666666666667,6.0,3.6666666666666665,1.6,13,13,-1,0,1463.3064218815455,1473.9951045801238,47,0.34683569604895803
2024-03-29,Benfica,Chaves,1,0,H,7,0,1.1,10.0,23.0,3,0,225,65,2.6666666666666665,1.5,13.0,6.166666666666667,0.8333333333333334,1.6666666666666667,5.0,2.6666666666666665,2.0,12,12,2,-1,1788.435146213621,1423.163114839913,47,0.34683569604895803
2024-03-29,Estrela,Sp Lisbon,1,2,A,3,6,13.0,7.0,1.2,0,3,26,224,1.1666666666666667,1.1666666666666667,8.0,3.0,3.6666666666666665,1.0,16.0,6.833333333333333,0.0,13,12,0,3,1464.892726495072,1792.786559688076,13,0.34683569604895803
2024-03-30,Arouca,Farense,2,1,H,17,4,1.75,3.75,4.75,3,0,119,27,1.8333333333333333,1.6666666666666667,9.0,3.6666666666666665,1.0,1.6666666666666667,2.0,4.333333333333333,0.0,13,14,-2,0,1525.2464271010379,1451.142959128536,47,0.3473111390123228
2024-03-30,Guimaraes,Moreirense,1,0,H,4,2,1.91,3.4,4.2,3,0,151,71,1.5,1.1666666666666667,11.0,4.666666666666667,0.5,0.5,10.0,3.0,2.0,13,13,3,1,1605.8809821285956,1524.9080598502433,47,0.3473111390123228
2024-03-30,Boavista,Rio Ave,0,0,D,2,1,2.75,3.0,2.88,1,1,110,65,1.0,2.3333333333333335,7.0,2.8333333333333335,1.0,1.0,7.0,3.1666666666666665,1.0,13,14,-1,0,1458.5664949411655,1475.4905898928084,47,0.3473111390123228
2024-03-30,Estoril,Porto,1,0,H,2,2,9.0,5.0,1.36,3,0,99,234,1.3333333333333333,2.3333333333333335,4.0,4.0,2.8333333333333335,0.8333333333333334,13.0,6.666666666666667,0.8,14,14,1,3,1409.6620358550583,1765.9717570641694,47,0.3473111390123228
2024-03-31,Vizela,Casa Pia,0,4,A,3,9,2.38,3.1,3.3,0,3,94,68,1.3333333333333333,2.3333333333333335,8.0,3.6666666666666665,0.6666666666666666,0.8333333333333334,7.0,2.8333333333333335,3.0,14,14,-1,-2,1419.531235516572,1442.6860601330188,47,0.3477872337137123
2024-04-01,Portimonense,Sp Braga,3,5,A,5,9,7.0,4.5,1.45,0,3,95,196,0.16666666666666666,2.0,2.0,2.8333333333333335,1.8333333333333333,1.1666666666666667,13.0,5.166666666666667,0.0,14,14,-2,1,1383.551442477095,1692.57980756905,47,0.34826398104653
2024-04-05,Farense,Boavista,2,0,H,8,7,2.15,3.2,3.6,3,0,27,111,1.0,1.8333333333333333,1.0,3.8333333333333335,0.6666666666666666,2.1666666666666665,5.0,2.6666666666666665,3.0,6,6,-1,0,1439.2946163221125,1459.2965894888393,13,0.3501775146030539
2024-04-06,Famalicao,Vizela,3,2,H,9,4,1.8,3.5,4.75,3,0,114,94,1.1666666666666667,1.1666666666666667,8.0,3.5,1.1666666666666667,3.0,5.0,3.8333333333333335,1.4,8,6,1,-2,1488.5337825839426,1405.5294322449984,46,0.3506575385369892
2024-04-06,Rio Ave,Gil Vicente,3,0,H,7,3,2.25,3.3,3.3,3,0,66,116,0.8333333333333334,1.0,5.0,2.8333333333333335,1.0,1.0,6.0,3.8333333333333335,1.6666666666666667,7,8,0,-2,1474.7604953451346,1448.7677438777266,30,0.3506575385369892
2024-04-06,Sp Braga,Arouca,0,3,A,10,6,1.45,4.75,7.0,0,3,199,122,2.6666666666666665,0.8333333333333334,16.0,6.5,1.6666666666666667,1.5,9.0,5.5,3.0,5,7,2,1,1696.9129399553558,1537.0947699074613,47,0.3506575385369892
2024-04-06,Sp Lisbon,Benfica,2,1,H,4,3,1.95,3.75,3.75,3,0,227,228,3.1666666666666665,1.1666666666666667,16.0,7.0,2.5,1.1666666666666667,15.0,6.833333333333333,1.0,8,8,4,3,1796.7324235320752,1791.700259604332,47,0.3506575385369892
2024-04-07,Chaves,Portimonense,2,3,A,3,4,2.15,3.4,3.4,0,3,65,95,0.8333333333333334,1.6666666666666667,5.0,2.0,0.6666666666666666,2.3333333333333335,2.0,3.5,1.0,9,6,-2,-3,1419.8980014492022,1379.2183100907891,30,0.3511382204885514
2024-04-07,Moreirense,Estrela,2,2,D,3,4,2.05,3.4,3.75,1,1,71,26,0.3333333333333333,0.6666666666666666,7.0,2.5,0.8333333333333334,1.5,5.0,3.0,3.0,8,9,-1,-1,1513.341992928558,1460.946862651073,30,0.3511382204885514
2024-04-07,Porto,Guimaraes,1,2,A,6,2,1.36,5.0,7.5,0,3,234,154,2.5,0.5,13.0,6.0,1.3333333333333333,0.8333333333333334,13.0,4.333333333333333,3.0,8,8,-1,4,1739.3900450285328,1617.4470490502808,47,0.3511382204885514
2024-04-08,Casa Pia,Estoril,0,0,D,4,2,2.55,3.1,3.0,1,1,71,102,1.3333333333333333,0.6666666666666666,10.0,4.166666666666667,1.3333333333333333,2.0,7.0,3.6666666666666665,0.3333333333333333,8,9,1,2,1456.6878634045925,1436.243747890695,30,0.35161956135975214
2024-04-12,Gil Vicente,Sp Lisbon,0,4,A,1,6,11.0,6.0,1.25,0,3,116,230,0.5,1.3333333333333333,3.0,3.1666666666666665,3.1666666666666665,1.3333333333333333,16.0,6.5,0.2,6,6,-3,5,1434.887852193935,1811.5151827418244,48,0.35355153212448714
2024-04-13,Guimaraes,Farense,1,1,D,6,6,1.53,4.0,6.5,1,1,157,30,1.5,0.8333333333333334,15.0,4.333333333333333,1.1666666666666667,1.5,4.0,4.833333333333333,3.0,6,8,5,1,1637.5057167047682,1455.157218145643,48,0.35403618116739216
2024-04-13,Porto,Famalicao,2,2,D,8,3,1.22,6.5,12.0,1,1,234,117,2.3333333333333335,0.8333333333333334,10.0,6.0,1.3333333333333333,1.3333333333333333,8.0,4.0,3.0,6,7,-2,2,1719.3313773740454,1500.0168541619132,48,0.35403618116739216
2024-04-13,Estoril,Sp Braga,0,1,A,0,5,4.5,4.0,1.73,0,3,103,199,1.1666666666666667,1.5,8.0,3.3333333333333335,2.3333333333333335,1.1666666666666667,13.0,6.833333333333333,0.2,5,7,0,-1,1437.1253740039788,1675.461754172293,48,0.35403618116739216
2024-04-14,Arouca,Boavista,2,1,H,5,5,1.62,4.0,5.5,3,0,125,111,2.1666666666666665,1.3333333333333333,12.0,5.833333333333333,0.5,2.1666666666666665,5.0,3.3333333333333335,1.4,8,9,2,-1,1558.5459556905241,1443.433987665309,48,0.35452149456803145
2024-04-14,Estrela,Rio Ave,2,2,D,5,4,2.5,3.25,2.9,1,1,27,69,1.1666666666666667,1.5,6.0,3.3333333333333335,1.1666666666666667,0.6666666666666666,8.0,3.3333333333333335,1.0,7,8,0,1,1463.1919485821086,1488.6403870289262,14,0.35452149456803145
2024-04-14,Benfica,Moreirense,3,0,H,6,0,1.25,6.0,11.0,3,0,228,72,1.6666666666666667,1.3333333333333333,12.0,6.0,0.6666666666666666,0.6666666666666666,8.0,3.0,1.6666666666666667,8,7,-1,0,1776.9175003945827,1511.0969069975224,48,0.35452149456803145
2024-04-14,Portimonense,Casa Pia,2,2,D,3,4,2.75,3.2,2.7,1,1,98,72,1.0,2.5,4.0,3.1666666666666665,1.1666666666666667,0.6666666666666666,8.0,4.5,0.3333333333333333,7,6,1,0,1395.9666116649578,1455.8062372913087,48,0.35452149456803145
2024-04-15,Vizela,Chaves,0,1,A,4,2,1.95,3.5,4.2,0,3,94,65,1.3333333333333333,2.5,5.0,3.8333333333333335,0.8333333333333334,2.0,2.0,2.0,0.6666666666666666,9,8,-3,-3,1394.0463606670278,1403.1496998750335,48,0.3550074732371076
2024-04-16,Famalicao,Sp Lisbon,0,1,A,0,1,9.0,5.75,1.3,0,3,118,233,1.3333333333333333,1.1666666666666667,9.0,3.1666666666666665,3.3333333333333335,0.8333333333333334,18.0,6.5,0.2,3,4,0,6,1508.4004148280553,1814.5949028242194,47,0.35549411808657166
2024-04-19,Rio Ave,Arouca,1,1,D,3,5,2.63,3.2,2.8,1,1,70,128,1.0,0.5,8.0,3.5,2.0,1.1666666666666667,12.0,6.0,2.3333333333333335,5,5,0,3,1487.5436502701375,1568.7503754662696,31,0.35695805885556464
2024-04-20,Boavista,Estrela,1,1,D,5,3,2.63,3.2,2.75,1,1,111,28,0.6666666666666666,1.8333333333333333,5.0,3.6666666666666665,1.3333333333333333,1.6666666666666667,6.0,3.5,0.0,6,6,-2,0,1433.2295678895634,1464.2886853408972,48,0.3574473775711195
2024-04-20,Sp Braga,Vizela,2,1,H,5,2,1.29,5.5,11.0,3,0,202,94,1.8333333333333333,1.1666666666666667,13.0,6.833333333333333,0.8333333333333334,2.1666666666666665,4.0,3.3333333333333335,3.0,7,5,1,-4,1681.5307849263804,1379.4392934991542,48,0.3574473775711195
2024-04-20,Moreirense,Gil Vicente,0,1,A,4,3,2.15,3.2,3.6,0,3,72,116,0.5,1.1666666666666667,5.0,2.6666666666666665,0.3333333333333333,1.8333333333333333,2.0,3.1666666666666665,1.6666666666666667,6,8,-1,-4,1505.7579142852724,1431.80813211154,31,0.3574473775711195
2024-04-21,Famalicao,Portimonense,2,2,D,3,7,1.62,3.8,6.0,1,1,118,99,1.1666666666666667,1.1666666666666667,8.0,3.0,1.3333333333333333,2.1666666666666665,5.0,3.3333333333333335,0.8,5,7,-1,0,1504.006453959778,1398.5248500327612,48,0.35793736704560364
2024-04-21,Chaves,Estoril,2,2,D,7,6,2.88,3.3,2.5,1,1,68,103,0.8333333333333334,1.8333333333333333,4.0,2.0,0.6666666666666666,1.1666666666666667,7.0,2.6666666666666665,1.3333333333333333,6,8,1,-1,1417.756767042907,1431.0563432498914,31,0.35793736704560364
2024-04-21,Sp Lisbon,Guimaraes,3,0,H,4,1,1.3,5.5,10.0,3,0,236,158,3.0,0.5,18.0,5.833333333333333,1.6666666666666667,0.6666666666666666,16.0,4.5,2.4,5,8,7,0,1818.9888636924968,1630.28429987387,48,0.35793736704560364
2024-04-21,Casa Pia,Porto,1,2,A,4,5,8.0,5.0,1.36,0,3,73,235,1.1666666666666667,1.0,6.0,4.333333333333333,2.5,1.0,10.0,6.5,0.3333333333333333,7,8,0,0,1453.2479989235053,1710.9478167079033,31,0.35793736704560364
2024-04-22,Farense,Benfica,1,3,A,3,9,6.5,5.5,1.4,0,3,31,231,1.3333333333333333,1.5,5.0,5.666666666666667,1.5,1.3333333333333333,12.0,4.833333333333333,1.0,9,8,0,1,1462.3786349765412,1782.2564931068327,14,0.3584280281984948
2024-04-26,Gil Vicente,Arouca,2,2,D,3,7,2.5,3.5,2.6,1,1,119,129,0.5,1.8333333333333333,4.0,3.3333333333333335,1.3333333333333333,1.1666666666666667,10.0,6.0,0.4,6,7,1,0,1449.9534464847693,1565.3068787943926,49,0.36039740802782855
2024-04-27,Casa Pia,Chaves,3,1,H,6,7,2.05,3.3,3.75,3,0,73,69,1.3333333333333333,1.3333333333333333,5.0,4.5,1.0,1.3333333333333333,5.0,2.3333333333333335,1.0,6,6,-1,0,1447.700744504511,1418.3306756148638,32,0.3608914414090915
2024-04-27,Vizela,Rio Ave,1,1,D,4,2,2.7,3.2,2.7,1,1,94,71,1.0,2.5,3.0,3.1666666666666665,1.1666666666666667,0.6666666666666666,8.0,3.8333333333333335,2.3333333333333335,7,8,-5,0,1374.9560112494264,1490.9871469420145,49,0.3608914414090915
2024-04-27,Benfica,Sp Braga,3,1,H,6,7,1.55,4.33,5.75,3,0,234,205,2.0,0.6666666666666666,15.0,6.166666666666667,1.6666666666666667,1.3333333333333333,13.0,6.333333333333333,1.8,5,7,2,2,1786.3631913076981,1686.0140671761083,49,0.3608914414090915
2024-04-27,Guimaraes,Boavista,1,0,H,2,1,1.6,4.0,5.5,3,0,158,112,1.1666666666666667,1.0,13.0,4.0,0.6666666666666666,1.8333333333333333,5.0,4.0,1.2,6,7,-1,0,1622.7146649727183,1434.5669371373485,49,0.3608914414090915
2024-04-28,Estoril,Famalicao,1,0,H,3,3,2.25,3.3,3.25,3,0,104,119,0.8333333333333334,1.0,8.0,3.0,1.5,1.3333333333333333,9.0,3.5,1.0,7,7,0,0,1430.4824346779346,1499.587393046463,49,0.3613861520121557
2024-04-28,Porto,Sp Lisbon,2,2,D,5,5,2.63,3.3,2.7,1,1,238,239,2.0,1.1666666666666667,10.0,6.0,3.0,0.5,18.0,5.5,1.6,7,7,1,8,1716.4950711268975,1826.5584985936484,49,0.3613861520121557
2024-04-28,Portimonense,Moreirense,0,2,A,4,6,3.0,3.2,2.45,0,3,100,72,1.6666666666666667,2.5,5.0,3.8333333333333335,0.5,1.3333333333333333,4.0,2.5,2.0,7,8,0,-2,1402.9439109460761,1487.6125999120432,49,0.3613861520121557
2024-04-29,Estrela,Farense,0,3,A,7,5,2.2,3.25,3.5,0,3,29,31,1.5,1.3333333333333333,7.0,3.8333333333333335,1.1666666666666667,1.5,5.0,5.333333333333333,1.0,9,7,0,-1,1462.9513160931122,1458.2719367756758,15,0.3618815407653578
2024-05-03,Moreirense,Vizela,1,0,H,5,2,2.15,3.25,3.6,3,0,75,95,0.8333333333333334,1.1666666666666667,7.0,3.0,0.8333333333333334,2.5,1.0,2.8333333333333335,2.3333333333333335,5,6,1,0,1499.0278429716418,1379.7871888137704,32,0.36386989589085833
2024-05-04,Boavista,Gil Vicente,1,1,D,3,6,2.63,3.2,2.8,1,1,112,120,0.5,2.0,2.0,3.6666666666666665,0.8333333333333334,2.1666666666666665,4.0,2.8333333333333335,0.8,7,8,-1,0,1426.9791463452107,1454.7583839397978,49,0.3643686893644032
2024-05-04,Rio Ave,Guimaraes,2,1,H,3,5,2.7,3.3,2.63,3,0,72,161,1.3333333333333333,0.8333333333333334,8.0,3.3333333333333335,1.1666666666666667,1.0,13.0,3.3333333333333335,0.3333333333333333,7,7,0,1,1486.1559693776705,1630.3024557648562,32,0.3643686893644032
2024-05-04,Sp Lisbon,Portimonense,3,0,H,12,0,1.08,13.0,19.0,3,0,240,100,2.3333333333333335,0.6666666666666666,16.0,4.333333333333333,1.6666666666666667,2.3333333333333335,5.0,4.166666666666667,3.0,6,6,0,-1,1821.9595024717696,1391.5286678864775,49,0.3643686893644032
2024-05-04,Chaves,Porto,0,3,A,0,3,10.0,5.5,1.29,0,3,69,239,1.1666666666666667,1.8333333333333333,4.0,3.5,1.8333333333333333,1.5,8.0,5.833333333333333,0.0,7,6,-1,0,1404.5956716430815,1721.0940672487764,32,0.3643686893644032
2024-05-05,Farense,Estoril,3,2,H,5,2,2.55,3.2,2.9,3,0,34,107,1.5,1.1666666666666667,8.0,5.5,0.8333333333333334,0.5,11.0,2.6666666666666665,0.0,6,7,1,1,1473.4739496059346,1448.4272046820663,15,0.36486816658489174
2024-05-05,Arouca,Estrela,0,0,D,1,2,2.05,3.6,3.5,1,1,130,29,1.6666666666666667,1.0,11.0,6.833333333333333,1.0,1.6666666666666667,4.0,4.0,3.0,9,6,0,-1,1560.501941339364,1447.7493032628533,49,0.36486816658489174
2024-05-05,Sp Braga,Casa Pia,4,3,H,7,6,1.33,5.25,9.0,3,0,205,76,1.8333333333333333,1.8333333333333333,12.0,6.833333333333333,1.6666666666666667,1.0,8.0,5.0,2.0,8,8,-1,1,1675.2299033441263,1461.4357484762934,49,0.36486816658489174
2024-05-05,Famalicao,Benfica,2,0,H,4,12,8.0,5.0,1.36,3,0,119,237,1.5,1.5,8.0,3.5,2.0,0.6666666666666666,15.0,6.166666666666667,0.2,7,8,-1,3,1481.6426230423313,1797.14735513968,49,0.36486816658489174
2024-05-10,Chaves,Famalicao,0,1,A,2,4,2.63,3.3,2.63,0,3,69,122,1.0,2.0,4.0,3.1666666666666665,1.5,1.3333333333333333,8.0,3.6666666666666665,1.3333333333333333,6,5,-2,1,1400.419530648611,1507.4458773575875,33,0.3673758417413493
2024-05-11,Vizela,Estrela,4,0,H,7,3,3.5,3.4,2.05,3,0,95,30,0.6666666666666666,2.0,1.0,3.1666666666666665,1.0,1.6666666666666667,4.0,4.0,1.0,8,6,-1,0,1369.7421864192397,1452.4532367784439,50,0.36787944117144233
2024-05-11,Portimonense,Rio Ave,2,2,D,8,4,2.15,3.3,3.3,1,1,100,75,1.6666666666666667,2.6666666666666665,5.0,3.8333333333333335,1.5,0.8333333333333334,10.0,3.3333333333333335,0.3333333333333333,7,7,-2,1,1389.2057038234234,1507.0451828325301,50,0.36787944117144233
2024-05-11,Guimaraes,Sp Braga,2,3,A,4,8,3.25,3.5,2.1,0,3,161,208,1.0,1.1666666666666667,10.0,3.3333333333333335,2.1666666666666665,2.1666666666666665,12.0,7.166666666666667,1.6,7,6,-1,1,1609.4132423099966,1682.0116813810591,50,0.36787944117144233
2024-05-11,Estoril,Sp Lisbon,0,1,A,1,5,6.0,5.0,1.44,0,3,107,243,1.0,1.0,8.0,2.5,2.5,0.5,16.0,5.333333333333333,0.0,6,7,-1,1,1434.5066901983625,1824.2824665348237,50,0.36787944117144233
2024-05-12,Gil Vicente,Farense,2,0,H,6,3,2.0,3.5,3.6,3,0,121,37,0.8333333333333334,2.0,5.0,3.1666666666666665,1.8333333333333333,1.3333333333333333,10.0,5.166666666666667,0.0,8,7,0,2,1453.5616070162475,1487.3944640896384,50,0.3683837309364925
2024-05-12,Benfica,Arouca,5,0,H,9,1,1.25,6.5,9.0,3,0,237,131,1.8333333333333333,1.0,12.0,7.166666666666667,1.6666666666666667,0.8333333333333334,12.0,6.833333333333333,3.0,7,7,-1,0,1771.3441008244238,1555.7980078237736,50,0.3683837309364925
2024-05-12,Casa Pia,Moreirense,0,1,A,0,5,2.6,3.0,2.9,0,3,76,78,2.1666666666666665,1.5,8.0,5.5,0.8333333333333334,1.1666666666666667,7.0,3.3333333333333335,3.0,7,9,-1,2,1454.6539704393606,1509.0728453661725,33,0.3683837309364925
2024-05-12,Porto,Boavista,2,1,H,4,2,1.17,7.0,15.0,3,0,242,113,1.6666666666666667,1.3333333333333333,8.0,4.833333333333333,0.5,1.1666666666666667,3.0,3.8333333333333335,2.6,8,8,1,0,1725.2702082432468,1428.175923268761,50,0.3683837309364925
2024-05-17,Famalicao,Casa Pia,1,2,A,5,5,1.73,3.75,4.5,0,3,125,76,1.1666666666666667,1.0,8.0,2.8333333333333335,1.5,1.6666666666666667,5.0,4.0,2.0,7,5,2,-2,1517.965992901837,1441.9843957910548,50,0.37091556795247305
2024-05-17,Rio Ave,Benfica,1,1,D,3,7,6.25,5.0,1.4,1,1,76,240,1.8333333333333333,1.1666666666666667,10.0,3.8333333333333335,2.5,1.0,12.0,7.5,0.0,6,5,0,1,1502.1441493582895,1778.0730922353293,33,0.37091556795247305
2024-05-18,Moreirense,Estoril,2,1,H,3,2,2.3,3.3,3.1,3,0,81,107,1.0,1.0,10.0,3.8333333333333335,0.8333333333333334,1.1666666666666667,5.0,2.3333333333333335,2.0,6,7,3,-2,1521.7424200144783,1431.6299392141254,33,0.37142401964529015
2024-05-18,Estrela,Gil Vicente,1,0,H,2,2,1.67,3.9,4.75,3,0,30,124,0.8333333333333334,2.0,4.0,4.0,1.0,1.6666666666666667,8.0,3.6666666666666665,1.0,7,6,-1,1,1433.9482773975692,1470.0176892838847,16,0.37142401964529015
2024-05-18,Arouca,Guimaraes,1,3,A,2,4,2.8,3.4,2.4,0,3,131,161,1.3333333333333333,1.5,9.0,4.166666666666667,1.1666666666666667,1.6666666666666667,7.0,3.3333333333333335,1.6,6,7,-1,-2,1549.069016412868,1597.502734507063,50,0.37142401964529015
2024-05-18,Boavista,Vizela,2,2,D,5,4,1.6,3.9,5.75,1,1,113,98,0.6666666666666666,1.5,2.0,3.8333333333333335,1.3333333333333333,1.3333333333333333,4.0,3.8333333333333335,1.4,6,7,-1,1,1423.5818373546758,1388.2471458001144,50,0.37142401964529015
2024-05-18,Sp Braga,Porto,0,1,A,1,5,3.2,3.6,2.1,0,3,211,245,1.8333333333333333,2.0,12.0,7.0,2.0,1.3333333333333333,11.0,5.166666666666667,0.8,7,6,2,2,1693.9221891839927,1729.8642941573319,50,0.37142401964529015
2024-05-18,Farense,Portimonense,1,3,A,3,6,2.6,3.8,2.4,0,3,37,101,1.6666666666666667,1.3333333333333333,10.0,5.0,1.5,2.1666666666666665,6.0,4.333333333333333,0.0,6,7,-1,0,1470.9383818220012,1394.106737297664,16,0.37142401964529015
2024-05-18,Sp Lisbon,Chaves,3,0,H,7,0,1.07,11.0,23.0,3,0,246,69,2.3333333333333335,0.3333333333333333,16.0,5.5,1.0,2.0,4.0,3.5,2.0,7,8,2,-3,1827.1592175190608,1389.8994151043617,50,0.37142401964529015
2024-08-09,Sp Lisbon,Rio Ave,3,1,H,6,1,1.17,8.0,13.0,3,0,249,77,2.1666666666666665,0.3333333333333333,16.0,5.666666666666667,1.5,1.3333333333333333,8.0,3.1666666666666665,2.5,14,14,3,0,1829.3993222214604,1512.055768614577,51,0.4161488256358909
2024-08-10,Casa Pia,Boavista,0,1,A,4,2,1.91,3.4,4.0,0,3,79,114,1.8333333333333333,1.8333333333333333,7.0,4.166666666666667,1.0,1.5,3.0,3.5,1.5,14,14,1,0,1460.2134700262886,1422.0615540013468,34,0.4167192831554456
2024-08-10,Porto,Gil Vicente,3,0,H,7,2,1.18,6.5,15.0,3,0,248,124,2.0,1.0,14.0,5.0,1.0,1.3333333333333333,8.0,3.5,1.8333333333333333,14,14,3,-1,1743.3180606648632,1453.466018118988,51,0.4167192831554456
2024-08-10,AVS,Nacional,1,1,D,3,2,2.25,3.25,3.2,1,1,0,0,0.0,0.0,0.0,0.0,0.0,0.0,0.0,0.0,1.0,14,14,0,0,1500.0,1500.0,0,0.2083596415777228
2024-08-11,Farense,Moreirense,1,2,A,5,6,2.9,3.25,2.4,0,3,37,84,1.5,1.8333333333333333,7.0,4.166666666666667,1.0,0.8333333333333334,12.0,3.8333333333333335,0.0,14,14,-2,4,1452.6743273066859,1532.9369035696852,17,0.4172905226591405
2024-08-11,Estoril,Santa Clara,1,4,A,2,8,2.15,3.1,3.6,0,3,107,62,1.0,1.5,4.0,2.3333333333333335,1.3333333333333333,2.3333333333333335,7.0,5.666666666666667,1.0,14,14,-3,-1,1420.4354556589185,1368.7958433427675,51,0.4172905226591405
2024-08-11,Famalicao,Benfica,2,0,H,5,1,7.0,4.33,1.44,3,0,125,241,1.0,1.0,7.0,3.1666666666666665,2.5,0.8333333333333334,13.0,8.166666666666666,0.6666666666666666,14,14,-1,0,1499.736918666603,1768.161472979042,51,0.4172905226591405
2024-08-11,Sp Braga,Estrela,1,1,D,5,4,1.38,4.75,7.5,1,1,211,33,1.8333333333333333,1.6666666666666667,12.0,5.5,0.6666666666666666,1.6666666666666667,6.0,3.6666666666666665,3.0,14,14,-1,1,1680.4684226764614,1450.499948562466,51,0.4172905226591405
2024-08-12,Arouca,Guimaraes,0,1,A,0,4,2.88,3.4,2.38,0,3,131,164,1.0,2.0,6.0,3.5,1.3333333333333333,1.6666666666666667,7.0,3.6666666666666665,1.3333333333333333,14,14,-2,1,1536.1466272231078,1610.4251236968232,51,0.41786254521892086
2024-08-16,Santa Clara,Porto,0,2,A,2,6,6.0,4.1,1.53,0,3,65,251,1.8333333333333333,2.3333333333333335,9.0,6.0,2.1666666666666665,0.6666666666666666,16.0,4.833333333333333,0.25,5,6,1,4,1386.0090313200192,1748.0766987629045,34,0.4201584875092723
2024-08-16,Gil Vicente,AVS,4,2,H,6,5,2.2,3.25,3.3,3,0,124,1,1.0,1.1666666666666667,8.0,3.6666666666666665,1.0,1.0,1.0,3.0,1.0,6,6,-2,0,1448.7073800209466,1500.0,51,0.4201584875092723
2024-08-17,Rio Ave,Farense,1,0,H,3,4,2.0,3.3,3.9,3,0,77,37,1.3333333333333333,1.5,7.0,2.6666666666666665,1.5,2.0,6.0,4.0,0.5,8,6,-1,-3,1507.897086088269,1441.079185981445,34,0.42073444148015804
2024-08-17,Nacional,Sp Lisbon,1,6,A,6,10,10.0,6.0,1.25,0,3,1,252,1.0,1.0,1.0,2.0,2.5,0.5,16.0,6.5,1.0,7,8,0,4,1500.0,1833.5580047477683,0,0.21036722074007902
2024-08-17,Benfica,Casa Pia,3,0,H,7,1,1.18,7.5,12.0,3,0,241,79,2.0,1.1666666666666667,10.0,7.333333333333333,1.5,1.6666666666666667,6.0,4.166666666666667,2.5,6,7,-1,-1,1743.434996106371,1443.572908209584,51,0.42073444148015804
2024-08-18,Moreirense,Arouca,3,1,H,6,3,2.3,3.25,3.1,3,0,87,131,1.3333333333333333,0.5,15.0,4.833333333333333,0.6666666666666666,2.0,3.0,2.6666666666666665,2.5,7,6,5,-3,1544.532044894926,1524.3055066431964,34,0.4213111849697288
2024-08-18,Guimaraes,Estoril,1,0,H,5,1,1.57,4.0,5.5,3,0,167,107,1.3333333333333333,1.5,9.0,3.3333333333333335,1.1666666666666667,2.0,4.0,2.6666666666666665,2.6666666666666665,6,7,2,-4,1622.2662442767346,1403.2222676816668,51,0.4213111849697288
2024-08-18,Boavista,Sp Braga,0,1,A,1,3,5.5,3.9,1.6,0,3,117,212,1.0,1.1666666666666667,6.0,3.0,1.8333333333333333,1.8333333333333333,10.0,5.5,0.5,8,7,1,0,1438.7021158180514,1671.7740010371106,51,0.4213111849697288
2024-08-19,Estrela,Famalicao,0,3,A,2,8,2.5,3.2,2.88,0,3,34,128,0.5,1.5,6.0,3.5,1.3333333333333333,0.8333333333333334,10.0,4.0,2.0,8,8,0,1,1459.1943702018168,1524.463395539274,17,0.42188871906025815
2024-08-23,Farense,Sp Lisbon,0,5,A,1,8,10.0,8.0,1.2,0,3,37,255,1.3333333333333333,1.6666666666666667,6.0,4.166666666666667,3.0,0.6666666666666666,16.0,7.5,0.0,6,6,-4,5,1428.9288997988594,1837.3934696316346,18,0.42420678312940124
2024-08-24,Casa Pia,Santa Clara,0,2,A,3,4,2.75,3.1,2.63,0,3,79,65,1.3333333333333333,1.8333333333333333,6.0,3.6666666666666665,1.8333333333333333,2.1666666666666665,9.0,5.833333333333333,2.0,7,8,-2,-1,1439.0404677258223,1382.689856762035,35,0.4247882865108238
2024-08-24,Porto,Rio Ave,2,0,H,12,0,1.25,6.25,10.0,3,0,254,80,2.1666666666666665,0.5,16.0,5.0,1.3333333333333333,1.3333333333333333,9.0,2.6666666666666665,1.75,8,7,5,1,1751.3958733208885,1520.0473722708546,52,0.4247882865108238
2024-08-24,Benfica,Estrela,1,0,H,9,0,1.18,7.5,13.0,3,0,244,34,2.0,1.0,10.0,7.0,0.3333333333333333,1.8333333333333333,5.0,3.3333333333333335,3.0,7,5,1,-1,1747.9674365901328,1446.9795730436124,52,0.4247882865108238
2024-08-24,Famalicao,Boavista,1,0,H,4,2,1.55,3.8,6.5,3,0,131,117,1.5,0.5,12.0,4.833333333333333,0.8333333333333334,1.1666666666666667,5.0,2.3333333333333335,1.8333333333333333,5,6,2,-1,1536.6781926974784,1432.485047096898,52,0.4247882865108238
2024-08-25,Arouca,Nacional,1,0,H,4,1,2.05,3.4,3.5,3,0,131,1,0.6666666666666666,2.3333333333333335,2.0,2.3333333333333335,1.0,3.5,1.0,4.0,1.0,7,8,-4,-1,1510.1777712977869,1496.1645351161337,52,0.4253705870180728
2024-08-25,Estoril,Gil Vicente,0,0,D,2,4,2.6,3.3,2.63,1,1,107,127,0.8333333333333334,1.8333333333333333,3.0,1.8333333333333333,1.5,1.5,8.0,4.166666666666667,1.3333333333333333,7,9,-5,1,1396.597793077457,1465.9059111099757,52,0.4253705870180728
2024-08-25,AVS,Guimaraes,1,0,H,2,5,4.2,3.3,1.91,3,0,1,170,1.5,2.5,1.0,4.0,1.5,1.0,12.0,4.0,1.0,9,7,-1,3,1482.801468910971,1628.8907188809444,1,0.2126852935090364
2024-08-25,Sp Braga,Moreirense,3,1,H,7,5,1.57,4.33,5.25,3,0,215,90,1.6666666666666667,1.6666666666666667,10.0,5.166666666666667,1.8333333333333333,0.5,18.0,5.166666666666667,3.0,7,7,1,6,1677.991069758264,1558.6597802403355,52,0.4253705870180728
2024-08-30,Moreirense,Benfica,1,1,D,6,4,7.0,4.33,1.44,1,1,90,247,1.6666666666666667,1.0,15.0,5.0,1.6666666666666667,0.8333333333333334,10.0,7.5,0.5,5,6,-1,2,1548.6182635971093,1752.4749986241297,35,0.42829408473873465
2024-08-31,Estrela,Casa Pia,0,1,A,4,6,2.3,3.2,3.2,0,3,34,79,0.3333333333333333,1.5,5.0,2.1666666666666665,0.8333333333333334,2.0,3.0,3.1666666666666665,3.0,7,7,-2,-3,1442.4720110096155,1421.6287267453529,18,0.4288811910001705
2024-08-31,Santa Clara,AVS,2,1,H,6,2,1.8,3.4,4.75,3,0,68,4,1.6666666666666667,1.8333333333333333,9.0,5.166666666666667,1.3333333333333333,1.6666666666666667,4.0,3.3333333333333335,1.0,7,6,1,1,1400.1015977425045,1503.7614729406714,35,0.4288811910001705
2024-08-31,Boavista,Estoril,0,0,D,5,1,2.25,3.1,3.3,1,1,117,108,0.8333333333333334,1.1666666666666667,5.0,2.5,0.6666666666666666,1.8333333333333333,1.0,1.6666666666666667,2.1666666666666665,7,6,-2,0,1421.8532534380581,1399.5509951752886,52,0.4288811910001705
2024-08-31,Sp Lisbon,Porto,2,0,H,4,2,1.75,3.8,4.33,3,0,258,257,3.5,0.3333333333333333,18.0,8.0,2.1666666666666665,0.16666666666666666,18.0,6.166666666666667,1.0,8,7,6,6,1840.0023181632102,1757.6619794174335,52,0.4288811910001705
2024-09-01,Gil Vicente,Sp Braga,0,0,D,5,2,4.5,3.8,1.73,1,1,128,218,1.1666666666666667,1.1666666666666667,8.0,4.333333333333333,2.0,1.3333333333333333,13.0,5.166666666666667,0.6666666666666666,7,7,0,2,1462.9527090121442,1688.0325864014903,52,0.42946910206787037
2024-09-01,Rio Ave,Arouca,1,0,H,3,3,2.3,3.25,3.1,3,0,80,134,1.1666666666666667,1.5,8.0,2.3333333333333335,0.5,2.0,4.0,1.8333333333333333,2.0,8,7,-1,1,1513.7812661743096,1524.5730991125565,35,0.42946910206787037
2024-09-01,Guimaraes,Famalicao,2,1,H,4,4,1.95,3.4,3.9,3,0,170,134,1.3333333333333333,1.1666666666666667,9.0,4.5,1.6666666666666667,0.3333333333333333,15.0,5.0,2.5,7,8,-1,3,1607.930714851244,1547.3099863563182,52,0.42946910206787037
2024-09-01,Nacional,Farense,2,0,H,4,2,2.2,3.4,3.2,3,0,1,37,0.6666666666666666,2.6666666666666665,1.0,3.0,0.8333333333333334,2.5,3.0,3.5,1.0,7,9,-2,-5,1481.769207301364,1426.3200512672838,1,0.21473455103393518
2024-09-13,Arouca,Sp Lisbon,0,3,A,2,6,13.0,6.0,1.22,0,3,134,261,0.5,2.1666666666666665,3.0,2.1666666666666665,3.3333333333333335,0.3333333333333333,18.0,6.666666666666667,0.6666666666666666,12,13,-1,7,1509.1073280155401,1851.5124936074392,53,0.436587212862485
2024-09-14,Casa Pia,Moreirense,3,1,H,4,2,2.7,3.0,2.8,3,0,82,91,0.5,1.3333333333333333,6.0,3.1666666666666665,1.6666666666666667,1.1666666666666667,13.0,5.166666666666667,1.5,14,14,1,0,1437.5275256584366,1556.531541718357,36,0.43718568735808944
2024-09-14,AVS,Rio Ave,1,0,H,3,3,2.7,3.1,2.75,3,0,4,83,1.25,1.75,4.0,3.0,1.0,1.3333333333333333,8.0,2.3333333333333335,1.0,14,13,-1,1,1484.4143466519597,1529.247037271326,2,0.21859284367904472
2024-09-14,Benfica,Santa Clara,4,1,H,7,2,1.25,6.0,10.0,3,0,248,71,1.8333333333333333,0.6666666666666666,11.0,6.166666666666667,1.5,1.1666666666666667,12.0,4.833333333333333,3.0,14,14,0,2,1744.561720502882,1419.4487240312162,53,0.43718568735808944
2024-09-14,Famalicao,Gil Vicente,1,1,D,4,3,1.85,3.3,4.5,1,1,134,129,1.5,0.6666666666666666,12.0,5.0,1.0,1.0,8.0,4.166666666666667,1.3333333333333333,13,13,-1,0,1534.9009541413543,1471.5058387458907,53,0.43718568735808944
2024-09-15,Porto,Farense,2,1,H,11,5,1.14,7.5,21.0,3,0,257,37,1.6666666666666667,0.5,15.0,6.0,0.3333333333333333,2.5,0.0,3.0,3.0,14,14,-1,-6,1746.1518039732046,1413.6938636693778,53,0.43778498224355267
2024-09-15,Estoril,Nacional,1,0,H,3,3,2.3,3.3,3.1,3,0,109,4,0.3333333333333333,1.3333333333333333,2.0,1.5,1.0,2.0,4.0,3.25,1.0,14,14,0,1,1400.5125407466785,1494.39539489927,53,0.43778498224355267
2024-09-15,Sp Braga,Guimaraes,0,2,A,2,4,2.0,3.6,3.5,0,3,219,173,1.3333333333333333,0.8333333333333334,11.0,4.333333333333333,1.5,1.0,12.0,4.333333333333333,1.3333333333333333,14,14,0,1,1679.4794566677438,1620.3397470662078,53,0.43778498224355267
2024-09-16,Estrela,Boavista,2,2,D,3,4,1.91,3.3,4.2,1,1,34,118,0.3333333333333333,1.6666666666666667,4.0,2.5,0.6666666666666666,1.0,5.0,2.8333333333333335,2.0,14,14,-3,0,1426.5732120965317,1420.8917078666682,19,0.4383850986434665
2024-09-20,Nacional,Sp Braga,0,3,A,2,5,5.25,3.8,1.65,0,3,4,219,0.8,1.8,4.0,3.2,0.8333333333333334,0.8333333333333334,8.0,3.3333333333333335,1.0,5,5,-1,-1,1475.4379996799123,1661.95056720122,2,0.22039690096673187
2024-09-21,Rio Ave,Estoril,2,2,D,7,3,1.91,3.4,4.1,1,1,83,112,0.6666666666666666,1.1666666666666667,7.0,2.1666666666666665,0.5,1.1666666666666667,5.0,1.8333333333333333,1.25,7,6,-1,1,1512.3221264980243,1419.4699359660362,36,0.44139804282853734
2024-09-21,Santa Clara,Estrela,1,0,H,4,4,1.75,3.5,5.0,3,0,71,35,1.5,1.8333333333333333,9.0,4.666666666666667,0.6666666666666666,1.3333333333333333,5.0,2.5,1.0,7,5,-1,0,1415.4476793090605,1426.327943703343,36,0.44139804282853734
2024-09-21,Guimaraes,Porto,0,3,A,1,4,3.5,3.1,2.2,0,3,176,260,1.5,0.5,15.0,4.333333333333333,1.6666666666666667,0.5,15.0,7.166666666666667,0.5,6,6,2,1,1637.8686365327314,1750.0085016357464,53,0.44139804282853734
2024-09-21,Moreirense,Famalicao,0,0,D,3,1,2.55,3.0,3.0,1,1,91,135,1.6666666666666667,1.6666666666666667,10.0,4.666666666666667,1.5,0.8333333333333334,10.0,5.0,1.25,7,7,-1,0,1536.5856478244389,1532.1939427334726,36,0.44139804282853734
2024-09-22,Gil Vicente,Casa Pia,1,1,D,4,4,2.1,3.1,3.8,1,1,130,85,0.8333333333333334,1.1666666666666667,6.0,3.6666666666666665,1.0,1.3333333333333333,9.0,3.8333333333333335,2.5,8,8,0,2,1474.2128501537725,1457.4734195523547,53,0.4420031120180599
2024-09-22,Farense,Arouca,0,1,A,2,2,2.7,3.1,2.7,0,3,37,134,0.5,2.5,0.0,3.3333333333333335,0.5,1.8333333333333333,3.0,2.3333333333333335,1.5,7,9,-7,-2,1409.837166006836,1505.4390195735714,19,0.4420031120180599
2024-09-22,Sp Lisbon,AVS,3,0,H,9,0,1.07,12.0,23.0,3,0,264,7,3.6666666666666665,0.3333333333333333,18.0,6.833333333333333,1.2,1.4,7.0,3.0,1.0,9,8,8,1,1855.180802049408,1501.3392574252612,53,0.4420031120180599
2024-09-23,Boavista,Benfica,0,3,A,3,9,11.0,6.0,1.25,0,3,119,251,0.8333333333333334,1.0,6.0,3.1666666666666665,1.6666666666666667,0.8333333333333334,11.0,5.833333333333333,0.6666666666666666,7,9,0,1,1421.136976259857,1748.5627652250378,53,0.4426090106374589
2024-09-27,Estoril,Sp Lisbon,0,3,A,2,5,13.0,7.5,1.17,0,3,113,267,0.6666666666666666,1.1666666666666667,6.0,2.0,3.6666666666666665,0.3333333333333333,18.0,7.166666666666667,0.0,6,5,0,9,1423.3858987619872,1858.6423596873599,54,0.4450409221768882
2024-09-28,Estrela,Moreirense,2,1,H,2,2,2.9,3.2,2.45,3,0,35,92,0.5,1.5,2.0,2.8333333333333335,1.3333333333333333,1.5,8.0,4.666666666666667,0.5,7,7,-1,0,1410.8583584248697,1536.3960527718934,20,0.44565098503163114
2024-09-28,Casa Pia,Guimaraes,1,1,D,4,7,3.9,3.25,2.0,1,1,86,176,0.8333333333333334,1.3333333333333333,7.0,3.6666666666666665,1.0,0.8333333333333334,12.0,3.8333333333333335,2.0,6,7,0,-1,1458.1955601816876,1627.548703031663,37,0.44565098503163114
2024-09-28,Benfica,Gil Vicente,5,1,H,6,4,1.2,7.0,11.0,3,0,254,131,2.0,0.6666666666666666,13.0,6.166666666666667,1.0,1.1666666666666667,7.0,4.0,2.5,5,6,2,0,1752.5178711807423,1473.4907095244396,54,0.44565098503163114
2024-09-29,Porto,Arouca,4,0,H,7,0,1.2,6.25,15.0,3,0,263,137,2.0,0.5,15.0,7.0,0.5,1.3333333333333333,6.0,2.3333333333333335,2.1666666666666665,8,7,2,1,1760.3284351368147,1516.4126654584854,54,0.44626188416157536
2024-09-29,Famalicao,Nacional,0,0,D,5,4,1.6,3.75,5.75,1,1,136,4,1.3333333333333333,0.5,11.0,4.333333333333333,0.6666666666666666,2.0,4.0,3.0,1.0,8,9,0,-2,1532.383537786018,1467.7967274872701,54,0.44626188416157536
2024-09-29,Sp Braga,Rio Ave,4,0,H,8,4,1.36,4.75,8.0,3,0,222,84,1.3333333333333333,0.6666666666666666,11.0,4.0,0.8333333333333334,1.3333333333333333,7.0,2.8333333333333335,2.5,9,8,1,0,1669.5918393938623,1508.4061637020734,54,0.44626188416157536
2024-09-29,Santa Clara,Boavista,1,0,H,5,2,1.57,4.0,5.5,3,0,74,119,1.6666666666666667,1.3333333333333333,12.0,4.333333333333333,0.5,1.1666666666666667,5.0,2.8333333333333335,1.0,8,6,1,-1,1430.9172645875337,1417.1818703041524,37,0.44626188416157536
2024-09-30,AVS,Farense,0,0,D,1,3,1.91,3.5,4.0,1,1,7,37,1.0,1.6666666666666667,7.0,2.5,0.3333333333333333,2.1666666666666665,0.0,3.1666666666666665,1.0,8,8,-1,-8,1497.8776997873092,1398.863520121922,3,0.22343681035654409
2024-10-04,Rio Ave,Famalicao,1,1,D,6,3,2.9,3.0,2.6,1,1,84,137,0.6666666666666666,1.5,7.0,3.3333333333333335,1.0,0.5,9.0,4.333333333333333,0.75,5,5,-1,0,1499.9053873799166,1529.62678339535,37,0.44932896411722156
2024-10-05,Gil Vicente,Estrela,3,0,H,5,2,1.85,3.5,4.2,3,0,131,38,1.1666666666666667,1.5,7.0,4.333333333333333,0.6666666666666666,1.5,4.0,2.5,0.5,7,7,-1,1,1468.4772431484043,1431.054087554797,54,0.44994490502716583
2024-10-05,Moreirense,Santa Clara,1,0,H,2,3,2.4,3.25,2.88,3,0,92,77,1.1666666666666667,1.6666666666666667,5.0,4.0,1.1666666666666667,1.1666666666666667,12.0,3.8333333333333335,0.5,7,6,-1,2,1516.2003236419662,1445.3245686921175,37,0.44994490502716583
2024-10-05,Arouca,AVS,1,1,D,2,2,2.05,3.5,3.3,1,1,137,8,0.5,1.8333333333333333,6.0,2.3333333333333335,0.8333333333333334,1.5,7.0,2.1666666666666665,1.0,6,5,-1,0,1510.4976383685098,1493.7150022687663,54,0.44994490502716583
2024-10-05,Sp Lisbon,Casa Pia,2,0,H,6,3,1.13,10.0,13.0,3,0,270,87,3.6666666666666665,0.16666666666666666,18.0,7.0,1.0,1.3333333333333333,8.0,3.6666666666666665,3.0,8,7,10,0,1860.9064862245866,1464.9782641591885,54,0.44994490502716583
2024-10-06,Guimaraes,Boavista,2,2,D,4,5,1.42,4.2,8.5,1,1,177,119,1.0,1.0,10.0,4.333333333333333,0.3333333333333333,1.3333333333333333,2.0,2.8333333333333335,1.5,8,7,0,-2,1620.7659990541622,1402.7745661995687,54,0.4505616902699594
2024-10-06,Porto,Sp Braga,2,1,H,3,3,1.6,3.75,6.0,3,0,266,225,2.1666666666666665,0.5,15.0,7.0,1.8333333333333333,0.5,13.0,4.5,2.1666666666666665,7,7,3,2,1766.2434622267904,1678.092615716019,55,0.4505616902699594
2024-10-06,Farense,Estoril,1,0,H,2,2,2.25,3.4,3.1,3,0,38,113,0.16666666666666666,1.8333333333333333,1.0,2.8333333333333335,0.5,1.0,6.0,2.0,1.5,6,9,0,-1,1403.026217640465,1421.1217722247604,20,0.4505616902699594
2024-10-25,Casa Pia,Nacional,1,0,H,5,6,2.1,3.4,3.4,3,0,87,5,1.0,1.1666666666666667,8.0,4.0,0.5,1.8333333333333333,4.0,3.3333333333333335,1.0,14,14,-1,0,1462.192318201043,1470.553481877938,38,0.4624425820236935
2024-10-25,Santa Clara,Gil Vicente,2,1,H,3,1,2.1,3.1,3.9,3,0,77,134,1.1666666666666667,1.0,12.0,4.0,1.0,1.1666666666666667,7.0,4.166666666666667,1.75,14,14,-1,1,1433.3427695243392,1481.8677751754713,38,0.4624425820236935
2024-10-26,Estoril,Arouca,4,1,H,5,4,3.0,3.2,2.4,3,0,113,138,0.5,1.0,6.0,2.1666666666666665,0.5,1.5,7.0,2.1666666666666665,1.0,14,14,-2,0,1405.3412299868808,1509.7736367423372,55,0.4630764991034176
2024-10-26,Boavista,Moreirense,0,2,A,3,8,3.4,3.1,2.25,0,3,120,95,0.6666666666666666,1.5,3.0,3.5,0.8333333333333334,1.5,5.0,3.3333333333333335,2.5,14,14,0,1,1411.1187644125737,1528.1821228097444,54,0.4630764991034176
2024-10-26,Famalicao,Sp Lisbon,0,3,A,1,13,7.0,5.5,1.36,0,3,138,273,0.6666666666666666,0.6666666666666666,7.0,3.5,3.0,0.0,18.0,6.333333333333333,0.16666666666666666,14,14,0,11,1528.3467285210536,1863.692432182732,55,0.4630764991034176
2024-10-27,Sp Braga,Farense,2,0,H,6,2,1.33,6.0,7.0,3,0,225,41,1.8333333333333333,0.8333333333333334,10.0,4.5,0.3333333333333333,1.6666666666666667,4.0,2.5,1.5,14,14,-1,1,1666.8187798231957,1418.8067598783446,55,0.4637112851577551
2024-10-27,Benfica,Rio Ave,5,0,H,14,0,1.17,7.5,13.0,3,0,257,85,2.8333333333333335,0.5,16.0,7.0,0.6666666666666666,1.6666666666666667,5.0,3.8333333333333335,2.5,14,14,3,0,1757.5313375567775,1501.185442254213,55,0.4637112851577551
2024-10-27,Estrela,Guimaraes,2,2,D,2,3,4.75,3.4,1.8,1,1,38,178,0.6666666666666666,1.5,4.0,2.5,1.1666666666666667,1.3333333333333333,8.0,4.166666666666667,0.0,14,14,-1,0,1417.66355552773,1612.4218008411572,21,0.4637112851577551
2024-10-28,AVS,Porto,0,5,A,1,7,9.0,5.5,1.3,0,3,9,269,0.6666666666666666,1.0,8.0,1.6666666666666667,2.1666666666666665,0.6666666666666666,15.0,6.5,1.0,14,14,0,4,1494.4390038949389,1777.5172981196138,4,0.23217347068894903
2024-11-01,Sp Lisbon,Estrela,5,1,H,8,5,1.08,11.0,19.0,3,0,276,39,2.6666666666666665,0.0,18.0,7.166666666666667,1.0,1.6666666666666667,5.0,2.8333333333333335,3.0,6,5,12,0,1867.4936048170357,1425.2894398112558,55,0.466898291797559
2024-11-02,Farense,Benfica,1,2,A,4,7,11.0,6.5,1.22,0,3,41,260,0.3333333333333333,1.1666666666666667,4.0,2.6666666666666665,3.1666666666666665,0.5,16.0,8.166666666666666,0.5,6,6,-1,4,1413.002909461107,1763.1139183925263,21,0.4675383167718363
2024-11-02,Gil Vicente,Boavista,1,2,A,2,5,1.67,3.6,5.5,0,3,134,120,1.1666666666666667,1.5,6.0,3.6666666666666665,0.6666666666666666,1.6666666666666667,3.0,3.6666666666666665,1.8333333333333333,8,7,-1,-1,1464.7862989145087,1400.9898454198017,55,0.4675383167718363
2024-11-02,Rio Ave,Casa Pia,2,2,D,5,2,2.2,3.25,3.3,1,1,85,90,0.6666666666666666,2.1666666666666665,5.0,3.8333333333333335,1.1666666666666667,0.8333333333333334,11.0,4.333333333333333,1.25,6,8,-1,1,1495.6028614184643,1477.5532289841988,38,0.4675383167718363
2024-11-03,AVS,Famalicao,2,3,A,6,6,3.1,3.0,2.45,0,3,9,138,0.5,1.8333333333333333,5.0,1.5,0.5,1.1666666666666667,4.0,3.0,1.0,6,8,-1,-1,1489.5221597599964,1524.54555588675,5,0.23408960954671973
2024-11-03,Arouca,Sp Braga,1,2,A,3,3,4.33,3.9,1.73,0,3,138,228,0.5,2.1666666666666665,4.0,2.1666666666666665,1.6666666666666667,0.6666666666666666,10.0,4.333333333333333,0.5,8,7,-1,1,1490.39597858156,1672.6226302404332,55,0.46817921909343946
2024-11-03,Guimaraes,Moreirense,1,0,H,4,2,1.7,3.6,5.25,3,0,179,98,1.5,1.5,9.0,3.8333333333333335,1.0,1.0,8.0,3.8333333333333335,2.25,7,8,0,2,1604.7959165576315,1538.3110418025165,55,0.46817921909343946
2024-11-03,Porto,Estoril,4,0,H,9,5,1.14,8.0,15.0,3,0,272,116,2.6666666666666665,0.6666666666666666,15.0,5.666666666666667,1.1666666666666667,1.1666666666666667,8.0,2.6666666666666665,1.6666666666666667,6,8,5,1,1782.4341422545563,1424.718888147658,56,0.46817921909343946
2024-11-04,Nacional,Santa Clara,2,0,H,4,6,3.3,3.1,2.25,3,0,5,80,0.3333333333333333,1.0,4.0,3.3333333333333335,1.1666666666666667,1.1666666666666667,12.0,3.8333333333333335,1.0,10,10,-1,1,1455.1925710947824,1450.4242457853018,3,0.23441049998251876
2024-11-08,Moreirense,Gil Vicente,3,2,H,8,5,2.3,3.0,3.4,3,0,98,134,0.8333333333333334,1.0,7.0,3.1666666666666665,1.3333333333333333,1.8333333333333333,5.0,3.1666666666666665,1.25,5,6,-1,-2,1526.1468941763133,1447.062528168676,38,0.4713969330625127
2024-11-09,Casa Pia,Farense,1,1,D,2,3,1.95,3.3,4.0,1,1,91,41,1.3333333333333333,1.1666666666666667,9.0,3.6666666666666665,0.5,1.1666666666666667,4.0,3.0,1.5,7,7,0,-2,1478.3317939583583,1409.475048124857,39,0.47204312478190447
2024-11-09,Estoril,AVS,0,0,D,2,2,2.25,3.0,3.5,1,1,116,9,1.1666666666666667,1.8333333333333333,7.0,3.3333333333333335,0.6666666666666666,2.0,5.0,2.1666666666666665,1.0,6,6,-1,-2,1421.3250294406785,1476.0291402612024,56,0.47204312478190447
2024-11-09,Famalicao,Arouca,0,0,D,2,1,1.91,3.5,4.0,1,1,141,138,0.8333333333333334,1.1666666666666667,7.0,3.3333333333333335,0.6666666666666666,2.3333333333333335,4.0,2.1666666666666665,0.6666666666666666,6,6,1,-2,1538.038575385544,1482.6133534294124,56,0.47204312478190447
2024-11-09,Boavista,Rio Ave,0,2,A,4,1,2.75,3.1,2.7,0,3,123,86,1.0,1.8333333333333333,5.0,3.6666666666666665,0.8333333333333334,2.5,3.0,4.166666666666667,1.0,7,7,1,0,1418.7136161656344,1494.8242964443048,55,0.47204312478190447
2024-11-10,Santa Clara,Guimaraes,1,0,H,7,2,2.9,3.0,2.6,3,0,80,182,0.8333333333333334,1.3333333333333333,9.0,3.8333333333333335,1.3333333333333333,1.3333333333333333,9.0,3.8333333333333335,1.0,6,7,-1,1,1435.6300980129063,1616.9600641838347,39,0.47269020230200676
2024-11-10,Estrela,Nacional,2,0,H,3,4,2.2,3.4,3.2,3,0,39,8,1.1666666666666667,2.3333333333333335,5.0,3.0,0.6666666666666666,0.8333333333333334,7.0,3.8333333333333335,1.0,9,6,-1,1,1423.1076226903742,1469.9867188671778,22,0.47269020230200676
2024-11-10,Benfica,Porto,4,1,H,7,3,2.1,3.3,3.5,3,0,263,275,3.3333333333333335,0.6666666666666666,16.0,7.833333333333333,3.3333333333333335,0.3333333333333333,18.0,6.833333333333333,1.0,8,7,5,6,1766.6417797287763,1785.8280009615357,56,0.47269020230200676
2024-11-10,Sp Braga,Sp Lisbon,2,4,A,2,6,5.25,4.2,1.57,0,3,231,279,2.0,0.8333333333333334,12.0,4.5,3.1666666666666665,0.16666666666666666,18.0,7.833333333333333,0.8333333333333334,7,9,2,13,1680.4052553925808,1869.6754219379172,56,0.47269020230200676
2024-11-29,Farense,Estrela,1,0,H,2,3,2.2,3.25,3.4,3,0,42,42,0.5,1.0,5.0,2.6666666666666665,1.1666666666666667,2.0,7.0,3.0,2.0,14,14,0,1,1412.409513499268,1440.1193623121617,22,0.4851546022895776
2024-11-30,Rio Ave,Moreirense,3,2,H,4,2,2.8,3.2,2.55,3,0,89,101,1.1666666666666667,2.3333333333333335,6.0,3.8333333333333335,1.1666666666666667,0.8333333333333334,10.0,4.166666666666667,0.5,14,14,1,1,1506.5899079277785,1537.790318978937,39,0.4858196530453974
2024-11-30,Nacional,Boavista,0,0,D,8,2,1.91,3.4,4.0,1,1,8,123,0.3333333333333333,1.1666666666666667,4.0,3.8333333333333335,0.6666666666666666,1.8333333333333333,4.0,3.6666666666666665,1.0,14,14,-1,-1,1452.9749792453904,1406.9480046821607,4,0.2429098265226987
2024-11-30,Sp Lisbon,Santa Clara,0,1,A,4,3,1.17,6.5,17.0,0,3,282,83,3.3333333333333335,0.5,18.0,7.833333333333333,0.8333333333333334,0.6666666666666666,12.0,4.666666666666667,2.25,14,14,14,1,1877.2266445938158,1457.817685493583,56,0.4858196530453974
2024-12-01,Arouca,Benfica,0,2,A,5,8,9.5,5.75,1.27,0,3,139,266,0.6666666666666666,1.8333333333333333,5.0,2.0,3.8333333333333335,0.6666666666666666,18.0,8.333333333333334,0.0,14,14,0,6,1484.9861583821048,1782.4692745043528,56,0.48648561545392693
2024-12-01,AVS,Sp Braga,0,1,A,1,8,5.5,3.9,1.6,0,3,10,231,0.5,2.0,3.0,2.0,2.3333333333333335,1.1666666666666667,12.0,4.5,1.0,14,14,0,-1,1473.6866990625679,1672.8540327366823,6,0.48648561545392693
2024-12-01,Estoril,Famalicao,2,1,H,4,1,3.2,3.4,2.2,3,0,117,142,1.0,1.8333333333333333,5.0,3.1666666666666665,0.6666666666666666,1.0,7.0,3.0,1.3333333333333333,14,14,0,0,1423.667470639313,1535.6657704328516,57,0.48648561545392693
2024-12-02,Guimaraes,Gil Vicente,4,0,H,5,0,1.67,3.8,5.0,3,0,182,134,1.0,1.5,6.0,3.5,1.5,2.1666666666666665,4.0,3.5,1.5,14,14,-1,-3,1594.772476703158,1435.4191033660522,56,0.4871524907648613
2024-12-02,Porto,Casa Pia,2,0,H,9,3,1.2,6.25,13.0,3,0,275,92,3.1666666666666665,0.8333333333333334,15.0,5.5,1.0,1.1666666666666667,7.0,3.3333333333333335,2.5,14,14,-1,0,1770.0005061859592,1475.3973285839472,57,0.4871524907648613
2024-12-05,Moreirense,Sp Lisbon,2,1,H,4,2,8.5,4.75,1.36,3,0,101,282,1.5,1.3333333333333333,9.0,4.0,2.8333333333333335,0.6666666666666666,15.0,7.0,0.0,5,5,-1,-1,1521.446898306665,1849.6892792594526,39,0.4891586066347546
2024-12-06,Sp Braga,Estoril,2,2,D,7,3,1.22,7.0,10.0,1,1,234,120,2.0,1.1666666666666667,12.0,5.0,1.0,1.6666666666666667,7.0,3.3333333333333335,2.6666666666666665,5,5,1,1,1680.0879049800435,1443.3420195417575,57,0.489829146086556
2024-12-07,Gil Vicente,Nacional,2,1,H,4,6,2.0,3.3,3.8,3,0,134,9,1.3333333333333333,2.6666666666666665,3.0,2.8333333333333335,0.3333333333333333,1.0,5.0,4.666666666666667,1.0,5,7,-4,0,1426.8539245881334,1450.9993787577664,56,0.49050060471498097
2024-12-07,Benfica,Guimaraes,1,0,H,1,2,1.33,5.0,10.0,3,0,269,185,3.5,0.5,18.0,8.5,1.6666666666666667,1.0,9.0,4.166666666666667,2.3333333333333335,6,5,7,1,1787.054658957022,1603.3376554810768,57,0.49050060471498097
2024-12-07,Santa Clara,Rio Ave,1,0,H,4,2,1.83,3.3,4.75,3,0,86,92,0.8333333333333334,0.6666666666666666,12.0,4.5,1.3333333333333333,2.3333333333333335,8.0,3.3333333333333335,0.0,7,7,2,2,1485.3550508279461,1522.9333286000506,40,0.49050060471498097
2024-12-07,Famalicao,Porto,1,1,D,2,4,6.0,4.33,1.5,1,1,142,278,0.8333333333333334,1.3333333333333333,6.0,3.0,3.0,0.8333333333333334,15.0,6.333333333333333,0.16666666666666666,6,5,-1,1,1515.991221530407,1774.6506605985414,57,0.49050060471498097
2024-12-08,Boavista,Farense,1,1,D,4,6,2.4,3.1,3.1,1,1,124,45,0.6666666666666666,1.3333333333333333,5.0,3.5,0.6666666666666666,0.8333333333333334,8.0,2.6666666666666665,0.0,8,9,0,1,1408.9236051697847,1428.6033136908811,56,0.4911729837800384
2024-12-08,Casa Pia,AVS,1,1,D,5,3,1.85,3.4,4.33,1,1,92,10,0.8333333333333334,1.3333333333333333,6.0,3.1666666666666665,0.5,1.6666666666666667,3.0,2.1666666666666665,1.0,6,7,-1,-1,1470.747174171365,1466.4528268192066,40,0.4911729837800384
2024-12-09,Estrela,Arouca,2,1,H,2,4,2.55,3.2,2.8,3,0,42,139,1.1666666666666667,2.0,7.0,2.8333333333333335,0.5,2.1666666666666665,2.0,2.5,0.5,10,8,-1,-1,1423.9255621205486,1480.4007739294357,23,0.49184628454346435
2024-12-14,Farense,Gil Vicente,0,1,A,2,2,2.8,3.1,2.63,0,3,46,137,0.8333333333333334,1.0,8.0,3.1666666666666665,1.5,2.0,6.0,2.8333333333333335,1.5,6,7,0,1,1427.7545798746155,1442.8946926403005,23,0.49522665811808975
2024-12-14,Nacional,Moreirense,1,0,H,5,1,2.8,3.1,2.6,3,0,9,104,0.5,0.8333333333333334,5.0,5.333333333333333,1.6666666666666667,1.1666666666666667,12.0,4.333333333333333,1.0,7,9,-1,1,1434.9586107055993,1547.5079050586419,5,0.24761332905904487
2024-12-14,Sp Lisbon,Boavista,3,2,H,7,2,1.08,10.0,23.0,3,0,282,125,2.5,1.0,12.0,6.5,0.8333333333333334,1.3333333333333333,6.0,3.8333333333333335,2.5,9,6,-2,0,1823.6282725074757,1409.7723389860503,57,0.49522665811808975
2024-12-15,Arouca,Santa Clara,1,0,H,3,1,3.1,3.2,2.3,3,0,139,89,0.6666666666666666,1.8333333333333333,2.0,3.1666666666666665,0.8333333333333334,0.6666666666666666,12.0,4.333333333333333,1.75,6,8,-2,3,1462.983792865086,1501.9711385428009,57,0.49590551566520824
2024-12-15,AVS,Benfica,1,1,D,7,4,13.0,7.0,1.18,1,1,11,272,0.6666666666666666,1.8333333333333333,3.0,2.5,3.1666666666666665,0.5,18.0,7.166666666666667,1.0,7,8,0,8,1466.6382192570331,1794.7879390133837,7,0.49590551566520824
2024-12-15,Estoril,Casa Pia,0,2,A,5,4,2.63,3.1,2.75,0,3,121,93,1.3333333333333333,1.5,8.0,3.5,0.8333333333333334,1.3333333333333333,6.0,3.3333333333333335,2.0,9,7,0,0,1452.2285432054448,1470.5617817335385,58,0.49590551566520824
2024-12-16,Sp Braga,Famalicao,3,3,D,8,8,1.48,4.2,6.5,1,1,235,143,1.6666666666666667,1.5,10.0,4.833333333333333,1.0,1.5,6.0,2.5,1.6666666666666667,10,9,0,0,1671.2013813163562,1525.4689006352742,58,0.4965853037914095
2024-12-16,Porto,Estrela,2,0,H,4,0,1.14,7.5,19.0,3,0,279,45,2.5,1.0,13.0,5.833333333333333,1.1666666666666667,2.0,7.0,2.8333333333333335,3.0,9,7,0,1,1765.1729814936743,1441.3425431848984,58,0.4965853037914095
2024-12-16,Rio Ave,Guimaraes,2,2,D,4,5,3.7,3.3,2.05,1,1,92,185,1.3333333333333333,1.8333333333333333,8.0,3.0,1.5,1.0,8.0,3.3333333333333335,1.0,9,9,-1,-1,1506.3172408851958,1595.604375424715,40,0.4965853037914095
2024-12-19,Nacional,Benfica,0,2,A,1,7,8.5,7.0,1.25,0,3,12,273,0.6666666666666666,0.8333333333333334,7.0,5.5,2.5,0.5,16.0,6.833333333333333,1.0,5,4,1,0,1454.654627066082,1783.728757813288,6,0.4986302644096496
2024-12-20,Casa Pia,Arouca,3,1,H,6,4,2.3,3.1,3.5,3,0,96,142,1.1666666666666667,1.0,9.0,3.5,0.6666666666666666,1.6666666666666667,4.0,3.3333333333333335,1.75,5,5,1,1,1484.7710060068857,1479.6599821918996,41,0.49931378762607437
2024-12-21,Boavista,AVS,0,0,D,4,1,2.25,3.2,3.3,1,1,125,12,0.8333333333333334,1.5,5.0,3.3333333333333335,0.6666666666666666,1.8333333333333333,3.0,3.3333333333333335,1.0,7,6,-1,0,1407.236474190307,1477.6974004571289,57,0.49999824781728935
2024-12-21,Moreirense,Porto,0,3,A,1,7,7.0,4.1,1.48,0,3,104,282,1.5,1.3333333333333333,9.0,4.166666666666667,2.5,0.8333333333333334,13.0,6.0,0.0,7,5,-1,1,1527.8118886981592,1769.1996956323478,40,0.49999824781728935
2024-12-21,Famalicao,Farense,1,2,A,1,5,1.75,3.4,5.25,0,3,144,46,1.3333333333333333,1.8333333333333333,6.0,3.3333333333333335,0.6666666666666666,1.1666666666666667,5.0,3.1666666666666665,2.0,5,7,0,-1,1531.4159281347365,1413.4078176538035,58,0.49999824781728935
2024-12-22,Santa Clara,Sp Braga,0,2,A,6,5,3.1,3.2,2.3,0,3,89,236,0.8333333333333334,0.6666666666666666,12.0,4.0,2.0,1.6666666666666667,11.0,5.666666666666667,0.5,7,6,-1,0,1485.2949492159871,1665.2543538168939,41,0.5006836462677012
2024-12-22,Gil Vicente,Sp Lisbon,0,0,D,1,7,7.0,5.25,1.38,1,1,140,285,1.1666666666666667,2.0,6.0,2.3333333333333335,2.6666666666666665,1.3333333333333333,12.0,6.666666666666667,0.16666666666666666,8,8,2,1,1457.2414548611125,1826.164137303219,57,0.5006836462677012
2024-12-23,Benfica,Estoril,3,0,H,6,2,1.08,9.5,23.0,3,0,276,121,2.0,0.5,16.0,5.666666666666667,1.3333333333333333,1.6666666666666667,8.0,4.0,2.6666666666666665,4,8,1,-1,1787.6513965808667,1438.0193189320976,58,0.5013699842634772
2024-12-23,Guimaraes,Nacional,2,2,D,3,2,1.53,3.9,6.25,1,1,186,12,1.5,1.0,8.0,3.5,0.6666666666666666,1.0,7.0,4.666666666666667,1.0,7,4,0,-1,1591.8322185894551,1450.7319882985032,57,0.5013699842634772
2024-12-23,Estrela,Rio Ave,1,0,H,4,6,2.35,3.3,3.0,3,0,45,93,1.1666666666666667,1.8333333333333333,7.0,2.5,1.5,2.0,8.0,2.6666666666666665,1.0,7,7,-1,0,1437.315829046225,1510.0893977204557,24,0.5013699842634772
2024-12-27,Arouca,Gil Vicente,1,1,D,5,3,2.25,3.25,3.2,1,1,142,141,0.6666666666666666,1.5,4.0,3.3333333333333335,1.0,1.6666666666666667,7.0,2.3333333333333335,2.0,7,5,-1,0,1464.8806269117938,1469.0369885824314,58,0.5041247574853278
2024-12-28,Estoril,Moreirense,2,2,D,7,5,3.25,3.0,2.4,1,1,121,104,0.6666666666666666,2.0,5.0,3.5,1.1666666666666667,1.8333333333333333,6.0,3.0,0.75,5,7,-2,-2,1434.4828661548195,1521.8274521880064,59,0.5048158125622267
2024-12-28,Porto,Boavista,4,0,H,7,1,1.13,9.0,15.0,3,0,285,126,2.1666666666666665,0.8333333333333334,13.0,6.0,0.8333333333333334,1.1666666666666667,6.0,3.5,2.6666666666666665,7,7,2,0,1775.1841321425006,1410.2374864099856,59,0.5048158125622267
2024-12-28,AVS,Estrela,1,1,D,6,5,2.45,3.0,3.1,1,1,13,48,0.6666666666666666,1.0,4.0,3.3333333333333335,1.0,1.5,9.0,2.8333333333333335,1.0,7,5,0,1,1474.6963882374503,1455.4125606926914,8,0.5048158125622267
2024-12-29,Rio Ave,Nacional,2,1,H,7,2,2.2,3.1,3.5,3,0,93,13,1.5,1.3333333333333333,8.0,3.6666666666666665,0.6666666666666666,1.3333333333333333,5.0,4.333333333333333,1.0,6,6,-1,0,1491.9926660739893,1456.5095757874542,41,0.5055078149386031
2024-12-29,Farense,Guimaraes,2,2,D,2,12,4.2,3.5,1.85,1,1,49,187,1.0,1.0,8.0,3.6666666666666665,1.5,1.0,8.0,3.5,0.5,8,6,1,0,1433.3153532743156,1586.0546311005041,24,0.5055078149386031
2024-12-29,Sp Lisbon,Benfica,1,0,H,6,2,2.5,3.6,2.6,3,0,286,279,2.1666666666666665,1.3333333333333333,10.0,5.666666666666667,2.1666666666666665,0.3333333333333333,16.0,5.5,1.3333333333333333,7,6,0,2,1814.3686035819,1791.1878493581448,58,0.5055078149386031
2024-12-29,Sp Braga,Casa Pia,1,2,A,6,4,1.42,4.5,7.5,0,3,239,99,2.0,1.6666666666666667,11.0,5.5,1.5,1.1666666666666667,9.0,3.6666666666666665,2.25,7,9,1,2,1673.112438089294,1499.5503612869916,59,0.5055078149386031
2024-12-30,Famalicao,Santa Clara,1,2,A,5,3,2.7,2.9,2.88,0,3,144,89,1.5,1.6666666666666667,6.0,3.3333333333333335,0.5,0.8333333333333334,9.0,4.5,2.5,9,8,-1,-2,1511.5083925142244,1477.436864943587,59,0.5062007659130164
2025-01-03,Guimaraes,Sp Lisbon,4,4,D,5,5,3.8,3.5,1.95,1,1,188,289,1.6666666666666667,1.3333333333333333,6.0,4.833333333333333,1.5,1.1666666666666667,10.0,5.333333333333333,0.5,5,5,0,1,1579.8547026128574,1828.3692923453743,58,0.50898208182459
2025-01-04,Moreirense,AVS,1,1,D,5,2,1.8,3.4,4.5,1,1,105,14,1.5,2.0,7.0,3.5,0.5,0.6666666666666666,5.0,3.3333333333333335,1.0,7,7,0,0,1518.1339679263497,1473.864692348434,41,0.5096797953299731
2025-01-04,Benfica,Sp Braga,1,2,A,5,2,1.42,4.5,7.0,0,3,279,239,1.5,0.3333333333333333,13.0,4.666666666666667,1.8333333333333333,1.8333333333333333,8.0,6.0,2.0,6,6,-1,-1,1777.1871605946706,1651.1859689548392,59,0.5096797953299731
2025-01-04,Boavista,Arouca,1,3,A,2,5,2.75,3.1,2.63,0,3,126,143,0.5,1.6666666666666667,3.0,2.8333333333333335,0.6666666666666666,1.3333333333333333,5.0,3.6666666666666665,1.1666666666666667,7,8,-1,0,1406.9669188623654,1465.060062909969,58,0.5096797953299731
2025-01-05,Santa Clara,Farense,0,0,D,6,1,1.67,3.4,6.0,1,1,92,50,0.8333333333333334,0.6666666666666666,12.0,4.0,1.1666666666666667,1.0,9.0,3.3333333333333335,1.0,6,7,1,0,1493.9031536658658,1439.5152817619623,42,0.5103784652622186
2025-01-05,Casa Pia,Famalicao,1,1,D,3,14,2.35,3.1,3.2,1,1,102,144,1.5,1.0,11.0,4.0,1.1666666666666667,1.6666666666666667,3.0,3.1666666666666665,1.5,7,6,3,-2,1521.4768304214465,1495.0421037919455,42,0.5103784652622186
2025-01-05,Estrela,Estoril,2,4,A,4,8,2.25,3.1,3.3,0,3,49,122,1.0,0.8333333333333334,10.0,2.8333333333333335,1.0,1.6666666666666667,6.0,3.8333333333333335,1.5,8,8,0,0,1456.2442565817078,1438.1763504164762,25,0.5103784652622186
2025-01-06,Gil Vicente,Rio Ave,1,1,D,4,4,2.2,3.2,3.4,1,1,142,96,1.0,1.5,8.0,2.5,1.5,1.1666666666666667,10.0,4.0,0.5,10,8,0,1,1468.8575525842562,1505.466041920571,58,0.5110780929323983
2025-01-12,Nacional,Porto,2,0,H,4,3,8.5,4.75,1.36,3,0,13,288,0.8333333333333334,1.3333333333333333,5.0,4.0,2.1666666666666665,0.8333333333333334,13.0,5.666666666666667,1.0,14,14,-1,3,1443.0361999408726,1778.4546996901208,7,0.5152960450968603
2025-01-17,Benfica,Famalicao,4,0,H,12,0,1.25,6.25,9.5,3,0,279,145,1.3333333333333333,0.6666666666666666,10.0,4.166666666666667,1.3333333333333333,1.8333333333333333,3.0,5.166666666666667,1.6666666666666667,13,12,-2,0,1756.9738297252948,1496.1811854945702,60,0.5188375847784527
2025-01-18,Santa Clara,Estoril,2,3,A,5,3,1.7,3.4,5.5,0,3,93,125,0.6666666666666666,0.6666666666666666,10.0,3.8333333333333335,1.6666666666666667,2.0,8.0,4.833333333333333,2.0,13,13,0,1,1491.5740345324607,1453.9557022034192,43,0.5195488082240847
2025-01-18,Rio Ave,Sp Lisbon,0,3,A,0,13,9.5,5.5,1.3,0,3,97,290,1.3333333333333333,1.3333333333333333,8.0,4.5,1.5,1.5,8.0,5.166666666666667,0.2,12,14,0,0,1503.8913496738437,1819.1596124441992,42,0.5195488082240847
2025-01-18,Guimaraes,Arouca,2,2,D,7,6,1.55,3.9,6.25,1,1,189,146,2.3333333333333335,1.8333333333333333,7.0,5.333333333333333,1.1666666666666667,1.5,7.0,4.333333333333333,1.6666666666666667,14,14,0,1,1589.0643825140326,1477.5750952005574,59,0.5195488082240847
2025-01-19,Moreirense,Farense,0,0,D,4,0,1.9,3.2,4.33,1,1,106,51,1.1666666666666667,1.8333333333333333,5.0,3.0,1.0,0.8333333333333334,9.0,3.0,3.0,14,14,0,0,1516.2329861191486,1441.8444008953675,42,0.5202610066160284
2025-01-19,Nacional,AVS,3,1,H,7,3,2.05,3.2,3.75,3,0,16,15,1.1666666666666667,1.3333333333333333,7.0,3.3333333333333335,0.6666666666666666,0.8333333333333334,5.0,3.3333333333333335,1.0,7,14,1,0,1469.2364181363828,1475.765674155635,8,0.5202610066160284
2025-01-19,Estrela,Sp Braga,0,1,A,3,5,5.0,3.8,1.67,0,3,49,242,1.0,1.5,7.0,3.0,1.8333333333333333,1.3333333333333333,11.0,6.0,0.3333333333333333,14,14,-1,1,1440.4649047947648,1671.399299824215,26,0.5202610066160284
2025-01-19,Gil Vicente,Porto,3,1,H,3,3,7.5,4.5,1.4,3,0,143,288,0.8333333333333334,1.1666666666666667,9.0,2.3333333333333335,2.0,0.5,13.0,5.666666666666667,0.8333333333333334,13,7,0,-1,1470.4322448309833,1752.2544814946107,59,0.5202610066160284
2025-01-20,Boavista,Casa Pia,2,3,A,5,6,3.4,3.0,2.3,0,3,126,103,0.6666666666666666,1.8333333333333333,3.0,2.5,1.5,1.0,11.0,4.166666666666667,1.2,14,14,-2,0,1394.451886571777,1520.3377487188218,59,0.5209741812907417
2025-01-24,Arouca,Moreirense,1,0,H,5,1,2.3,3.1,3.25,3,0,147,107,1.5,1.5,8.0,4.5,0.8333333333333334,1.3333333333333333,6.0,3.3333333333333335,0.2,6,5,0,0,1482.2297934540525,1513.0695648757114,59,0.5238366696106269
2025-01-25,Famalicao,Estrela,0,0,D,2,1,1.82,3.4,4.33,1,1,145,49,1.1666666666666667,2.1666666666666665,3.0,5.0,1.0,1.5,7.0,3.0,1.3333333333333333,8,6,-1,-2,1490.7139798706733,1434.1869733476844,60,0.5245547458102684
2025-01-25,Farense,Rio Ave,1,2,A,5,2,2.55,2.9,3.0,0,3,52,97,0.8333333333333334,0.8333333333333334,7.0,2.6666666666666665,0.8333333333333334,1.5,5.0,3.8333333333333335,1.3333333333333333,6,7,0,-1,1445.0078221388046,1499.6896880186355,25,0.5245547458102684
2025-01-25,Casa Pia,Benfica,3,1,H,3,7,8.5,4.75,1.38,3,0,106,282,2.0,1.0,14.0,4.666666666666667,1.8333333333333333,0.6666666666666666,10.0,6.0,0.2,5,8,1,1,1530.1287960707177,1762.4410353491917,43,0.5245547458102684
2025-01-25,Sp Lisbon,Nacional,2,0,H,5,1,1.14,9.5,12.0,3,0,293,19,2.0,1.3333333333333333,11.0,6.666666666666667,1.5,1.1666666666666667,10.0,3.5,3.0,7,6,1,2,1823.3612740994074,1484.518275598439,59,0.5245547458102684
2025-01-26,Estoril,Guimaraes,1,0,H,5,2,4.2,3.6,1.83,3,0,128,190,1.8333333333333333,2.1666666666666665,8.0,4.666666666666667,2.0,2.1666666666666665,5.0,5.666666666666667,0.0,8,8,2,0,1470.5734991180861,1584.4096842605377,60,0.5252738063499883
2025-01-26,Porto,Santa Clara,1,1,D,7,1,1.45,4.1,7.5,1,1,288,93,1.8333333333333333,1.0,10.0,4.666666666666667,0.8333333333333334,1.1666666666666667,7.0,4.166666666666667,2.6,7,8,-2,-1,1727.2011222774836,1474.9562376177937,60,0.5252738063499883
2025-01-26,Sp Braga,Boavista,3,0,H,5,3,1.22,6.5,11.0,3,0,245,126,1.8333333333333333,1.3333333333333333,11.0,5.5,1.0,2.3333333333333335,2.0,3.0,2.3333333333333335,7,6,2,-3,1677.6772312712953,1384.6608392198812,60,0.5252738063499883
2025-01-27,AVS,Gil Vicente,1,0,H,1,0,2.9,3.0,2.55,3,0,15,146,0.8333333333333334,1.1666666666666667,5.0,3.6666666666666665,1.3333333333333333,0.6666666666666666,12.0,2.8333333333333335,0.0,8,8,-1,1,1460.4838166935788,1495.4856040481104,9,0.5259938525791219
2025-01-31,Boavista,Famalicao,0,2,A,1,4,3.6,2.9,2.2,0,3,126,146,0.8333333333333334,2.6666666666666665,1.0,2.8333333333333335,1.0,2.0,3.0,5.0,0.8333333333333334,5,6,-4,0,1379.974679784836,1488.2948207596735,60,0.5288839214412847
2025-02-01,Santa Clara,Casa Pia,2,1,H,6,2,2.1,3.1,3.8,3,0,94,109,0.8333333333333334,1.3333333333333333,5.0,3.6666666666666665,2.3333333333333335,1.0,16.0,4.333333333333333,1.3333333333333333,6,7,0,2,1484.2655954804188,1553.890147303401,44,0.5296089164223393
2025-02-01,Nacional,Arouca,1,2,A,4,6,2.5,3.2,2.88,0,3,19,150,1.3333333333333333,1.5,7.0,2.8333333333333335,1.5,1.1666666666666667,11.0,4.666666666666667,0.0,7,8,-1,1,1480.78343143438,1498.5577675227046,9,0.5296089164223393
2025-02-01,Guimaraes,AVS,2,0,H,8,1,1.36,5.25,7.0,3,0,190,18,2.0,2.1666666666666665,5.0,5.666666666666667,0.8333333333333334,1.0,7.0,3.3333333333333335,0.0,6,5,-1,1,1564.6636121014137,1476.989873679615,60,0.5296089164223393
2025-02-01,Gil Vicente,Estoril,1,2,A,6,6,2.15,3.25,3.4,0,3,146,131,1.0,0.6666666666666666,9.0,2.1666666666666665,1.6666666666666667,1.8333333333333333,10.0,5.0,1.3333333333333333,5,6,-1,3,1478.9795470620743,1490.3195712772101,60,0.5296089164223393
2025-02-02,Sp Lisbon,Farense,3,1,H,7,2,1.14,8.0,17.0,3,0,296,52,2.1666666666666665,1.0,14.0,7.166666666666667,0.8333333333333334,1.0,6.0,2.5,3.0,8,8,2,-1,1827.0961182634665,1432.349326357655,60,0.5303349052277497
2025-02-02,Estrela,Benfica,2,3,A,3,8,9.0,5.75,1.29,0,3,50,282,0.6666666666666666,1.3333333333333333,5.0,2.8333333333333335,1.8333333333333333,1.0,9.0,6.5,0.0,8,8,0,-1,1436.6061324586842,1738.6796841165085,27,0.5303349052277497
2025-02-03,Moreirense,Sp Braga,1,2,A,6,5,4.2,3.5,1.9,0,3,107,248,0.5,1.3333333333333333,3.0,2.8333333333333335,2.0,1.0,13.0,5.166666666666667,0.0,10,8,-1,3,1496.7415908070593,1682.3633907063404,43,0.5310618892198522
2025-02-03,Rio Ave,Porto,2,2,D,3,8,7.0,4.5,1.42,1,1,100,289,1.1666666666666667,1.5,8.0,3.8333333333333335,1.8333333333333333,1.0,10.0,5.166666666666667,0.8,9,8,1,0,1512.3481837997851,1717.8917644148585,43,0.5310618892198522
2025-02-07,Porto,Sp Lisbon,1,1,D,2,3,2.8,3.1,2.55,1,1,290,299,1.8333333333333333,1.3333333333333333,8.0,5.833333333333333,2.1666666666666665,0.8333333333333334,14.0,7.166666666666667,1.3333333333333333,4,5,0,3,1709.926062549737,1829.899299207027,61,0.5339798043673202
2025-02-08,AVS,Santa Clara,1,2,A,3,4,4.2,3.2,1.95,0,3,18,97,0.6666666666666666,1.1666666666666667,6.0,2.3333333333333335,1.1666666666666667,1.3333333333333333,8.0,4.5,0.0,7,7,-1,1,1465.6967038783807,1502.2319272192997,10,0.5347117847933762
2025-02-08,Benfica,Moreirense,3,2,H,6,4,1.18,7.0,13.0,3,0,285,107,2.0,1.3333333333333333,9.0,6.666666666666667,0.6666666666666666,1.5,3.0,3.6666666666666665,1.8,6,5,1,-2,1743.1633601772992,1489.071079968327,61,0.5347117847933762
2025-02-08,Famalicao,Guimaraes,0,0,D,2,2,3.1,3.0,2.4,1,1,149,193,0.8333333333333334,1.5,5.0,4.333333333333333,2.0,1.8333333333333333,7.0,6.166666666666667,0.5,8,7,1,1,1498.7641178076476,1575.956781902648,61,0.5347117847933762
2025-02-09,Farense,Nacional,0,2,A,6,4,2.3,3.2,3.1,0,3,52,19,1.0,1.3333333333333333,6.0,2.5,1.5,1.5,7.0,3.3333333333333335,0.0,7,8,-2,-2,1429.5461454140943,1466.550142445073,26,0.5354447686194481
2025-02-09,Estoril,Boavista,2,1,H,5,5,1.55,3.9,6.5,3,0,134,126,2.0,1.6666666666666667,13.0,5.166666666666667,0.5,2.5,1.0,2.6666666666666665,0.6666666666666666,8,9,4,-5,1504.8301568580566,1369.505382736862,61,0.5354447686194481
2025-02-09,Casa Pia,Estrela,1,0,H,4,3,1.8,3.4,4.5,3,0,109,50,2.1666666666666665,1.3333333333333333,13.0,4.0,1.0,1.5,5.0,3.3333333333333335,1.0,8,7,-1,-1,1535.92381556452,1432.1224563978935,44,0.5354447686194481
2025-02-09,Sp Braga,Gil Vicente,2,0,H,6,4,1.55,4.2,5.5,3,0,251,146,1.8333333333333333,0.6666666666666666,15.0,4.666666666666667,1.0,1.0,6.0,2.8333333333333335,1.8333333333333333,6,8,4,-2,1690.0339015450727,1464.4689614812278,61,0.5354447686194481
2025-02-10,Arouca,Rio Ave,1,1,D,4,4,1.91,3.25,4.2,1,1,153,101,1.6666666666666667,1.3333333333333333,11.0,5.166666666666667,1.1666666666666667,1.5,8.0,3.6666666666666665,0.4,9,7,2,0,1512.7910565120114,1520.3138856649066,60,0.5361787572209982
2025-02-14,Boavista,Estrela,0,1,A,1,6,2.45,3.0,3.1,0,3,126,50,0.6666666666666666,2.8333333333333335,0.0,2.8333333333333335,0.8333333333333334,1.6666666666666667,2.0,3.1666666666666665,0.6666666666666666,5,5,-6,-2,1360.0692676461074,1421.4751773459202,61,0.5391247869572763
2025-02-15,Santa Clara,Benfica,0,1,A,3,6,5.0,3.8,1.67,0,3,100,288,1.5,1.1666666666666667,11.0,4.166666666666667,2.0,1.6666666666666667,9.0,6.666666666666667,0.0,7,7,2,2,1515.6603633289994,1748.8051264778828,45,0.5398638201342368
2025-02-15,Sp Lisbon,Arouca,2,2,D,8,7,1.25,5.5,12.0,1,1,300,154,2.3333333333333335,1.0,14.0,6.5,1.6666666666666667,1.0,12.0,5.166666666666667,2.1666666666666665,8,5,0,0,1824.9161443880703,1513.1157924076015,61,0.5398638201342368
2025-02-15,Moreirense,Casa Pia,3,2,H,5,4,2.35,3.0,3.3,3,0,107,112,1.0,1.5,3.0,4.166666666666667,1.8333333333333333,1.1666666666666667,13.0,3.6666666666666665,1.0,7,6,-3,1,1483.4293136677434,1546.5710946164934,44,0.5398638201342368
2025-02-15,Nacional,Estoril,2,2,D,6,4,2.25,3.2,3.3,1,1,22,137,1.5,1.1666666666666667,9.0,3.6666666666666665,2.3333333333333335,1.3333333333333333,16.0,5.666666666666667,0.0,6,6,1,5,1479.9585649668793,1514.2662719488112,10,0.5398638201342368
2025-02-16,Farense,Porto,0,1,A,2,2,7.0,4.75,1.4,0,3,52,291,0.6666666666666666,1.5,3.0,2.6666666666666665,1.5,1.5,6.0,5.0,0.0,7,9,-3,0,1416.1377228922881,1714.9092173686938,27,0.5406038663791363
2025-02-16,Guimaraes,Sp Braga,0,0,D,3,3,2.55,3.25,2.75,1,1,194,254,1.6666666666666667,1.5,7.0,6.0,1.8333333333333333,0.6666666666666666,15.0,4.833333333333333,1.6666666666666667,8,7,0,5,1572.677882321695,1696.4666502090229,61,0.5406038663791363
2025-02-16,Rio Ave,AVS,1,1,D,3,3,2.1,3.3,3.5,1,1,102,18,1.3333333333333333,1.5,9.0,3.3333333333333335,0.8333333333333334,1.5,5.0,2.6666666666666665,0.0,6,8,0,-2,1519.9891497693166,1452.268267768681,44,0.5406038663791363
2025-02-17,Gil Vicente,Famalicao,0,2,A,2,6,2.5,3.0,3.0,0,3,146,150,1.0,1.3333333333333333,5.0,3.3333333333333335,0.6666666666666666,1.1666666666666667,6.0,4.5,1.0,8,9,-3,0,1458.0362128172776,1502.0430173886004,61,0.5413449270806896
2025-02-21,Sp Braga,Nacional,1,0,H,7,3,1.57,3.8,6.0,3,0,255,23,1.6666666666666667,0.3333333333333333,16.0,4.333333333333333,1.6666666666666667,1.1666666666666667,10.0,4.333333333333333,3.0,5,6,0,0,1691.3374844123075,1481.4349522662883,62,0.5443193422944308
2025-02-22,Casa Pia,Gil Vicente,1,0,H,1,0,2.2,3.1,3.5,3,0,112,146,1.8333333333333333,1.5,10.0,3.6666666666666665,0.8333333333333334,1.5,4.0,3.1666666666666665,0.4,7,5,-1,-4,1528.8746657142767,1444.9260437748894,45,0.5450654961767023
2025-02-22,Benfica,Boavista,3,0,H,14,2,1.11,9.0,19.0,3,0,291,126,2.1666666666666665,1.5,12.0,7.333333333333333,0.6666666666666666,2.3333333333333335,0.0,2.8333333333333335,2.1666666666666665,7,8,3,-7,1755.0201277815947,1347.6931101271502,62,0.5450654961767023
2025-02-22,Estoril,Rio Ave,2,1,H,4,4,2.05,3.4,3.6,3,0,138,103,2.3333333333333335,1.3333333333333333,16.0,5.166666666666667,1.1666666666666667,1.5,7.0,2.6666666666666665,1.2,7,6,0,0,1512.7898846494022,1517.1018767903815,62,0.5450654961767023
2025-02-23,Arouca,Farense,2,2,D,6,7,1.9,3.4,4.2,1,1,155,52,1.8333333333333333,1.1666666666666667,12.0,5.5,0.3333333333333333,1.3333333333333333,2.0,2.6666666666666665,2.0,8,7,0,-4,1523.8414812658048,1411.5810739191231,61,0.5458126728879875
2025-02-23,Estrela,Santa Clara,0,0,D,2,1,3.6,3.2,2.1,1,1,53,100,0.8333333333333334,1.5,4.0,3.3333333333333335,1.1666666666666667,1.1666666666666667,8.0,4.166666666666667,0.0,9,8,1,-1,1433.8513348648773,1509.4453620252875,28,0.5458126728879875
2025-02-23,AVS,Sp Lisbon,2,2,D,4,3,8.0,5.25,1.33,1,1,19,301,0.8333333333333334,1.5,5.0,2.1666666666666665,2.5,1.3333333333333333,12.0,6.833333333333333,0.0,7,8,0,0,1455.155540747616,1814.190455529867,11,0.5458126728879875
2025-02-23,Famalicao,Moreirense,2,0,H,4,6,2.2,3.2,3.5,3,0,153,110,0.8333333333333334,0.8333333333333334,9.0,4.666666666666667,1.1666666666666667,1.5,5.0,4.166666666666667,1.2,6,8,1,1,1515.1531864309886,1501.12574256996,62,0.5458126728879875
2025-02-24,Porto,Guimaraes,1,1,D,2,5,1.67,3.7,5.25,1,1,294,195,1.0,1.5,6.0,4.166666666666667,1.3333333333333333,1.1666666666666667,7.0,4.5,2.5,8,8,1,0,1719.4658663418588,1577.8070481184104,62,0.5465608738303822
2025-03-01,Arouca,Porto,0,2,A,2,2,5.0,3.75,1.67,0,3,156,295,1.6666666666666667,1.3333333333333333,10.0,5.666666666666667,1.1666666666666667,1.3333333333333333,7.0,4.0,0.6666666666666666,6,5,0,0,1519.1567176631904,1713.6677532263159,62,0.5503172912170365
2025-03-01,Guimaraes,Casa Pia,1,0,H,6,2,1.75,3.6,4.75,3,0,196,115,0.8333333333333334,0.6666666666666666,7.0,4.5,1.8333333333333333,1.3333333333333333,12.0,3.3333333333333335,0.6,5,7,0,1,1583.6051612339534,1540.319235524895,62,0.5503172912170365
2025-03-01,Nacional,Famalicao,2,1,H,5,3,2.6,3.0,2.9,3,0,23,156,1.3333333333333333,1.3333333333333333,7.0,4.166666666666667,1.0,0.6666666666666666,11.0,3.0,1.0,8,6,-1,2,1474.534872028123,1529.5479018487179,11,0.5503172912170365
2025-03-02,Boavista,Santa Clara,1,0,H,5,1,4.33,3.2,1.95,3,0,126,101,0.5,2.3333333333333335,0.0,2.8333333333333335,1.1666666666666667,1.1666666666666667,8.0,3.3333333333333335,1.4,8,7,-8,0,1345.068621493233,1506.2322489297123,62,0.5510716670979153
2025-03-02,Moreirense,Estrela,1,1,D,2,1,1.91,3.0,4.75,1,1,110,54,1.0,1.6666666666666667,4.0,4.333333333333333,0.5,0.8333333333333334,5.0,3.0,1.3333333333333333,7,7,-1,0,1486.7310271522308,1437.0644479604525,45,0.5510716670979153
2025-03-02,Farense,AVS,0,1,A,4,3,2.25,3.1,3.4,0,3,53,20,0.6666666666666666,1.6666666666666667,2.0,3.6666666666666665,1.0,1.6666666666666667,5.0,2.5,1.0,7,7,0,0,1416.2658375217375,1466.7844799913798,28,0.5510716670979153
2025-03-02,Rio Ave,Sp Braga,2,1,H,7,7,4.2,3.6,1.83,3,0,103,258,1.1666666666666667,1.6666666666666667,6.0,2.6666666666666665,1.5,0.16666666666666666,16.0,5.166666666666667,0.2,8,9,-1,1,1501.9157226826326,1698.237564650473,45,0.5510716670979153
2025-03-03,Sp Lisbon,Estoril,3,1,H,6,2,1.2,7.0,11.0,3,0,302,141,2.1666666666666665,1.0,12.0,6.5,2.0,1.1666666666666667,16.0,4.5,3.0,8,9,0,1,1802.5615162861031,1527.9760387571512,62,0.5518270770785375
2025-03-07,Estrela,Gil Vicente,1,1,D,3,2,2.62,3.0,2.8,1,1,55,146,0.6666666666666666,0.8333333333333334,6.0,2.6666666666666665,0.6666666666666666,1.5,3.0,2.5,1.3333333333333333,5,13,0,-5,1439.1942386776384,1433.4814739642711,29,0.5548590863785381
2025-03-08,Estoril,Farense,2,2,D,4,4,2.05,3.2,3.8,1,1,141,53,1.6666666666666667,1.3333333333333333,13.0,4.333333333333333,0.6666666666666666,1.8333333333333333,1.0,4.333333333333333,1.0,5,6,-1,-1,1522.8548974487067,1403.4316605307995,63,0.5556196881599663
2025-03-08,AVS,Arouca,0,1,A,1,8,3.1,3.1,2.38,0,3,23,156,1.0,1.1666666666666667,8.0,2.5,1.3333333333333333,1.3333333333333333,9.0,5.0,1.0,6,7,1,-1,1479.6186569823178,1511.77468472872,12,0.5556196881599663
2025-03-08,Benfica,Nacional,3,0,H,12,3,1.22,7.0,11.0,3,0,294,26,2.5,1.1666666666666667,15.0,8.833333333333334,1.1666666666666667,1.3333333333333333,7.0,3.8333333333333335,3.0,14,7,4,1,1757.644616415512,1491.8903232728449,63,0.5556196881599663
2025-03-08,Sp Braga,Porto,1,0,H,4,3,3.3,3.25,2.2,3,0,258,298,1.5,0.5,13.0,5.5,1.3333333333333333,0.8333333333333334,10.0,3.8333333333333335,0.6666666666666666,6,7,-1,1,1675.5617368358717,1721.0497861607862,63,0.5556196881599663
2025-03-09,Santa Clara,Moreirense,1,1,D,5,3,2.0,3.1,4.1,1,1,101,111,0.8333333333333334,0.8333333333333334,8.0,2.6666666666666665,1.1666666666666667,1.8333333333333333,4.0,4.0,1.3333333333333333,7,7,-1,0,1484.7337984699122,1484.601236435045,46,0.556381332575613
2025-03-09,Casa Pia,Sp Lisbon,1,3,A,3,6,6.5,3.9,1.53,0,3,115,305,1.3333333333333333,1.1666666666666667,9.0,2.6666666666666665,2.1666666666666665,1.1666666666666667,12.0,5.333333333333333,0.0,8,6,-1,1,1527.1784296933265,1807.6826575945477,46,0.556381332575613
2025-03-09,Boavista,Guimaraes,1,2,A,4,8,5.25,3.8,1.65,0,3,129,199,0.3333333333333333,1.8333333333333333,3.0,2.8333333333333335,0.6666666666666666,0.3333333333333333,9.0,4.333333333333333,1.0,7,8,1,1,1366.567071953033,1596.7459670655219,63,0.556381332575613
2025-03-10,Famalicao,Rio Ave,1,0,H,7,4,1.95,3.3,4.1,3,0,156,106,1.1666666666666667,0.3333333333333333,11.0,3.5,1.5,1.3333333333333333,9.0,3.8333333333333335,1.4,9,8,-1,1,1512.192450603996,1524.5915504972338,63,0.5571440210547229
2025-03-15,Farense,Sp Braga,0,1,A,3,4,4.33,3.4,1.85,0,3,54,261,0.8333333333333334,1.8333333333333333,2.0,4.166666666666667,1.1666666666666667,0.5,13.0,5.333333333333333,1.0,7,7,0,1,1408.393679484458,1692.5144690063782,29,0.5609731745630839
2025-03-15,Gil Vicente,Santa Clara,0,1,A,2,1,3.0,3.0,2.55,0,3,147,102,0.3333333333333333,1.5,1.0,2.3333333333333335,0.8333333333333334,0.8333333333333334,8.0,3.3333333333333335,0.8,8,6,0,0,1433.7280916181944,1484.728075307089,62,0.5609731745630839
2025-03-15,Porto,AVS,2,0,H,10,2,1.25,5.75,11.0,3,0,298,23,1.1666666666666667,0.8333333333333334,9.0,3.1666666666666665,0.8333333333333334,1.3333333333333333,5.0,2.5,3.0,7,7,-1,-1,1704.0970539902796,1466.0029938267887,63,0.5609731745630839
2025-03-15,Sp Lisbon,Famalicao,3,1,H,9,3,1.3,5.5,9.0,3,0,308,159,2.3333333333333335,1.3333333333333333,12.0,5.5,1.3333333333333333,0.3333333333333333,13.0,4.333333333333333,3.0,6,5,2,1,1812.6607202887071,1527.7275356359323,63,0.5609731745630839
2025-03-16,Arouca,Estoril,1,1,D,1,3,1.95,3.4,3.9,1,1,159,142,1.3333333333333333,1.3333333333333333,9.0,5.5,1.8333333333333333,1.6666666666666667,11.0,4.166666666666667,2.0,8,8,1,0,1525.3903478842492,1517.892878495048,63,0.5617421575470176
2025-03-16,Nacional,Casa Pia,3,1,H,6,3,2.4,3.3,2.9,3,0,26,115,1.1666666666666667,1.5,7.0,4.166666666666667,1.0,1.5,6.0,2.6666666666666665,0.0,8,7,-1,-2,1486.5496553355686,1522.200366999167,12,0.5617421575470176
2025-03-16,Rio Ave,Benfica,2,3,A,2,8,6.5,5.25,1.38,0,3,106,297,1.1666666666666667,1.3333333333333333,6.0,4.166666666666667,2.3333333333333335,1.1666666666666667,15.0,8.833333333333334,0.2,6,8,-1,5,1509.0564654652974,1762.9852843527883,46,0.5617421575470176
2025-03-16,Guimaraes,Estrela,2,0,H,6,0,1.45,4.1,7.5,3,0,202,56,1.0,0.3333333333333333,12.0,5.333333333333333,0.8333333333333334,1.0,6.0,3.0,2.3333333333333335,7,9,2,0,1603.0455150823316,1438.947621023715,63,0.5617421575470176
2025-03-16,Moreirense,Boavista,1,0,H,3,4,1.75,3.3,5.25,3,0,112,129,1.3333333333333333,1.8333333333333333,5.0,4.333333333333333,0.5,1.6666666666666667,3.0,3.0,0.8,7,7,0,-1,1484.6069595978681,1360.2675239362234,46,0.5617421575470176
2025-03-28,Gil Vicente,Benfica,0,3,A,2,7,7.0,4.75,1.4,0,3,147,300,0.3333333333333333,1.5,1.0,2.6666666666666665,2.6666666666666665,1.0,18.0,9.0,0.5,13,12,-1,6,1420.9142584707809,1768.631362246747,63,0.5710525896506842
2025-03-29,Casa Pia,Rio Ave,2,1,H,3,5,2.0,3.3,3.75,3,0,115,106,1.0,1.6666666666666667,6.0,2.8333333333333335,1.1666666666666667,1.5,5.0,4.0,1.2,13,13,-3,-2,1505.666581361114,1503.4103875713388,47,0.5718353895140014
2025-03-29,Estrela,Sp Lisbon,0,3,A,0,7,9.0,5.0,1.33,0,3,56,311,0.5,0.8333333333333334,6.0,2.5,2.3333333333333335,1.3333333333333333,12.0,5.833333333333333,0.0,13,14,-1,3,1430.548599572135,1817.5338261735344,30,0.5718353895140014
2025-03-29,Sp Braga,Arouca,2,1,H,5,1,1.7,3.75,4.75,3,0,264,160,1.0,0.3333333333333333,13.0,5.166666666666667,1.1666666666666667,1.3333333333333333,7.0,4.666666666666667,2.5,14,13,2,0,1697.4066924197655,1525.0667063462508,64,0.5718353895140014
2025-03-30,Famalicao,AVS,4,1,H,4,1,1.75,3.4,4.75,3,0,159,23,1.1666666666666667,0.8333333333333334,10.0,4.166666666666667,0.8333333333333334,1.3333333333333333,5.0,2.6666666666666665,3.0,14,14,-1,-2,1522.854429751105,1459.9272071658725,64,0.5726192624407057
2025-03-30,Santa Clara,Nacional,1,0,H,5,4,1.9,3.2,4.33,3,0,105,29,0.6666666666666666,0.6666666666666666,8.0,2.5,1.5,1.3333333333333333,10.0,4.5,0.0,14,14,1,1,1497.5419084545026,1503.0834409736217,47,0.5726192624407057
2025-03-30,Estoril,Porto,1,2,A,2,6,6.25,4.1,1.53,0,3,143,301,1.6666666666666667,1.6666666666666667,9.0,3.6666666666666665,1.1666666666666667,0.5,11.0,3.5,1.1666666666666667,14,14,0,1,1518.2165200330464,1710.1728406511959,64,0.5726192624407057
2025-03-30,Moreirense,Guimaraes,2,2,D,3,3,3.6,3.1,2.15,1,1,115,205,1.3333333333333333,1.5,8.0,3.8333333333333335,1.0,0.3333333333333333,12.0,5.0,0.6,14,14,1,3,1494.4568107776595,1611.4445365339118,47,0.5726192624407057
2025-04-01,Boavista,Gil Vicente,1,3,A,3,9,3.75,3.3,2.1,0,3,129,147,0.5,1.5,3.0,3.5,0.16666666666666666,1.6666666666666667,1.0,2.0,1.3333333333333333,14,4,-2,-2,1350.417672756432,1417.3432720795522,64,0.5741902333701202
2025-04-02,Benfica,Farense,3,2,H,7,6,1.13,8.5,19.0,3,0,303,54,2.6666666666666665,0.6666666666666666,18.0,8.833333333333334,0.6666666666666666,1.5,2.0,4.333333333333333,2.3333333333333335,5,14,7,-1,1772.2023486379755,1403.5014560710708,64,0.5749773343207967
2025-04-04,AVS,Estoril,0,3,A,2,8,3.0,3.1,2.45,0,3,23,143,0.8333333333333334,1.6666666666666667,5.0,2.3333333333333335,1.5,1.8333333333333333,6.0,3.1666666666666665,1.0,5,5,-3,-1,1447.6146711800773,1510.7523340984985,13,0.5765547745791634
2025-04-05,Arouca,Famalicao,1,2,A,8,4,2.5,3.2,2.9,0,3,160,162,1.1666666666666667,1.5,6.0,4.166666666666667,1.8333333333333333,1.0,12.0,4.5,1.8333333333333333,7,6,-1,1,1516.9515964576176,1535.1669657369002,64,0.5773451168469597
2025-04-05,Guimaraes,Santa Clara,2,0,H,3,5,1.95,3.1,4.33,3,0,206,108,1.3333333333333333,0.6666666666666666,12.0,5.166666666666667,0.5,0.5,8.0,2.6666666666666665,1.4,6,6,0,2,1606.5763767112326,1512.7811353593859,64,0.5773451168469597
2025-04-06,Gil Vicente,Moreirense,0,1,A,4,3,2.5,3.1,2.9,0,3,150,116,0.6666666666666666,1.5,4.0,2.8333333333333335,1.3333333333333333,1.3333333333333333,9.0,3.6666666666666665,1.0,5,7,1,0,1429.4890765995015,1499.3249706003387,64,0.578136542517284
2025-04-06,Nacional,Estrela,0,1,A,4,3,2.05,3.2,3.7,0,3,29,56,1.1666666666666667,1.5,7.0,4.5,0.5,1.1666666666666667,6.0,2.0,0.0,7,8,-1,-2,1487.8442140687384,1427.6297965359092,13,0.578136542517284
2025-04-06,Porto,Benfica,1,4,A,3,5,2.88,3.2,2.5,0,3,304,306,1.3333333333333333,0.5,13.0,4.166666666666667,2.6666666666666665,0.6666666666666666,18.0,9.0,1.5,7,4,2,8,1717.6370265857438,1775.4104709679773,64,0.578136542517284
2025-04-07,Farense,Casa Pia,0,0,D,5,0,2.63,3.1,2.88,1,1,54,118,1.0,1.6666666666666667,2.0,4.333333333333333,1.1666666666666667,1.8333333333333333,6.0,2.6666666666666665,1.3333333333333333,5,9,-2,1,1400.293333741069,1520.5691750143096,30,0.5789290530752662
2025-04-07,Rio Ave,Boavista,0,2,A,2,4,1.85,3.4,4.5,0,3,106,129,1.1666666666666667,1.6666666666666667,4.0,4.166666666666667,0.5,1.6666666666666667,3.0,3.1666666666666665,2.0,9,6,-3,-3,1488.507793918143,1338.2718682364828,47,0.5789290530752662
2025-04-07,Sp Lisbon,Sp Braga,1,1,D,7,3,1.53,4.0,6.25,1,1,314,267,2.6666666666666665,1.1666666666666667,14.0,6.5,1.0,0.5,13.0,5.0,1.8333333333333333,9,9,4,3,1820.45262920976,1705.5218023083987,64,0.5789290530752662
2025-04-11,Gil Vicente,Guimaraes,0,1,A,1,1,4.2,3.2,1.95,0,3,150,209,0.6666666666666666,1.3333333333333333,4.0,3.1666666666666665,1.6666666666666667,0.6666666666666666,14.0,5.166666666666667,1.0,5,6,-1,1,1417.4641748291028,1617.6225009928064,65,0.5821099739576876
2025-04-12,Famalicao,Estoril,3,0,H,4,2,2.0,3.3,3.75,3,0,165,146,1.8333333333333333,1.1666666666666667,12.0,4.166666666666667,1.6666666666666667,1.5,8.0,3.8333333333333335,1.1666666666666667,7,8,2,1,1549.381264782348,1523.056077241152,65,0.5829079313022616
2025-04-12,Boavista,Nacional,0,1,A,8,5,2.75,3.1,2.63,0,3,132,29,0.8333333333333334,1.5,6.0,3.6666666666666665,0.8333333333333334,1.3333333333333333,6.0,4.166666666666667,1.0,5,6,1,-2,1359.3819163728012,1470.270268188867,65,0.5829079313022616
2025-04-12,Casa Pia,Porto,0,1,A,2,3,5.5,3.6,1.67,0,3,119,304,0.8333333333333334,1.3333333333333333,7.0,2.0,1.3333333333333333,1.1666666666666667,10.0,4.333333333333333,0.2,5,6,0,-1,1515.5744009143853,1705.1085685153682,48,0.5829079313022616
2025-04-12,Santa Clara,Sp Lisbon,0,1,A,1,4,6.25,3.6,1.6,0,3,108,315,0.5,0.6666666666666666,8.0,3.0,2.5,1.0,14.0,6.333333333333333,1.2,7,5,-1,0,1501.735011077812,1815.6640713021511,48,0.5829079313022616
2025-04-13,Estrela,Farense,0,1,A,3,5,2.7,3.0,2.75,0,3,59,55,0.5,1.1666666666666667,6.0,1.5,1.0,1.5,3.0,4.833333333333333,0.3333333333333333,7,6,1,0,1445.2037424157807,1405.2881078409935,31,0.5837069824881237
2025-04-13,Benfica,Arouca,2,2,D,8,5,1.17,7.0,17.0,1,1,309,160,3.1666666666666665,0.8333333333333334,18.0,8.833333333333334,1.0,1.5,5.0,4.333333333333333,3.0,7,8,9,-2,1787.9389290383529,1502.73729741217,65,0.5837069824881237
2025-04-13,Sp Braga,AVS,4,1,H,8,2,1.38,4.5,8.5,3,0,268,23,1.1666666666666667,0.6666666666666666,13.0,5.0,0.6666666666666666,2.0,4.0,2.1666666666666665,3.0,6,9,0,-4,1710.3103602160077,1435.3109280374238,65,0.5837069824881237
2025-04-13,Moreirense,Rio Ave,0,2,A,1,4,1.95,3.25,4.1,0,3,119,106,1.0,1.0,9.0,3.3333333333333335,1.0,1.8333333333333333,3.0,4.0,1.3333333333333333,7,6,1,-4,1511.3498723707373,1467.3977457818246,48,0.5837069824881237
2025-04-18,Farense,Boavista,0,1,A,4,2,1.8,3.4,4.75,0,3,58,132,0.8333333333333334,1.1666666666666667,5.0,4.5,0.8333333333333334,1.1666666666666667,6.0,4.666666666666667,2.3333333333333335,5,6,1,-1,1422.0038622606558,1349.0131558922544,31,0.5877186985891382
2025-04-18,Rio Ave,Santa Clara,1,1,D,3,5,2.88,2.9,2.7,1,1,109,108,1.1666666666666667,1.5,6.0,4.0,0.5,0.8333333333333334,7.0,3.0,2.0,5,6,1,-2,1484.2852535259208,1497.5054176732917,48,0.5877186985891382
2025-04-18,Porto,Famalicao,2,1,H,6,4,1.48,4.75,6.0,3,0,307,168,1.3333333333333333,1.0,12.0,4.5,2.0,1.1666666666666667,12.0,4.166666666666667,2.3333333333333335,6,6,1,3,1712.651207241645,1563.2468851029703,65,0.5877186985891382
2025-04-18,Sp Lisbon,Moreirense,3,1,H,10,2,1.22,6.0,13.0,3,0,318,119,2.3333333333333335,0.6666666666666666,16.0,6.5,1.0,1.0,9.0,2.5,2.4,6,5,1,-1,1819.8936647066714,1494.4623646266411,65,0.5877186985891382
2025-04-19,AVS,Casa Pia,1,1,D,3,4,3.0,3.2,2.4,1,1,23,119,0.5,2.3333333333333335,3.0,1.8333333333333333,0.6666666666666666,1.5,4.0,2.1666666666666665,1.0,6,7,-5,-1,1430.199898880434,1508.0317621881086,14,0.5885243443829976
2025-04-19,Guimaraes,Benfica,0,3,A,6,7,5.25,4.0,1.6,0,3,212,310,1.6666666666666667,0.5,16.0,4.5,3.0,1.1666666666666667,16.0,7.833333333333333,0.3333333333333333,8,6,2,0,1624.8251036050406,1777.8057309981393,65,0.5885243443829976
2025-04-19,Nacional,Gil Vicente,0,3,A,7,4,2.3,3.1,3.2,0,3,32,150,1.0,1.1666666666666667,9.0,4.5,0.6666666666666666,1.3333333333333333,4.0,3.3333333333333335,0.0,7,8,1,-2,1480.639028669414,1410.2615722168687,14,0.5885243443829976
2025-04-19,Estoril,Sp Braga,0,2,A,3,3,3.8,3.4,1.95,0,3,146,271,1.3333333333333333,1.8333333333333333,5.0,3.5,1.6666666666666667,0.8333333333333334,13.0,5.166666666666667,0.3333333333333333,7,6,-1,1,1509.1904569205296,1715.4213893729975,65,0.5885243443829976
2025-04-19,Arouca,Estrela,1,0,H,6,4,1.9,3.3,4.2,3,0,161,59,1.0,1.5,5.0,4.166666666666667,0.5,1.3333333333333333,5.0,1.6666666666666667,1.3333333333333333,6,6,0,-1,1512.8704954523837,1428.4879879961184,65,0.5885243443829976
2025-04-25,Famalicao,Sp Braga,1,1,D,4,3,3.25,3.3,2.2,1,1,168,274,2.0,1.1666666666666667,12.0,4.333333333333333,1.8333333333333333,0.5,16.0,4.5,1.1666666666666667,7,6,-1,2,1554.326958030892,1722.4344033026491,66,0.5933814641980651
2025-04-26,Santa Clara,Arouca,2,0,H,4,5,1.9,3.1,4.5,3,0,109,164,0.6666666666666666,0.8333333333333334,8.0,3.6666666666666665,1.1666666666666667,1.1666666666666667,8.0,4.833333333333333,0.8,8,7,0,1,1496.9349326065524,1524.2973905921212,49,0.5941948725206742
2025-04-26,Gil Vicente,Farense,1,0,H,3,2,2.3,3.1,3.3,3,0,153,58,1.0,1.1666666666666667,6.0,3.6666666666666665,0.8333333333333334,1.1666666666666667,5.0,4.5,2.0,7,8,1,-1,1428.2591248333147,1403.8981567405979,66,0.5941948725206742
2025-04-26,Estrela,Porto,2,0,H,5,3,6.25,3.9,1.53,3,0,59,310,0.3333333333333333,1.3333333333333333,4.0,2.1666666666666665,1.3333333333333333,1.1666666666666667,12.0,5.166666666666667,0.0,7,8,-2,2,1417.0610928563808,1721.5711343137232,32,0.5941948725206742
2025-04-27,Moreirense,Nacional,1,1,D,3,4,2.2,3.1,3.6,1,1,119,32,1.0,1.3333333333333333,8.0,2.5,0.6666666666666666,1.5,6.0,4.833333333333333,0.0,9,8,-2,-1,1490.4676690244535,1462.641476052968,49,0.5950093958647983
2025-04-27,Benfica,AVS,6,0,H,11,3,1.08,11.0,21.0,3,0,313,24,3.0,1.1666666666666667,16.0,7.0,0.5,2.5,1.0,1.8333333333333333,1.0,8,8,1,0,1786.5971652341234,1433.505065674472,66,0.5950093958647983
2025-04-27,Guimaraes,Rio Ave,3,0,H,6,5,1.53,4.1,6.25,3,0,212,110,1.5,1.0,13.0,4.5,1.0,1.5,4.0,3.3333333333333335,1.6,8,9,-1,0,1616.0336693690565,1484.8557385926601,66,0.5950093958647983
2025-04-27,Boavista,Sp Lisbon,0,5,A,0,12,12.0,6.25,1.22,0,3,135,321,0.8333333333333334,1.1666666666666667,6.0,4.166666666666667,2.3333333333333335,0.6666666666666666,16.0,7.166666666666667,0.5,9,9,1,2,1367.1188614123123,1823.888360308859,66,0.5950093958647983
2025-04-29,Casa Pia,Estoril,1,3,A,4,4,2.05,3.2,3.9,0,3,120,146,0.8333333333333334,1.5,5.0,2.5,1.1666666666666667,1.6666666666666667,5.0,3.6666666666666665,1.0,10,10,0,-2,1504.7265953940705,1502.177442990878,49,0.5966417937335808
2025-05-02,Porto,Moreirense,3,1,H,4,4,1.33,5.25,8.0,3,0,310,120,1.3333333333333333,1.3333333333333333,12.0,5.166666666666667,1.0,1.3333333333333333,8.0,2.5,3.0,6,5,-1,0,1696.0015855449362,1489.268877800705,66,0.599098791478109
2025-05-03,Farense,Famalicao,2,1,H,6,4,2.6,3.1,2.8,3,0,58,169,0.5,1.0,4.0,4.166666666666667,2.0,1.3333333333333333,10.0,3.8333333333333335,1.3333333333333333,7,8,-2,0,1389.948184083288,1561.0668080846997,32,0.5999200371226993
2025-05-03,Nacional,Guimaraes,1,2,A,1,4,4.2,3.5,1.85,0,3,33,215,0.8333333333333334,1.1666666666666667,7.0,5.0,1.6666666666666667,0.8333333333333334,13.0,4.166666666666667,1.0,6,6,0,1,1463.8402672767165,1625.6248647960304,15,0.5999200371226993
2025-05-03,Sp Braga,Santa Clara,1,1,D,4,3,1.73,3.4,5.25,1,1,275,112,1.8333333333333333,0.6666666666666666,14.0,4.333333333333333,0.8333333333333334,0.6666666666666666,10.0,3.5,2.2,8,7,0,1,1715.6945532488414,1513.1138285478255,66,0.5999200371226993
2025-05-03,Estoril,Benfica,1,2,A,2,3,11.0,8.0,1.18,0,3,149,316,1.3333333333333333,1.5,7.0,3.6666666666666665,3.5,0.8333333333333334,16.0,7.5,0.0,4,6,1,2,1517.2874967721318,1790.0719553685128,66,0.5999200371226993
2025-05-04,Arouca,Casa Pia,0,0,D,3,1,2.05,3.3,3.6,1,1,164,120,1.0,1.5,5.0,4.333333333333333,0.8333333333333334,1.5,5.0,2.6666666666666665,0.8,8,5,-1,-1,1508.118494650848,1489.6165416128167,66,0.600742408532219
2025-05-04,Sp Lisbon,Gil Vicente,2,1,H,3,1,1.13,7.5,21.0,3,0,324,156,2.6666666666666665,0.5,16.0,8.166666666666666,1.1666666666666667,1.0,9.0,3.8333333333333335,2.3333333333333335,7,8,3,2,1825.9065069916917,1442.2090974906246,66,0.600742408532219
2025-05-05,Rio Ave,Estrela,2,0,H,6,3,2.35,3.3,3.0,3,0,110,62,1.0,1.8333333333333333,4.0,3.5,0.5,1.1666666666666667,6.0,2.5,0.6666666666666666,8,9,-1,1,1475.2645431656863,1442.6306416251678,49,0.6015659072498688
2025-05-05,AVS,Boavista,1,2,A,5,3,2.1,3.2,3.7,0,3,24,135,0.5,3.3333333333333335,1.0,2.1666666666666665,0.6666666666666666,1.6666666666666667,6.0,3.5,1.0,8,8,-1,-1,1430.0302755400826,1365.1007147294797,15,0.6015659072498688
2025-05-10,Santa Clara,Famalicao,2,1,H,5,4,2.15,3.1,3.6,3,0,113,169,0.8333333333333334,0.8333333333333334,8.0,3.8333333333333335,2.0,1.1666666666666667,10.0,4.0,0.8,7,7,0,-1,1520.9872719683183,1539.2236065595134,50,0.6057003646203266
2025-05-10,Casa Pia,Sp Braga,2,1,H,3,6,5.75,3.8,1.57,3,0,121,276,0.6666666666666666,1.0,6.0,2.3333333333333335,1.8333333333333333,0.8333333333333334,12.0,4.333333333333333,1.2,6,7,0,0,1490.414580899998,1707.8211098283487,50,0.6057003646203266
2025-05-10,Nacional,Rio Ave,3,3,D,5,7,1.95,3.5,3.75,1,1,33,113,0.5,1.3333333333333333,4.0,4.166666666666667,1.0,1.3333333333333333,7.0,4.166666666666667,0.0,7,5,-1,1,1455.3604784814095,1488.859753184284,16,0.6057003646203266
2025-05-10,Gil Vicente,Arouca,1,1,D,5,4,2.35,3.25,3.0,1,1,156,165,1.3333333333333333,0.8333333333333334,9.0,3.6666666666666665,0.8333333333333334,1.3333333333333333,5.0,4.666666666666667,0.5,6,6,-1,0,1439.24004580221,1507.3204553636667,67,0.6057003646203266
2025-05-10,Benfica,Sp Lisbon,1,1,D,1,4,2.1,3.5,3.3,1,1,319,327,3.3333333333333335,1.0,16.0,6.833333333333333,2.5,0.5,16.0,7.166666666666667,1.3333333333333333,7,6,3,4,1795.23727723883,1828.8755586801062,67,0.6057003646203266
2025-05-11,Estrela,AVS,0,1,A,3,2,1.9,3.6,3.8,0,3,62,24,0.5,1.1666666666666667,6.0,3.0,0.6666666666666666,3.3333333333333335,1.0,2.6666666666666665,1.0,6,6,-1,-2,1429.03543160657,1412.2592258310908,33,0.6065306597126334
2025-05-11,Guimaraes,Farense,1,2,A,4,3,1.57,4.1,5.75,0,3,218,61,1.6666666666666667,1.0,13.0,3.8333333333333335,0.8333333333333334,1.0,7.0,4.666666666666667,1.6666666666666667,8,8,2,1,1634.1046535913374,1411.7913856084742,67,0.6065306597126334
2025-05-11,Moreirense,Estoril,2,2,D,5,5,2.35,3.4,2.9,1,1,120,149,1.0,1.8333333333333333,5.0,2.6666666666666665,1.3333333333333333,1.6666666666666667,6.0,3.5,2.0,9,8,-1,-1,1482.2713733176918,1512.1221749018146,50,0.6065306597126334
2025-05-11,Boavista,Porto,1,2,A,4,7,7.5,4.5,1.4,0,3,138,313,1.0,1.6666666666666667,9.0,3.3333333333333335,1.5,1.5,12.0,4.166666666666667,0.16666666666666666,6,9,1,1,1382.8717644384715,1702.9990900279495,67,0.6065306597126334
2025-05-16,Famalicao,Casa Pia,2,1,H,4,1,1.9,3.5,3.9,3,0,169,124,1.5,1.3333333333333333,7.0,4.0,0.6666666666666666,1.0,6.0,2.3333333333333335,1.4,6,6,-2,1,1523.437002945961,1513.7413247174356,67,0.6106992389592893
2025-05-16,Rio Ave,Gil Vicente,1,1,D,3,3,2.55,3.2,2.45,1,1,114,157,1.3333333333333333,1.5,8.0,4.5,1.0,0.8333333333333334,7.0,3.0,1.8,6,6,0,0,1487.4179384414283,1442.1422627531315,50,0.6106992389592893
2025-05-17,Estoril,Estrela,4,0,H,6,3,2.5,3.3,2.75,3,0,150,62,1.5,1.6666666666666667,7.0,4.0,0.5,0.8333333333333334,6.0,3.5,2.0,6,6,0,-2,1510.8365740025126,1413.3117069532948,67,0.6115363865170611
2025-05-17,Arouca,Boavista,4,1,H,7,5,2.05,3.5,3.5,3,0,166,138,0.8333333333333334,1.1666666666666667,6.0,5.166666666666667,1.0,1.5,9.0,3.5,1.6666666666666667,7,6,0,-1,1504.4182384127453,1378.7701537103057,67,0.6115363865170611
2025-05-17,Porto,Nacional,3,0,H,4,5,1.3,5.25,9.5,3,0,316,34,1.5,1.5,12.0,4.333333333333333,1.0,1.6666666666666667,5.0,4.333333333333333,0.0,6,7,2,0,1707.1007007561152,1456.8022932242652,67,0.6115363865170611
2025-05-17,AVS,Moreirense,0,3,A,3,11,2.0,3.3,3.8,0,3,27,121,0.6666666666666666,2.6666666666666665,4.0,2.8333333333333335,1.0,1.8333333333333333,5.0,3.0,1.0,6,6,1,0,1427.982950484366,1483.5569742169937,16,0.6115363865170611
2025-05-17,Sp Braga,Benfica,1,1,D,7,2,5.0,4.1,1.62,1,1,276,320,1.6666666666666667,1.0,9.0,4.5,3.0,0.8333333333333334,14.0,5.833333333333333,1.5,7,7,-1,0,1684.494366010911,1796.6850377076046,67,0.6115363865170611
2025-05-17,Sp Lisbon,Guimaraes,2,0,H,7,0,1.25,5.5,12.0,3,0,328,218,2.1666666666666665,0.6666666666666666,14.0,6.666666666666667,1.5,1.0,12.0,4.0,2.1666666666666665,7,6,0,-1,1827.4277982113317,1610.6324981286252,67,0.6115363865170611
2025-05-17,Farense,Santa Clara,1,2,A,2,5,2.75,3.0,2.75,0,3,64,116,0.8333333333333334,0.6666666666666666,10.0,4.166666666666667,1.0,1.0,8.0,3.8333333333333335,1.0,6,7,2,1,1435.2635410711864,1536.7738755818707,33,0.6115363865170611
2025-08-08,Casa Pia,Sp Lisbon,0,2,A,2,12,9.0,5.0,1.33,0,3,124,331,0.8333333333333334,1.3333333333333333,5.0,2.5,2.3333333333333335,0.5,16.0,6.666666666666667,0.0,14,14,-1,1,1499.159812166189,1834.1193292551816,51,0.6851741826652171
2025-08-09,Nacional,Gil Vicente,0,2,A,4,2,2.5,3.1,2.9,0,3,34,158,1.0,2.0,5.0,4.5,1.1666666666666667,0.8333333333333334,8.0,2.8333333333333335,0.0,14,14,-1,0,1451.059803730264,1444.0859806895662,17,0.686113420602772
2025-08-09,Arouca,AVS,3,1,H,4,2,1.83,3.5,4.33,3,0,169,27,1.3333333333333333,1.0,9.0,5.0,0.6666666666666666,2.6666666666666665,4.0,3.0,2.0,14,14,1,-1,1514.2183156287367,1415.362018545666,68,0.686113420602772
2025-08-10,Famalicao,Santa Clara,3,0,H,3,2,2.4,3.0,3.2,3,0,172,119,1.5,1.3333333333333333,7.0,4.0,1.3333333333333333,0.8333333333333334,11.0,3.8333333333333335,1.6666666666666667,14,14,1,2,1538.0185154972075,1547.51190959642,68,0.6870539460492927
2025-08-10,Moreirense,Alverca,2,1,H,3,2,2.1,3.2,3.6,3,0,124,0,1.3333333333333333,1.8333333333333333,5.0,4.333333333333333,0.0,0.0,0.0,0.0,1.0,14,14,1,0,1496.1779061556938,1500.0,51,0.6870539460492927
2025-08-10,Sp Braga,Tondela,3,0,H,6,3,1.4,4.5,8.0,3,0,277,28,1.6666666666666667,1.0,9.0,5.166666666666667,0.8333333333333334,2.0,3.0,3.6666666666666665,3.0,14,14,0,0,1689.1764123866317,1393.5628462957366,68,0.6870539460492927
2025-08-11,Estoril,Estrela,1,1,D,3,5,1.85,3.5,4.2,1,1,153,62,1.6666666666666667,1.6666666666666667,7.0,3.6666666666666665,0.3333333333333333,1.5,3.0,3.5,2.25,14,14,1,-3,1521.7332937171848,1402.4149872386226,68,0.6879957607696987
2025-08-11,Porto,Guimaraes,3,0,H,9,2,1.57,3.9,5.75,3,0,319,218,1.8333333333333333,0.8333333333333334,15.0,4.5,1.1666666666666667,1.3333333333333333,9.0,3.5,2.1666666666666665,14,14,3,-2,1712.8431902501163,1603.9409670847754,68,0.6879957607696987
2025-08-15,AVS,Casa Pia,0,2,A,3,5,2.9,3.0,2.63,0,3,27,124,0.6666666666666666,2.5,4.0,3.0,0.8333333333333334,1.5,5.0,2.5,1.0,6,7,-2,-2,1404.518423882659,1495.3512538357943,17,0.691775947773313
2025-08-16,Estrela,Benfica,0,1,A,2,3,13.0,6.5,1.2,0,3,63,321,0.5,1.5,4.0,3.8333333333333335,2.5,0.8333333333333334,12.0,5.333333333333333,0.0,5,14,0,0,1407.3729713167068,1792.002991331884,34,0.6927242354217314
2025-08-16,Tondela,Famalicao,0,1,A,4,5,2.88,3.2,2.45,0,3,28,175,0.6666666666666666,2.0,3.0,3.8333333333333335,1.5,1.3333333333333333,7.0,3.8333333333333335,1.5,6,6,-1,2,1388.9355002258264,1553.4282762949942,17,0.6927242354217314
2025-08-16,Guimaraes,Estoril,3,2,H,4,5,1.7,3.6,5.0,3,0,218,154,1.0,1.8333333333333333,6.0,3.6666666666666665,1.8333333333333333,1.3333333333333333,8.0,3.8333333333333335,2.5,5,5,-3,0,1593.4944962584887,1516.7753096391007,68,0.6927242354217314
2025-08-17,Rio Ave,Nacional,1,1,D,9,6,2.25,3.2,3.2,1,1,115,34,1.5,1.3333333333333333,9.0,4.666666666666667,0.8333333333333334,2.3333333333333335,2.0,4.333333333333333,2.0,14,8,0,-2,1485.4742205049936,1435.7587600156996,51,0.6936738229844749
2025-08-17,Alverca,Sp Braga,0,3,A,3,6,5.25,3.9,1.62,0,3,0,280,1.0,2.0,0.0,2.0,1.5,0.8333333333333334,9.0,4.833333333333333,1.0,7,7,-1,1,1484.8349936004465,1693.8037584565418,0,0.34683691149223744
2025-08-17,Santa Clara,Moreirense,0,1,A,3,2,1.9,3.2,4.5,0,3,119,127,1.3333333333333333,1.1666666666666667,11.0,4.0,1.6666666666666667,1.6666666666666667,8.0,4.666666666666667,1.25,7,7,-1,2,1532.1021487986334,1511.3429125552473,51,0.6936738229844749
2025-08-17,Sp Lisbon,Arouca,6,0,H,10,1,1.29,6.0,8.5,3,0,334,172,2.5,0.5,16.0,8.0,1.5,0.8333333333333334,11.0,4.833333333333333,1.8333333333333333,9,8,2,2,1837.9278875855764,1525.0619102917437,68,0.6936738229844749
2025-08-18,Gil Vicente,Porto,0,2,A,2,4,6.0,4.33,1.5,0,3,161,322,1.5,0.6666666666666666,11.0,3.0,2.1666666666666665,0.8333333333333334,15.0,5.5,1.1666666666666667,9,7,1,4,1459.3870244041307,1723.289661076403,68,0.694624712243468
2025-08-23,Moreirense,Guimaraes,2,0,H,4,4,3.3,3.25,2.2,3,0,130,221,1.6666666666666667,1.1666666666666667,11.0,4.666666666666667,1.5,1.6666666666666667,9.0,3.3333333333333335,0.6666666666666666,6,7,3,1,1527.2380957995201,1605.2350673667124,52,0.6993987465207201
2025-08-23,Nacional,Sp Lisbon,1,4,A,1,7,9.0,6.0,1.27,0,3,35,337,1.0,2.0,3.0,4.166666666666667,3.0,0.3333333333333333,16.0,8.0,0.0,6,6,0,3,1437.8906185215762,1842.1797640753978,18,0.6993987465207201
2025-08-23,Arouca,Rio Ave,3,3,D,6,7,2.0,3.25,3.9,1,1,172,116,1.3333333333333333,1.8333333333333333,8.0,4.0,1.3333333333333333,1.5,7.0,5.5,0.5,6,6,-1,0,1520.8100338019224,1483.342361999117,69,0.6993987465207201
2025-08-23,Benfica,Tondela,3,0,H,12,4,1.17,7.0,17.0,3,0,324,28,2.3333333333333335,0.5,14.0,4.5,0.6666666666666666,1.8333333333333333,3.0,4.333333333333333,3.0,7,7,1,-2,1794.9577119462874,1380.550218768721,68,0.6993987465207201
2025-08-24,Famalicao,Gil Vicente,0,0,D,3,8,2.05,3.0,4.0,1,1,178,161,1.5,1.0,10.0,4.0,1.0,1.0,8.0,2.6666666666666665,1.8333333333333333,8,6,3,-1,1561.8135577520998,1453.9994037569888,69,0.7003574835146555
2025-08-24,Porto,Casa Pia,4,0,H,7,0,1.2,6.0,15.0,3,0,325,127,2.1666666666666665,0.6666666666666666,15.0,5.166666666666667,1.0,1.3333333333333333,7.0,2.6666666666666665,2.6666666666666665,6,9,5,1,1728.6772817235449,1506.5166544838935,69,0.7003574835146555
2025-08-24,Sp Braga,AVS,2,2,D,5,2,1.33,5.0,8.5,1,1,283,27,1.6666666666666667,0.8333333333333334,9.0,5.333333333333333,0.5,2.6666666666666665,3.0,3.0,3.0,7,9,2,-3,1700.732438785297,1393.3530232345597,69,0.7003574835146555
2025-08-25,Estrela,Alverca,2,2,D,6,2,1.9,3.4,4.1,1,1,63,0,0.5,1.5,4.0,3.5,0.5,2.5,0.0,2.5,1.0,9,8,-1,-2,1404.4182507023033,1477.9063132716913,35,0.7013175347468965
2025-08-29,Gil Vicente,Moreirense,2,0,H,4,0,2.55,2.82,3.1,3,0,162,133,0.8333333333333334,1.0,6.0,3.5,1.8333333333333333,1.0,13.0,4.833333333333333,0.8333333333333334,5,6,0,4,1458.51024576186,1545.5500440887547,69,0.7051709181271821
2025-08-30,Guimaraes,Arouca,1,1,D,3,3,1.76,3.6,4.33,1,1,221,173,1.0,2.0,6.0,3.0,1.8333333333333333,2.0,9.0,4.166666666666667,1.8333333333333333,7,7,-1,0,1586.9231190774778,1519.1986660626062,69,0.706137567623795
2025-08-30,Sp Lisbon,Porto,1,2,A,3,7,1.96,3.5,3.6,0,3,340,328,2.8333333333333335,0.5,16.0,7.166666666666667,2.8333333333333335,0.3333333333333333,18.0,5.833333333333333,1.3333333333333333,7,6,4,6,1844.8464363449307,1735.2096151144415,69,0.706137567623795
2025-08-30,Casa Pia,Nacional,0,2,A,3,2,2.15,3.2,3.4,0,3,127,35,0.8333333333333334,1.5,7.0,2.0,1.0,2.5,2.0,3.6666666666666665,1.5,6,7,-1,-1,1499.9843210929969,1435.2239462520433,52,0.706137567623795
2025-08-30,AVS,Famalicao,0,1,A,3,3,4.0,3.5,1.86,0,3,28,179,0.8333333333333334,2.0,4.0,2.8333333333333335,1.3333333333333333,0.8333333333333334,10.0,3.8333333333333335,0.0,6,6,0,0,1403.984582158248,1557.3027157472286,18,0.706137567623795
2025-08-31,Tondela,Estoril,2,2,D,4,5,2.8,3.1,2.45,1,1,28,154,0.5,2.1666666666666665,2.0,4.166666666666667,2.1666666666666665,1.5,8.0,4.166666666666667,0.0,8,14,-3,-1,1378.0217151299382,1505.034738530877,18,0.7071055422051855
2025-08-31,Alverca,Benfica,1,2,A,7,2,15.0,6.0,1.17,0,3,1,327,1.0,2.3333333333333335,1.0,2.3333333333333335,2.3333333333333335,0.5,14.0,5.333333333333333,1.0,6,8,0,2,1474.7800617593266,1797.48621558507,1,0.35355277110259276
2025-08-31,Rio Ave,Sp Braga,2,2,D,3,9,4.75,3.6,1.68,1,1,117,284,1.6666666666666667,1.8333333333333333,7.0,6.166666666666667,1.8333333333333333,1.0,9.0,5.666666666666667,0.6666666666666666,8,7,0,0,1484.9537297384331,1690.1008798616087,52,0.7071055422051855
2025-08-31,Santa Clara,Estrela,0,0,D,3,0,1.81,3.4,4.33,1,1,119,64,1.1666666666666667,1.1666666666666667,10.0,3.6666666666666665,0.5,1.8333333333333333,2.0,3.6666666666666665,2.0,14,6,-2,0,1516.2069655543605,1407.544502214668,52,0.7071055422051855
2025-09-06,Estoril,Santa Clara,0,1,A,4,4,2.7,3.0,2.7,0,3,155,120,2.0,1.6666666666666667,6.0,4.333333333333333,0.8333333333333334,1.1666666666666667,8.0,3.5,1.1666666666666667,6,6,0,0,1499.7830391498883,1511.6628357026125,69,0.7129413183683442
2025-09-12,Alverca,Tondela,1,0,H,4,6,2.25,3.2,3.2,3,0,1,29,1.0,2.25,1.0,3.5,0.6666666666666666,2.3333333333333335,2.0,4.333333333333333,1.0,12,12,-1,0,1470.7307316024544,1383.2734145109268,2,0.3594126287368995
2025-09-12,Benfica,Santa Clara,1,1,D,7,5,1.3,5.0,9.5,1,1,330,123,1.6666666666666667,0.6666666666666666,14.0,3.8333333333333335,0.8333333333333334,1.0,10.0,3.6666666666666665,3.0,12,6,3,1,1801.5355457419423,1526.1501434454397,69,0.718825257473799
2025-09-13,Estoril,AVS,3,1,H,5,4,1.81,3.7,4.0,3,0,155,28,1.8333333333333333,1.5,6.0,4.666666666666667,0.6666666666666666,1.8333333333333333,4.0,2.5,2.0,7,14,-1,-1,1485.295731407061,1395.2052180677251,70,0.7198106243620636
2025-09-13,Moreirense,Rio Ave,3,1,H,8,4,2.5,3.0,3.0,3,0,133,118,1.6666666666666667,0.8333333333333334,13.0,4.166666666666667,2.0,1.6666666666666667,8.0,5.833333333333333,1.0,14,13,-1,0,1526.8689234185601,1492.9071355701933,53,0.7198106243620636
2025-09-13,Porto,Nacional,1,0,H,5,1,1.15,6.5,17.0,3,0,331,38,2.6666666666666665,0.3333333333333333,18.0,6.333333333333333,1.1666666666666667,2.1666666666666665,5.0,3.8333333333333335,1.5,14,14,7,1,1754.7919182500227,1452.9879402613938,70,0.7198106243620636
2025-09-13,Famalicao,Sp Lisbon,1,2,A,3,4,7.0,5.0,1.39,0,3,182,340,1.3333333333333333,0.5,13.0,3.6666666666666665,2.6666666666666665,0.6666666666666666,13.0,7.166666666666667,0.0,14,14,1,-1,1566.0820798377515,1825.2641332093494,70,0.7198106243620636
2025-09-14,Estrela,Guimaraes,0,2,A,1,6,3.3,3.3,2.15,0,3,65,222,0.5,1.5,3.0,3.1666666666666665,0.8333333333333334,2.0,4.0,2.8333333333333335,0.25,14,14,0,0,1412.088632066416,1584.0356976379367,36,0.7207973419929382
2025-09-14,Arouca,Casa Pia,0,2,A,3,4,1.91,3.3,4.0,0,3,174,127,2.0,2.1666666666666665,9.0,4.166666666666667,0.8333333333333334,1.8333333333333333,6.0,2.3333333333333335,0.8333333333333334,14,14,0,-2,1522.0860875021474,1482.2203270836465,70,0.7207973419929382
2025-09-14,Sp Braga,Gil Vicente,0,1,A,7,5,1.46,4.33,6.25,0,3,285,165,2.0,1.1666666666666667,9.0,6.5,1.0,0.6666666666666666,9.0,4.0,2.3333333333333335,14,14,0,1,1682.1474740298486,1477.1913664320546,70,0.7207973419929382
2025-09-19,Rio Ave,Porto,0,3,A,2,7,8.0,5.0,1.3,0,3,118,334,1.8333333333333333,2.1666666666666665,5.0,5.5,2.5,0.16666666666666666,18.0,6.0,0.8333333333333334,6,6,-1,8,1479.3687315758687,1759.2815153845331,53,0.7257512561813818
2025-09-20,Nacional,Arouca,1,2,A,6,3,2.45,3.1,2.85,0,3,38,174,0.6666666666666666,1.8333333333333333,4.0,3.1666666666666665,1.8333333333333333,2.3333333333333335,8.0,4.0,0.0,7,6,-1,-1,1448.4983431268834,1505.3724581856118,19,0.7267461172404809
2025-09-20,Santa Clara,Alverca,2,1,H,6,3,1.66,3.1,6.25,3,0,124,4,0.6666666666666666,1.0,8.0,3.6666666666666665,1.0,1.8,4.0,3.6,1.0,8,8,0,1,1536.0485285289753,1482.032675802485,53,0.7267461172404809
2025-09-20,AVS,Benfica,0,3,A,1,6,15.0,6.5,1.15,0,3,28,331,0.6666666666666666,2.3333333333333335,1.0,2.8333333333333335,1.5,0.6666666666666666,12.0,4.5,0.5,7,8,-2,0,1384.0098471305482,1791.6371606584066,19,0.7267461172404809
2025-09-20,Guimaraes,Sp Braga,1,1,D,3,5,2.85,3.3,2.35,1,1,225,285,1.0,1.6666666666666667,7.0,3.1666666666666665,1.8333333333333333,1.0,9.0,6.666666666666667,1.3333333333333333,6,6,1,-1,1592.1642043926508,1659.1999990555016,70,0.7267461172404809
2025-09-21,Tondela,Estrela,0,0,D,8,3,2.25,2.85,3.6,1,1,29,65,0.6666666666666666,2.0,2.0,4.833333333333333,0.5,1.6666666666666667,3.0,2.8333333333333335,1.0,9,7,-1,-1,1371.9714703108962,1403.9601253117019,19,0.7277423420568156
2025-09-21,Gil Vicente,Estoril,2,0,H,3,3,2.2,3.2,3.3,3,0,168,158,1.0,0.5,11.0,4.0,2.0,1.3333333333333333,8.0,4.666666666666667,1.1666666666666667,7,8,2,1,1500.1388414064015,1496.491102344238,70,0.7277423420568156
2025-09-21,Casa Pia,Famalicao,1,1,D,3,2,3.4,3.0,2.25,1,1,130,182,0.8333333333333334,1.6666666666666667,6.0,2.5,1.3333333333333333,0.5,13.0,3.5,1.1666666666666667,7,8,1,-1,1498.933956400182,1560.5733013138688,53,0.7277423420568156
2025-09-22,Sp Lisbon,Moreirense,3,0,H,14,1,1.17,7.0,12.0,3,0,343,136,2.8333333333333335,0.6666666666666666,15.0,7.166666666666667,1.8333333333333333,0.6666666666666666,15.0,4.666666666666667,2.5,9,9,1,1,1830.7729117332321,1540.4073274128848,70,0.7287399324998268
2025-09-23,Benfica,Rio Ave,1,1,D,7,2,1.17,7.0,11.0,1,1,334,118,1.8333333333333333,0.5,14.0,5.333333333333333,1.3333333333333333,2.1666666666666665,4.0,4.666666666666667,2.6666666666666665,3,4,1,-2,1794.2575123348838,1474.3765167048634,70,0.7297388904415177
2025-09-26,Benfica,Gil Vicente,2,1,H,4,8,1.3,4.5,10.0,3,0,335,171,1.8333333333333333,0.5,14.0,6.166666666666667,1.1666666666666667,0.3333333333333333,13.0,4.0,3.0,3,5,0,3,1783.3641465187204,1514.9813616379101,71,0.7327439880172163
2025-09-27,Santa Clara,Tondela,1,2,A,5,4,1.66,3.4,5.5,0,3,127,30,0.6666666666666666,1.0,8.0,3.8333333333333335,0.3333333333333333,1.6666666666666667,2.0,4.833333333333333,0.5,7,6,1,0,1548.735086112347,1373.3486423214974,54,0.7337484347250358
2025-09-27,Moreirense,Casa Pia,2,1,H,4,4,2.05,3.3,3.6,3,0,136,131,1.3333333333333333,1.1666666666666667,12.0,3.0,0.8333333333333334,1.5,7.0,2.8333333333333335,1.5,5,6,-1,0,1535.6605133933729,1501.5675675669968,54,0.7337484347250358
2025-09-27,Estoril,Sp Lisbon,0,1,A,2,2,9.5,5.5,1.25,0,3,158,346,1.3333333333333333,1.6666666666666667,5.0,4.166666666666667,3.0,0.6666666666666666,15.0,8.333333333333334,0.0,6,5,-1,2,1481.6485821127294,1835.519725752744,71,0.7337484347250358
2025-09-27,Estrela,AVS,3,0,H,6,2,2.05,3.1,3.8,3,0,66,28,0.5,1.0,4.0,2.8333333333333335,0.6666666666666666,2.3333333333333335,1.0,2.5,0.5,6,7,0,-3,1402.5829533011006,1381.389495454071,37,0.7337484347250358
2025-09-28,Alverca,Guimaraes,2,0,H,4,3,3.2,3.4,2.15,3,0,4,226,1.0,1.8333333333333333,4.0,3.5,1.1666666666666667,1.5,8.0,3.6666666666666665,1.0,8,8,-1,0,1469.3461182191134,1595.0229848587624,3,0.3673771291650573
2025-09-28,Sp Braga,Nacional,0,1,A,1,5,1.39,4.33,7.5,0,3,286,38,1.8333333333333333,1.0,9.0,6.333333333333333,0.8333333333333334,1.6666666666666667,4.0,3.3333333333333335,3.0,8,8,0,-2,1656.34121858939,1435.9320959736071,71,0.7347542583301147
2025-09-28,Famalicao,Rio Ave,0,0,D,5,3,1.76,3.8,4.1,1,1,183,119,1.1666666666666667,0.5,11.0,3.1666666666666665,1.3333333333333333,2.1666666666666665,4.0,4.5,1.6666666666666667,7,5,0,0,1557.939690147054,1485.2698825210268,71,0.7347542583301147
2025-09-29,Arouca,Porto,0,4,A,3,5,7.5,4.75,1.35,0,3,177,337,1.5,2.3333333333333335,8.0,3.3333333333333335,2.5,0.16666666666666666,18.0,6.5,0.6666666666666666,9,10,1,9,1517.938705338888,1764.2737302555383,71,0.7357614607199059
2025-10-03,Casa Pia,Estoril,2,2,D,5,3,2.5,3.3,2.65,1,1,131,158,1.0,1.5,7.0,3.1666666666666665,1.1666666666666667,1.6666666666666667,4.0,4.0,0.8333333333333334,6,6,-1,-2,1488.0347721481505,1478.1875461860852,54,0.7398040959658876
2025-10-04,Gil Vicente,Estrela,2,0,H,7,5,1.61,3.75,5.25,3,0,171,69,1.0,0.6666666666666666,10.0,5.0,0.8333333333333334,0.8333333333333334,6.0,3.0,1.25,8,7,-1,1,1509.7067933333044,1416.669091374344,71,0.7408182206817179
2025-10-04,Nacional,Moreirense,3,2,H,7,4,2.32,3.1,3.1,3,0,41,139,1.0,1.3333333333333333,7.0,3.5,1.3333333333333333,1.1666666666666667,12.0,3.1666666666666665,2.0,6,7,1,1,1459.3480950188916,1549.1933088122191,20,0.7408182206817179
2025-10-04,AVS,Alverca,1,3,A,2,6,2.75,3.2,2.5,0,3,28,7,0.5,2.3333333333333335,1.0,2.5,1.1666666666666667,1.5,7.0,3.8333333333333335,1.0,7,6,-4,1,1367.3033573808277,1489.5471342574317,20,0.7408182206817179
2025-10-04,Guimaraes,Santa Clara,2,1,H,7,5,2.32,3.0,3.2,3,0,226,127,1.1666666666666667,1.3333333333333333,8.0,3.8333333333333335,0.8333333333333334,0.8333333333333334,8.0,4.333333333333333,1.6666666666666667,6,7,-1,-1,1574.821968820444,1526.7467978153607,71,0.7408182206817179
2025-10-05,Arouca,Famalicao,1,1,D,3,5,3.6,3.25,2.01,1,1,177,184,1.0,2.8333333333333335,5.0,3.1666666666666665,0.6666666666666666,0.5,9.0,3.5,1.6666666666666667,6,7,-1,0,1512.0895325769097,1554.8472475586816,72,0.7418337355614374
2025-10-05,Rio Ave,Tondela,3,0,H,7,3,2.25,3.4,3.0,3,0,120,33,1.1666666666666667,2.0,4.0,3.5,0.6666666666666666,1.3333333333333333,5.0,5.0,1.0,7,8,0,1,1488.3623251093993,1395.3369306184838,54,0.7418337355614374
2025-10-05,Sp Lisbon,Sp Braga,1,1,D,3,5,1.41,4.33,7.0,1,1,349,286,2.8333333333333335,0.6666666666666666,15.0,6.666666666666667,1.3333333333333333,1.1666666666666667,6.0,5.5,2.0,8,7,3,-1,1838.9807616793883,1632.9252195441056,71,0.7418337355614374
2025-10-05,Porto,Benfica,0,0,D,2,1,2.01,3.4,3.7,1,1,340,338,2.6666666666666665,0.16666666666666666,18.0,5.833333333333333,2.0,0.6666666666666666,14.0,6.333333333333333,1.0,6,9,10,1,1770.1229030175166,1788.6387148233262,71,0.7418337355614374
2025-10-24,Alverca,Gil Vicente,0,4,A,2,5,2.95,3.2,2.32,0,3,10,174,1.6666666666666667,1.1666666666666667,10.0,4.333333333333333,1.3333333333333333,0.3333333333333333,13.0,5.833333333333333,1.0,14,14,2,1,1499.476961129762,1520.7833682673354,4,0.38069759981121243
2025-10-25,Benfica,Arouca,5,0,H,8,0,1.15,7.0,13.0,3,0,339,178,1.5,0.6666666666666666,12.0,4.5,1.1666666666666667,2.0,6.0,3.5,2.6666666666666665,14,14,0,0,1787.8400788998968,1513.9262681815233,72,0.7624389214599521
2025-10-25,Estrela,Rio Ave,1,2,A,2,2,2.57,3.2,2.7,0,3,69,123,0.8333333333333334,1.0,6.0,3.5,1.1666666666666667,1.5,6.0,3.5,1.25,14,14,-1,1,1405.592516440313,1499.4393950516585,38,0.7624389214599521
2025-10-25,Santa Clara,AVS,2,0,H,5,2,1.49,3.8,7.0,3,0,127,28,1.0,1.0,8.0,4.666666666666667,0.6666666666666666,2.5,1.0,2.3333333333333335,3.0,14,14,-2,-5,1513.8092237059084,1357.3735305084974,55,0.7624389214599521
2025-10-26,Famalicao,Guimaraes,2,0,H,10,3,1.91,3.3,4.1,3,0,185,229,0.6666666666666666,0.6666666666666666,7.0,3.5,1.0,1.1666666666666667,8.0,4.333333333333333,0.6666666666666666,14,14,0,1,1553.010511954068,1587.7595429298963,72,0.7634840740331533
2025-10-26,Estoril,Nacional,1,1,D,4,4,2.15,3.25,3.3,1,1,159,44,1.1666666666666667,1.5,5.0,3.6666666666666665,1.3333333333333333,1.5,9.0,3.6666666666666665,2.0,14,14,0,2,1478.6125713037595,1478.1428132031842,72,0.7634840740331533
2025-10-26,Sp Braga,Casa Pia,4,0,H,8,1,1.39,4.5,7.0,3,0,287,132,1.0,1.3333333333333333,4.0,5.333333333333333,1.0,1.8333333333333333,5.0,3.1666666666666665,1.5,14,14,0,0,1640.9067788183345,1487.6097470304762,72,0.7634840740331533
2025-10-26,Tondela,Sp Lisbon,0,3,A,2,15,9.0,6.0,1.24,0,3,33,350,0.6666666666666666,1.6666666666666667,5.0,4.833333333333333,2.0,0.8333333333333334,13.0,5.5,0.0,14,14,-1,0,1384.259860676225,1830.9992024051594,20,0.7634840740331533
2025-10-27,Moreirense,Porto,1,2,A,1,7,9.5,5.5,1.27,0,3,139,341,1.5,1.6666666666666667,9.0,3.5,2.3333333333333335,0.16666666666666666,16.0,5.5,0.0,14,14,-1,0,1530.3985906279265,1770.921538940946,55,0.7645306593032835
2025-10-31,Sp Lisbon,Alverca,2,0,H,8,0,1.1,9.0,17.0,3,0,353,10,1.8333333333333333,0.6666666666666666,13.0,6.833333333333333,1.3333333333333333,1.5,9.0,4.333333333333333,1.0,5,7,1,-1,1833.128787870267,1485.3956812729652,72,0.7687313666723661
2025-11-01,Nacional,Famalicao,0,1,A,3,4,3.2,3.25,2.2,0,3,45,188,1.3333333333333333,1.0,10.0,4.166666666666667,1.0,0.6666666666666666,9.0,4.666666666666667,2.0,6,6,0,1,1478.16309427832,1569.5057657896195,21,0.7697851449401907
2025-11-01,Casa Pia,Estrela,3,5,A,4,6,2.01,3.05,3.9,0,3,132,69,1.0,1.8333333333333333,5.0,3.3333333333333335,0.6666666666666666,1.0,5.0,2.8333333333333335,1.5,6,7,-1,-2,1478.8296285665626,1394.5484665399254,55,0.7697851449401907
2025-11-01,Rio Ave,Estoril,0,4,A,0,6,2.35,3.2,2.95,0,3,126,160,1.1666666666666667,1.3333333333333333,8.0,3.3333333333333335,1.0,1.3333333333333333,5.0,3.5,1.0,7,6,2,0,1510.483444952046,1478.5922902286238,55,0.7697851449401907
2025-11-01,Guimaraes,Benfica,0,3,A,3,10,6.0,4.75,1.42,0,3,229,342,1.0,1.1666666666666667,8.0,4.166666666666667,2.0,0.5,12.0,5.5,0.3333333333333333,6,7,-1,1,1571.2642890943448,1792.9776615894664,72,0.7697851449401907
2025-11-02,Arouca,Moreirense,0,2,A,2,5,2.57,3.2,2.65,0,3,178,139,0.6666666666666666,2.3333333333333335,5.0,2.5,1.3333333333333333,2.0,6.0,3.0,0.6666666666666666,8,6,-1,-2,1508.7886854919536,1524.3902680334872,73,0.7708403677290611
2025-11-02,Porto,Sp Braga,2,1,H,4,3,1.49,4.0,6.25,3,0,344,290,2.0,0.3333333333333333,16.0,5.5,1.3333333333333333,1.0,6.0,5.833333333333333,2.1666666666666665,6,7,1,1,1776.9298615353853,1649.686897282248,72,0.7708403677290611
2025-11-02,AVS,Tondela,2,2,D,5,3,3.2,3.05,2.3,1,1,28,33,0.3333333333333333,2.5,0.0,2.3333333333333335,0.6666666666666666,1.6666666666666667,5.0,4.5,1.0,8,7,-6,-2,1348.705197852173,1382.1302752111174,21,0.7708403677290611
2025-11-03,Gil Vicente,Santa Clara,1,0,H,3,4,2.25,2.95,3.4,3,0,177,130,2.0,0.3333333333333333,15.0,5.333333333333333,1.3333333333333333,1.0,10.0,5.0,0.6666666666666666,10,9,2,1,1534.8646481241321,1522.477556362233,72,0.7718970370191293
2025-11-07,Estoril,Arouca,4,3,H,7,4,1.91,3.6,3.7,3,0,163,178,1.6666666666666667,1.1666666666666667,8.0,3.8333333333333335,0.5,2.5,4.0,2.3333333333333335,1.1666666666666667,6,5,1,-2,1494.965288189143,1494.4618075759615,73,0.7761382188894994
2025-11-08,Tondela,Guimaraes,0,1,A,4,2,2.75,3.05,2.55,0,3,34,229,0.6666666666666666,1.6666666666666667,5.0,4.333333333333333,0.8333333333333334,1.5,7.0,4.166666666666667,0.5,6,7,0,-2,1380.691634293609,1564.7187900285887,21,0.777202150482969
2025-11-08,Santa Clara,Sp Lisbon,1,2,A,2,7,7.0,4.5,1.39,0,3,130,356,1.1666666666666667,1.1666666666666667,7.0,5.0,2.0,0.3333333333333333,16.0,7.666666666666667,1.0,5,8,-1,2,1508.012123620541,1836.6994844704861,56,0.777202150482969
2025-11-08,Alverca,Rio Ave,1,1,D,5,4,2.15,3.3,3.2,1,1,10,126,1.1666666666666667,1.5,9.0,3.1666666666666665,1.0,1.5,8.0,2.6666666666666665,1.0,8,7,-2,-1,1481.824984672746,1494.110446991527,5,0.3886010752414845
2025-11-09,AVS,Gil Vicente,1,1,D,8,5,4.75,3.6,1.68,1,1,29,180,0.6666666666666666,2.6666666666666665,1.0,2.6666666666666665,1.8333333333333333,0.3333333333333333,15.0,5.166666666666667,1.5,7,6,0,3,1350.1438387696812,1549.3300808658241,22,0.7782675405156807
2025-11-09,Estrela,Nacional,1,1,D,4,4,2.7,3.2,2.5,1,1,72,45,1.5,1.5,7.0,3.8333333333333335,1.0,1.1666666666666667,7.0,4.333333333333333,3.0,8,8,1,-1,1413.117443952965,1467.0182590307566,39,0.7782675405156807
2025-11-09,Famalicao,Porto,0,1,A,0,6,5.5,3.9,1.56,0,3,191,347,1.0,0.6666666666666666,9.0,4.833333333333333,2.0,0.3333333333333333,16.0,5.0,0.3333333333333333,8,7,2,2,1580.650601037183,1786.6694537160522,73,0.7782675405156807
2025-11-09,Benfica,Casa Pia,2,2,D,6,4,1.13,7.5,13.0,1,1,345,132,2.3333333333333335,0.3333333333333333,14.0,6.0,1.5,2.3333333333333335,5.0,3.5,2.1666666666666665,8,8,2,-2,1799.5231606552225,1460.260651153523,73,0.7782675405156807
2025-11-09,Sp Braga,Moreirense,2,1,H,3,1,1.37,4.75,7.0,3,0,290,142,1.1666666666666667,1.0,5.0,4.833333333333333,1.6666666666666667,1.6666666666666667,9.0,3.8333333333333335,3.0,7,7,-1,1,1639.9473051015812,1538.7171459494793,73,0.7782675405156807
2025-11-28,Guimaraes,AVS,4,0,H,4,1,1.68,3.6,4.75,3,0,232,30,0.6666666666666666,1.5,7.0,3.5,0.6666666666666666,2.3333333333333335,2.0,3.3333333333333335,1.5,14,14,1,0,1572.4418267473616,1357.91056402575,73,0.7987897300493081
2025-11-29,Casa Pia,Alverca,0,2,A,0,5,2.35,3.05,3.05,0,3,133,11,1.5,2.6666666666666665,3.0,3.5,1.1666666666666667,1.6666666666666667,7.0,3.3333333333333335,1.0,14,14,0,0,1471.533696252027,1482.3551697623438,56,0.7998847123728877
2025-11-29,Moreirense,Famalicao,2,2,D,6,8,3.4,3.25,2.1,1,1,142,191,1.3333333333333333,1.8333333333333333,6.0,2.6666666666666665,0.8333333333333334,0.5,9.0,4.333333333333333,1.0,14,14,-1,-1,1527.9679897735725,1573.6310247248343,56,0.7998847123728877
2025-11-29,Nacional,Benfica,1,2,A,2,8,7.0,5.0,1.35,0,3,46,346,1.1666666666666667,1.1666666666666667,8.0,4.833333333333333,2.1666666666666665,0.6666666666666666,12.0,6.0,0.0,14,14,0,0,1464.7096652974844,1788.2501155567184,22,0.7998847123728877
2025-11-29,Gil Vicente,Tondela,0,1,A,2,2,1.61,3.5,5.75,0,3,181,34,1.8333333333333333,0.5,13.0,5.166666666666667,0.6666666666666666,1.6666666666666667,5.0,4.0,3.0,14,14,0,-1,1541.5633556097553,1372.9685975748362,73,0.7998847123728877
2025-11-30,Sp Lisbon,Estrela,4,0,H,6,3,1.1,9.0,15.0,3,0,359,73,2.0,0.3333333333333333,16.0,8.166666666666666,1.6666666666666667,1.3333333333333333,8.0,4.333333333333333,3.0,14,14,3,0,1840.6297210067405,1415.4260376862371,73,0.800981195700103
2025-11-30,Porto,Estoril,1,0,H,6,2,1.22,5.5,12.0,3,0,350,166,2.0,0.3333333333333333,16.0,5.166666666666667,1.8333333333333333,1.5,8.0,4.166666666666667,1.6666666666666667,14,14,3,2,1793.6890300284008,1509.9435511989614,73,0.800981195700103
2025-11-30,Rio Ave,Santa Clara,1,1,D,4,3,2.95,3.05,2.45,1,1,127,130,1.1666666666666667,1.1666666666666667,9.0,3.0,1.1666666666666667,1.3333333333333333,6.0,4.5,1.75,14,14,0,-2,1493.5802619019291,1504.0818870842866,56,0.800981195700103
2025-12-01,Arouca,Sp Braga,0,4,A,1,6,6.5,3.9,1.49,0,3,178,293,1.0,2.8333333333333335,4.0,2.5,1.5,1.0,8.0,4.166666666666667,0.5,14,14,-3,1,1479.483544566143,1650.696461277488,74,0.8020791820885323
2025-12-05,Benfica,Sp Lisbon,1,1,D,4,2,2.7,3.05,2.65,1,1,349,362,2.3333333333333335,0.6666666666666666,14.0,6.166666666666667,2.1666666666666665,0.3333333333333333,16.0,6.833333333333333,1.0,6,5,1,4,1792.2826528375895,1843.0179959992115,74,0.8064861995047566
2025-12-06,Santa Clara,Casa Pia,1,0,H,3,2,1.81,3.05,5.0,3,0,131,133,1.0,1.3333333333333333,4.0,4.0,1.3333333333333333,2.8333333333333335,2.0,3.0,1.75,6,7,0,-1,1503.6286335044083,1457.0007457981567,57,0.8075917321617853
2025-12-06,AVS,Rio Ave,1,2,A,5,8,2.95,3.25,2.35,0,3,30,128,0.6666666666666666,2.5,2.0,3.3333333333333335,1.1666666666666667,1.1666666666666667,9.0,3.3333333333333335,2.0,8,6,-1,0,1351.1510310110464,1494.0335154818074,23,0.8075917321617853
2025-12-06,Famalicao,Sp Braga,1,2,A,4,7,3.3,3.5,2.05,0,3,192,296,1.0,0.6666666666666666,9.0,5.333333333333333,2.0,0.8333333333333334,10.0,4.333333333333333,0.8333333333333334,7,5,0,2,1571.6708663381644,1658.8500364962565,74,0.8075917321617853
2025-12-07,Estoril,Moreirense,3,3,D,5,5,2.05,3.4,3.5,1,1,166,143,1.8333333333333333,1.3333333333333333,8.0,4.0,1.6666666666666667,1.6666666666666667,7.0,3.5,0.8333333333333334,7,8,-1,0,1505.0424754882292,1529.9281481602425,74,0.8086987802848647
2025-12-07,Alverca,Nacional,1,0,H,4,3,2.05,3.2,3.6,3,0,14,46,1.3333333333333333,1.3333333333333333,10.0,3.6666666666666665,1.1666666666666667,1.1666666666666667,8.0,4.166666666666667,1.0,8,8,1,-1,1496.8881202162142,1460.6771280166133,6,0.8086987802848647
2025-12-07,Estrela,Arouca,3,1,H,9,2,2.1,3.2,3.5,3,0,73,178,1.6666666666666667,2.0,7.0,4.333333333333333,0.6666666666666666,3.3333333333333335,1.0,2.1666666666666665,1.0,7,6,-1,-4,1413.0377626937661,1471.3299693473746,40,0.8086987802848647
2025-12-07,Tondela,Porto,0,2,A,2,6,11.0,5.75,1.22,0,3,37,353,0.8333333333333334,1.6666666666666667,7.0,3.0,1.6666666666666667,0.3333333333333333,16.0,5.0,0.0,8,7,1,4,1394.7252284341764,1798.590105739133,22,0.8086987802848647
2025-12-08,Guimaraes,Gil Vicente,0,0,D,3,1,2.75,2.95,2.65,1,1,235,181,1.1666666666666667,1.3333333333333333,9.0,3.6666666666666665,1.5,0.6666666666666666,10.0,5.0,2.0,10,9,2,-1,1579.2013597620653,1519.806724750415,74,0.8098073459513984
2025-12-13,Casa Pia,Gil Vicente,1,1,D,1,2,3.5,2.95,2.15,1,1,133,182,1.1666666666666667,2.6666666666666665,2.0,2.6666666666666665,1.3333333333333333,0.3333333333333333,11.0,3.8333333333333335,0.8333333333333334,7,5,-2,0,1444.0018339272085,1522.346306077899,57,0.8153730103445584
2025-12-13,Rio Ave,Guimaraes,0,1,A,2,3,2.65,3.2,2.55,0,3,131,236,1.5,1.3333333333333333,11.0,4.166666666666667,1.1666666666666667,1.0,10.0,3.6666666666666665,0.8333333333333334,7,5,1,0,1503.1905272473562,1576.6617784345813,57,0.8153730103445584
2025-12-13,Sp Lisbon,AVS,6,0,H,14,3,1.05,11.0,21.0,3,0,363,30,2.1666666666666665,0.5,14.0,6.833333333333333,0.8333333333333334,2.3333333333333335,2.0,3.8333333333333335,2.0,8,7,0,-2,1840.8430131429404,1341.9940192454976,74,0.8153730103445584
2025-12-14,Famalicao,Estoril,4,0,H,12,4,1.76,3.6,4.33,3,0,192,167,1.1666666666666667,1.0,8.0,5.166666666666667,2.3333333333333335,1.6666666666666667,9.0,4.5,1.1666666666666667,8,7,-1,0,1560.3576412326197,1506.115042741538,75,0.8164907250570349
2025-12-14,Moreirense,Benfica,0,4,A,2,5,9.0,4.33,1.35,0,3,144,350,1.8333333333333333,2.0,5.0,3.6666666666666665,2.1666666666666665,0.6666666666666666,12.0,6.166666666666667,0.5,7,9,0,0,1528.8555809069337,1794.4576356938605,57,0.8164907250570349
2025-12-14,Arouca,Alverca,1,0,H,4,1,2.7,3.2,2.55,3,0,178,17,0.8333333333333334,3.1666666666666665,1.0,2.0,1.1666666666666667,1.3333333333333333,10.0,3.6666666666666665,1.0,7,7,-5,2,1453.836644074762,1510.3304022019486,75,0.8164907250570349
2025-12-15,Nacional,Tondela,3,1,H,4,5,2.3,3.05,3.05,3,0,46,37,1.0,1.3333333333333333,5.0,3.8333333333333335,0.5,1.8333333333333333,4.0,2.6666666666666665,1.0,8,8,-2,-1,1447.234846030879,1392.0526163460186,23,0.8176099719347444
2025-12-15,Sp Braga,Santa Clara,1,0,H,3,2,1.49,3.8,7.0,3,0,299,134,2.3333333333333335,0.8333333333333334,13.0,5.333333333333333,1.0,1.0,7.0,3.6666666666666665,2.0,9,9,3,1,1670.1632616018012,1516.6275453753565,74,0.8176099719347444
2025-12-15,Porto,Estrela,3,1,H,6,1,1.15,5.75,15.0,3,0,356,76,1.3333333333333333,0.3333333333333333,16.0,5.166666666666667,1.6666666666666667,2.1666666666666665,7.0,4.833333333333333,2.25,8,8,5,1,1801.2627178272908,1430.5310879663787,74,0.8176099719347444
2025-12-19,Estoril,Sp Braga,1,0,H,7,5,5.25,4.0,1.53,3,0,167,302,2.0,2.0,8.0,4.666666666666667,2.3333333333333335,0.6666666666666666,15.0,5.0,0.16666666666666666,5,4,-1,4,1493.4380407386561,1678.9348494945127,75,0.8221023231470184
2025-12-20,Gil Vicente,Rio Ave,2,2,D,5,2,1.68,3.5,5.0,1,1,183,131,1.1666666666666667,0.5,9.0,3.0,1.0,1.5,8.0,3.3333333333333335,0.6666666666666666,7,7,0,-1,1519.020089541773,1491.3160844742292,74,0.8232292624129552
2025-12-20,Estrela,Moreirense,0,0,D,3,7,2.35,3.25,2.85,1,1,76,144,1.8333333333333333,2.3333333333333335,7.0,4.166666666666667,1.5,2.1666666666666665,5.0,3.3333333333333335,1.25,5,6,-1,-1,1427.3563041619943,1523.511064766912,41,0.8232292624129552
2025-12-21,AVS,Nacional,2,2,D,3,6,3.2,3.3,2.2,1,1,30,49,0.6666666666666666,2.8333333333333335,2.0,4.0,1.0,1.1666666666666667,5.0,3.3333333333333335,0.5,8,6,-3,1,1340.3867638540476,1459.8722705147952,24,0.8243577464891589
2025-12-21,Tondela,Casa Pia,1,2,A,4,5,2.15,3.25,3.4,0,3,37,134,0.6666666666666666,1.8333333333333333,4.0,3.0,1.0,2.5,2.0,2.0,1.0,6,8,-2,0,1379.4151918621023,1447.3280504633346,23,0.8243577464891589
2025-12-21,Santa Clara,Arouca,0,0,D,5,2,1.79,3.25,4.75,1,1,134,181,0.8333333333333334,0.8333333333333334,7.0,3.1666666666666665,0.8333333333333334,3.0,3.0,2.1666666666666665,1.1666666666666667,6,7,-1,1,1507.855957482645,1471.2544050520871,58,0.8243577464891589
2025-12-22,Alverca,Porto,0,3,A,5,6,9.0,4.75,1.33,0,3,17,359,0.6666666666666666,1.3333333333333333,7.0,2.8333333333333335,1.8333333333333333,0.5,18.0,5.833333333333333,1.0,8,7,-1,6,1492.9126412246235,1804.437501631675,7,0.8254877774932579
2025-12-22,Benfica,Famalicao,1,0,H,6,2,1.33,4.5,9.0,3,0,353,195,2.8333333333333335,0.6666666666666666,14.0,6.833333333333333,1.6666666666666667,0.8333333333333334,10.0,6.333333333333333,2.0,8,8,1,1,1799.8021518338821,1573.0346432355016,75,0.8254877774932579
2025-12-23,Guimaraes,Sp Lisbon,1,4,A,5,7,7.0,4.5,1.39,0,3,239,366,1.0,0.8333333333333334,10.0,3.0,3.0,0.3333333333333333,16.0,8.666666666666666,0.6666666666666666,10,10,1,1,1588.5362212077082,1842.4502685343905,75,0.8266193575457835
2025-12-27,Famalicao,Estrela,2,3,A,5,4,1.53,3.7,6.0,0,3,195,77,1.3333333333333333,1.0,7.0,5.0,1.6666666666666667,2.0,8.0,4.333333333333333,1.25,5,7,-1,0,1566.6368078275857,1431.4047997870343,76,0.8311612107526036
2025-12-27,Estoril,Alverca,4,1,H,4,7,2.15,3.25,3.25,3,0,170,17,2.0,1.8333333333333333,10.0,5.166666666666667,0.6666666666666666,1.1666666666666667,7.0,3.3333333333333335,1.0,8,5,1,-2,1515.7634213072188,1488.6325141132947,76,0.8311612107526036
2025-12-28,Casa Pia,Guimaraes,0,0,D,2,2,3.3,2.95,2.25,1,1,137,239,1.3333333333333333,2.0,5.0,2.6666666666666665,1.1666666666666667,1.1666666666666667,10.0,3.3333333333333335,1.5,7,5,1,-1,1459.432797122766,1582.8897535619567,58,0.8323005679571122
2025-12-28,Arouca,Gil Vicente,2,2,D,5,5,3.9,3.2,1.96,1,1,182,184,0.8333333333333334,2.1666666666666665,4.0,2.5,0.8333333333333334,0.8333333333333334,7.0,3.0,1.6666666666666667,7,8,0,0,1472.8288011084878,1517.8265400472178,76,0.8323005679571122
2025-12-28,Sp Lisbon,Rio Ave,4,0,H,12,0,1.11,7.0,17.0,3,0,369,132,3.1666666666666665,0.5,16.0,7.333333333333333,1.0,1.6666666666666667,6.0,3.3333333333333335,2.6666666666666665,5,8,2,0,1848.096736180142,1492.5096339687843,75,0.8323005679571122
2025-12-28,Sp Braga,Benfica,2,2,D,3,6,3.3,3.3,2.1,1,1,302,356,1.6666666666666667,0.8333333333333334,12.0,4.5,2.1666666666666665,0.6666666666666666,14.0,6.5,1.1666666666666667,9,6,-1,2,1656.60946892595,1806.199987241798,75,0.8323005679571122
2025-12-29,Porto,AVS,2,0,H,4,1,1.1,7.0,19.0,3,0,362,31,2.0,0.3333333333333333,18.0,5.666666666666667,1.0,2.8333333333333335,3.0,4.166666666666667,3.0,7,8,7,0,1808.7176287430038,1345.3511768763428,75,0.8334414869944188
2026-01-02,Gil Vicente,Sp Lisbon,1,1,D,9,4,7.0,4.1,1.42,1,1,185,372,1.0,1.1666666666666667,5.0,3.3333333333333335,3.5,0.5,16.0,8.0,0.3333333333333333,5,5,0,3,1515.8946213384972,1851.5276433721904,75,0.8380208243349344
2026-01-02,Guimaraes,Nacional,2,1,H,4,4,1.81,3.3,4.5,3,0,240,50,1.1666666666666667,0.6666666666666666,11.0,3.1666666666666665,1.1666666666666667,1.3333333333333333,5.0,3.6666666666666665,2.0,5,12,0,0,1577.7732423284756,1454.9078574925,76,0.8380208243349344
2026-01-03,Tondela,Arouca,3,1,H,3,4,2.05,3.3,3.5,3,0,37,183,0.8333333333333334,1.6666666666666667,4.0,3.3333333333333335,1.1666666666666667,2.1666666666666665,5.0,3.0,0.5,13,6,-3,0,1367.310445202671,1474.7607198172084,24,0.8391695847094347
2026-01-03,Benfica,Estoril,3,1,H,3,4,1.19,5.75,13.0,3,0,357,173,2.0,1.0,12.0,5.833333333333333,2.0,2.0,10.0,4.833333333333333,3.0,6,7,0,2,1800.113197794938,1529.5944609869164,76,0.8391695847094347
2026-01-03,Estrela,Sp Braga,3,3,D,4,6,6.5,4.33,1.45,1,1,80,303,1.3333333333333333,1.8333333333333333,8.0,4.0,1.8333333333333333,0.8333333333333334,13.0,4.5,0.25,7,6,1,0,1451.9652303565467,1662.69625837281,42,0.8391695847094347
2026-01-03,AVS,Moreirense,0,2,A,4,5,3.4,3.05,2.2,0,3,31,145,0.6666666666666666,2.8333333333333335,2.0,3.5,1.3333333333333333,1.8333333333333333,6.0,4.333333333333333,0.5,5,14,-1,0,1343.4033498874935,1519.462569141872,25,0.8391695847094347
2026-01-04,Alverca,Famalicao,1,0,H,4,2,3.6,3.3,2.01,3,0,17,195,0.8333333333333334,1.5,7.0,4.5,1.5,1.5,4.0,5.166666666666667,1.0,8,8,-3,-2,1474.8014744335971,1546.0763772580733,8,0.8403199198066145
2026-01-04,Rio Ave,Casa Pia,3,1,H,8,5,2.32,3.05,3.05,3,0,132,138,1.0,1.6666666666666667,6.0,3.3333333333333335,0.8333333333333334,1.1666666666666667,6.0,2.3333333333333335,1.0,7,7,-1,0,1489.078726776736,1464.5493083562471,58,0.8403199198066145
2026-01-04,Santa Clara,Porto,0,1,A,0,5,8.0,4.0,1.42,0,3,135,365,0.5,0.8333333333333334,5.0,3.1666666666666665,2.0,0.16666666666666666,18.0,5.666666666666667,0.3333333333333333,14,6,0,8,1506.2815614262443,1810.6654557318532,59,0.8403199198066145
2026-01-11,Nacional,Santa Clara,3,3,D,5,6,2.7,3.0,2.7,1,1,50,135,1.3333333333333333,1.5,5.0,3.8333333333333335,0.5,0.8333333333333334,5.0,2.5,1.5,9,7,-1,-1,1445.0017870285703,1501.8483673957874,24,0.8484165394203861
2026-01-11,Moreirense,Tondela,1,0,H,2,2,2.01,3.2,3.9,3,0,148,40,1.3333333333333333,1.8333333333333333,6.0,4.333333333333333,1.0,1.5,6.0,3.3333333333333335,1.5,8,8,1,1,1527.45155975494,1386.8069934906885,58,0.8484165394203861
2026-01-16,Sp Lisbon,Casa Pia,3,0,H,4,1,1.17,6.5,13.0,3,0,373,138,3.3333333333333335,0.5,14.0,7.5,0.6666666666666666,1.3333333333333333,5.0,2.5,3.0,14,12,0,-1,1840.3233290800924,1450.6065724004914,76,0.8542475580541731
2026-01-17,Gil Vicente,Nacional,2,1,H,4,4,1.61,3.6,5.5,3,0,186,51,1.0,1.1666666666666667,5.0,4.0,1.6666666666666667,1.8333333333333333,5.0,4.0,3.0,14,6,0,0,1527.0989356305952,1447.4343823866916,76,0.8554185620629159
2026-01-17,Alverca,Moreirense,2,1,H,3,4,2.7,2.82,2.75,3,0,20,151,0.8333333333333334,1.3333333333333333,9.0,4.333333333333333,1.3333333333333333,1.5,9.0,4.5,0.0,13,6,1,2,1492.8362063429092,1536.6907347371186,9,0.8554185620629159
2026-01-17,AVS,Arouca,0,1,A,3,3,3.0,3.1,2.45,0,3,31,183,0.5,3.0,1.0,2.8333333333333335,0.8333333333333334,2.0,5.0,3.0,0.3333333333333333,14,14,-2,-1,1335.4143592744256,1455.264171529191,26,0.8554185620629159
2026-01-17,Rio Ave,Benfica,0,2,A,1,8,10.0,5.0,1.27,0,3,135,360,1.3333333333333333,1.6666666666666667,8.0,4.0,2.1666666666666665,0.8333333333333334,14.0,5.333333333333333,0.3333333333333333,13,14,1,1,1503.0214627324917,1805.3345278676336,59,0.8554185620629159
2026-01-18,Santa Clara,Famalicao,0,1,A,1,3,2.82,3.0,2.55,0,3,136,195,0.8333333333333334,1.0,6.0,3.1666666666666665,1.5,1.5,4.0,5.5,1.1666666666666667,7,14,0,-3,1499.415772037666,1528.0416453487612,60,0.8565911712859501
2026-01-18,Tondela,Sp Braga,0,1,A,2,4,5.75,3.75,1.56,0,3,40,304,1.0,1.5,6.0,3.0,2.0,1.1666666666666667,11.0,5.0,0.0,7,14,-1,0,1377.5678185085098,1654.5710322492544,25,0.8565911712859501
2026-01-18,Guimaraes,Porto,0,1,A,3,3,7.0,4.1,1.45,0,3,243,368,1.3333333333333333,0.8333333333333334,11.0,3.5,2.0,0.16666666666666666,18.0,5.5,0.6666666666666666,14,14,1,9,1587.6793127924052,1815.09864976231,77,0.8565911712859501
2026-01-19,Estrela,Estoril,0,5,A,2,6,2.7,3.3,2.45,0,3,81,173,1.6666666666666667,2.1666666666666665,8.0,4.0,1.5,2.0,7.0,4.333333333333333,0.8,14,14,0,-1,1460.0904564801024,1524.3731309142208,43,0.857765387923706
2026-01-23,Casa Pia,AVS,3,3,D,4,7,2.01,3.1,4.0,1,1,138,31,0.6666666666666666,1.5,5.0,2.6666666666666665,0.5,2.5,1.0,3.1666666666666665,1.6666666666666667,7,6,-2,-3,1447.7289376554625,1325.3927729648522,59,0.8624783727362166
2026-01-24,Moreirense,Santa Clara,1,0,H,1,1,2.65,3.0,2.75,3,0,151,136,1.1666666666666667,1.5,8.0,4.166666666666667,0.6666666666666666,1.0,5.0,2.8333333333333335,1.6,7,6,-1,-1,1519.8073740726409,1485.6488613524227,59,0.8636606595597559
2026-01-24,Arouca,Sp Lisbon,1,2,A,5,4,12.0,5.5,1.22,0,3,186,376,1.0,1.3333333333333333,8.0,3.3333333333333335,3.1666666666666665,0.5,14.0,7.166666666666667,0.3333333333333333,7,8,1,1,1465.2857578387643,1843.2009638251213,77,0.8636606595597559
2026-01-24,Estoril,Guimaraes,4,2,H,6,4,2.35,3.3,2.85,3,0,176,243,2.3333333333333335,1.8333333333333333,10.0,5.0,0.6666666666666666,1.0,8.0,3.3333333333333335,0.5,5,6,1,-1,1536.6290656578058,1581.3003436125946,77,0.8636606595597559
2026-01-25,Nacional,Rio Ave,4,0,H,5,6,2.15,3.3,3.3,3,0,51,135,1.6666666666666667,1.8333333333333333,5.0,4.333333333333333,1.1666666666666667,1.8333333333333333,7.0,3.5,0.6666666666666666,8,8,-1,-1,1435.8147430877991,1498.5430420842704,25,0.8648445670640884
2026-01-25,Benfica,Estrela,4,0,H,8,1,1.1,9.0,19.0,3,0,363,81,2.1666666666666665,0.6666666666666666,14.0,5.333333333333333,1.6666666666666667,2.3333333333333335,8.0,3.8333333333333335,3.0,8,6,2,-1,1809.812948515855,1447.8345217365174,77,0.8648445670640884
2026-01-25,Famalicao,Tondela,3,0,H,4,0,1.56,3.8,5.75,3,0,198,40,1.3333333333333333,1.1666666666666667,6.0,4.666666666666667,0.8333333333333334,1.6666666666666667,3.0,3.0,2.0,7,7,1,-2,1541.8085560340046,1372.5055138269815,77,0.8648445670640884
2026-01-25,Sp Braga,Alverca,5,0,H,7,0,1.37,4.5,8.0,3,0,307,23,1.5,1.1666666666666667,11.0,4.666666666666667,0.8333333333333334,1.5,9.0,4.0,3.0,7,8,1,2,1659.6333369307827,1509.719567007387,76,0.8648445670640884
2026-01-26,Porto,Gil Vicente,3,0,H,6,5,1.35,4.5,8.5,3,0,371,189,2.0,0.16666666666666666,18.0,5.0,1.3333333333333333,1.1666666666666667,8.0,4.333333333333333,1.6666666666666667,8,9,10,1,1821.4776189421207,1538.7185749294877,76,0.8660300974708458
2026-01-30,Guimaraes,Moreirense,1,0,H,2,5,1.79,3.3,4.75,3,0,243,154,1.0,1.6666666666666667,7.0,3.5,0.8333333333333334,1.0,10.0,3.5,1.6666666666666667,6,6,-2,1,1564.3822872316437,1533.3373658761423,78,0.8707884926614433
2026-01-31,Santa Clara,Estoril,2,4,A,4,6,2.2,3.0,3.4,0,3,136,179,0.5,1.1666666666666667,2.0,2.5,2.5,1.6666666666666667,12.0,5.166666666666667,2.0,7,7,-2,2,1472.1188695489213,1553.5471220387567,61,0.8719821710115417
2026-01-31,Rio Ave,Arouca,0,3,A,0,7,2.5,3.25,2.7,0,3,135,186,0.8333333333333334,2.3333333333333335,4.0,3.1666666666666665,1.0,1.1666666666666667,8.0,3.8333333333333335,1.6666666666666667,6,7,-2,-1,1480.8638914631388,1462.2264654670082,60,0.8719821710115417
2026-01-31,Alverca,Estrela,1,1,D,4,2,2.05,3.1,3.7,1,1,23,81,0.6666666666666666,2.3333333333333335,6.0,3.3333333333333335,1.1666666666666667,2.8333333333333335,5.0,2.5,1.0,6,6,-1,-2,1500.8180099361305,1444.5138304304526,10,0.8719821710115417
2026-02-01,Sp Lisbon,Nacional,2,1,H,7,4,1.1,8.0,19.0,3,0,379,54,3.3333333333333335,0.5,16.0,7.5,2.3333333333333335,1.6666666666666667,8.0,4.666666666666667,3.0,8,7,2,1,1846.2602561968774,1453.4938937089307,77,0.8731774856579573
2026-02-01,Tondela,Benfica,0,0,D,1,9,13.0,5.75,1.19,1,1,40,366,0.8333333333333334,1.8333333333333333,3.0,2.6666666666666665,2.6666666666666665,0.5,16.0,6.0,0.0,7,7,-3,3,1364.2864969395687,1813.1336398219198,26,0.8731774856579573
2026-02-01,Gil Vicente,Famalicao,5,0,H,9,0,2.65,3.1,2.65,3,0,189,201,1.3333333333333333,1.6666666666666667,7.0,5.0,1.6666666666666667,0.8333333333333334,9.0,4.666666666666667,0.8333333333333334,6,7,-1,2,1533.7941711309495,1550.0275729214175,77,0.8731774856579573
2026-02-02,AVS,Sp Braga,0,4,A,3,8,8.5,4.5,1.35,0,3,32,310,0.8333333333333334,2.6666666666666665,2.0,3.5,2.0,1.0,11.0,4.666666666666667,0.3333333333333333,10,8,0,2,1330.4664787610207,1668.5348940020392,27,0.8743744388437276
2026-02-02,Casa Pia,Porto,2,1,H,3,6,12.0,5.0,1.25,3,0,139,374,1.1666666666666667,1.8333333333333333,6.0,3.0,2.1666666666666665,0.16666666666666666,18.0,5.0,0.0,10,7,0,11,1442.655231859294,1826.4020227406588,60,0.8743744388437276
2026-02-07,Estrela,Santa Clara,1,0,H,4,5,3.4,2.85,2.3,3,0,82,136,1.1666666666666667,2.5,6.0,2.6666666666666665,0.8333333333333334,1.6666666666666667,2.0,2.8333333333333335,0.6666666666666666,7,7,0,-3,1446.923618583061,1460.5714249603157,44,0.8803838615846938
2026-02-07,Moreirense,Gil Vicente,1,2,A,1,4,3.4,3.0,2.25,0,3,154,192,0.8333333333333334,0.5,10.0,4.0,2.0,1.5,9.0,6.166666666666667,1.6666666666666667,8,6,-1,1,1519.6741270989742,1549.4945138626092,60,0.8803838615846938
2026-02-07,Estoril,Tondela,2,2,D,6,5,1.66,3.9,4.75,1,1,182,41,3.1666666666666665,1.3333333333333333,15.0,5.5,0.6666666666666666,1.3333333333333333,4.0,2.0,2.3333333333333335,7,6,3,0,1565.0945666273624,1377.1807919217124,78,0.8803838615846938
2026-02-07,Arouca,Guimaraes,3,2,H,6,6,2.75,3.3,2.4,3,0,189,246,1.3333333333333333,1.1666666666666667,8.0,4.333333333333333,1.0,1.6666666666666667,7.0,3.3333333333333335,0.8333333333333334,7,8,1,1,1478.030336915421,1578.0455260088117,78,0.8803838615846938
2026-02-08,Nacional,Casa Pia,0,0,D,4,3,2.05,3.1,3.75,1,1,54,142,2.0,1.8333333333333333,5.0,4.666666666666667,1.3333333333333333,1.8333333333333333,8.0,3.3333333333333335,2.0,7,6,-1,1,1450.661607207971,1469.686940544776,26,0.8815906932828687
2026-02-08,Sp Braga,Rio Ave,3,0,H,7,2,1.22,6.5,9.5,3,0,313,135,2.5,1.0,11.0,5.5,0.8333333333333334,2.6666666666666665,4.0,2.8333333333333335,1.8333333333333333,6,8,3,-3,1672.28434251016,1465.060020014726,77,0.8815906932828687
2026-02-08,Benfica,Alverca,2,1,H,10,2,1.15,6.25,17.0,3,0,367,24,2.0,0.5,14.0,6.666666666666667,0.8333333333333334,2.3333333333333335,7.0,3.8333333333333335,3.0,7,8,0,0,1800.239344839776,1498.408221783522,78,0.8815906932828687
2026-02-09,Famalicao,AVS,3,1,H,6,1,1.37,4.5,8.0,3,0,201,32,1.0,1.6666666666666667,6.0,2.6666666666666665,0.8333333333333334,2.3333333333333335,2.0,3.5,3.0,8,7,-1,-1,1534.3272301897578,1326.7170302528998,78,0.8827991793079926
2026-02-09,Porto,Sp Lisbon,1,1,D,1,3,2.25,3.0,3.4,1,1,374,382,1.8333333333333333,0.3333333333333333,15.0,5.0,2.6666666666666665,0.6666666666666666,16.0,6.333333333333333,1.3333333333333333,7,8,-1,3,1799.3703140551768,1849.0925426978372,77,0.8827991793079926
2026-02-13,Santa Clara,Benfica,1,2,A,2,3,7.0,3.6,1.51,0,3,136,370,0.8333333333333334,1.8333333333333333,1.0,2.8333333333333335,2.1666666666666665,0.6666666666666666,14.0,7.333333333333333,0.16666666666666666,6,5,-4,1,1444.982504672363,1804.7283454525352,62,0.8876497120797175
2026-02-13,Tondela,Alverca,1,1,D,4,4,2.35,3.1,3.1,1,1,42,24,0.8333333333333334,1.3333333333333333,5.0,2.1666666666666665,1.0,2.1666666666666665,7.0,3.3333333333333335,0.0,6,5,0,-1,1384.585364393433,1493.919221170763,27,0.8876497120797175
2026-02-14,Casa Pia,Arouca,3,2,H,4,4,2.65,3.2,2.55,3,0,143,192,1.0,1.6666666666666667,6.0,3.0,1.8333333333333333,1.5,10.0,5.0,2.1666666666666665,6,7,0,2,1468.8663708952529,1497.2328912081866,61,0.8888665038181365
2026-02-14,Guimaraes,Estrela,2,1,H,6,4,1.62,3.5,5.5,3,0,246,85,1.1666666666666667,1.5,7.0,3.5,1.3333333333333333,2.5,8.0,2.8333333333333335,2.6,7,7,-1,1,1558.8429717160461,1462.5125388710137,79,0.8888665038181365
2026-02-14,Gil Vicente,Sp Braga,2,1,H,5,2,3.6,3.25,2.05,3,0,195,316,2.0,1.3333333333333333,11.0,6.0,3.0,0.8333333333333334,14.0,5.833333333333333,0.8333333333333334,7,6,2,4,1563.2102164407765,1679.2666747610972,78,0.8888665038181365
2026-02-15,Sp Lisbon,Famalicao,1,0,H,5,1,1.25,5.0,11.0,3,0,383,204,2.1666666666666665,0.6666666666666666,14.0,5.666666666666667,1.5,1.6666666666666667,9.0,3.3333333333333335,3.0,6,6,0,1,1846.9603978903851,1541.2976695414736,78,0.8900849635367445
2026-02-15,Nacional,Porto,0,1,A,2,5,9.5,4.5,1.3,0,3,55,375,1.6666666666666667,1.5,5.0,4.333333333333333,1.5,0.5,13.0,4.166666666666667,1.0,7,6,0,0,1451.482176857494,1801.5024588626288,27,0.8900849635367445
2026-02-15,AVS,Estoril,3,0,H,3,2,4.33,3.75,1.71,3,0,32,183,0.6666666666666666,2.5,1.0,3.1666666666666665,3.3333333333333335,1.6666666666666667,13.0,5.333333333333333,0.3333333333333333,6,8,-2,0,1319.746590901184,1557.6899941556417,28,0.8900849635367445
2026-02-16,Rio Ave,Moreirense,1,2,A,6,3,2.82,3.2,2.45,0,3,135,154,0.5,2.8333333333333335,3.0,2.8333333333333335,1.0,0.8333333333333334,9.0,3.0,1.4,8,9,-4,-2,1458.0776877637888,1505.9584245208068,61,0.8913050935220118
2026-02-20,Estrela,Tondela,0,2,A,3,5,2.5,3.2,2.7,0,3,85,43,1.0,2.5,5.0,2.8333333333333335,0.5,1.3333333333333333,3.0,2.3333333333333335,1.0,6,7,-1,0,1451.5680654255846,1389.1558050024346,45,0.8962023619688662
2026-02-21,Alverca,Santa Clara,1,1,D,1,3,2.82,2.75,2.7,1,1,25,136,1.0,1.6666666666666667,8.0,2.8333333333333335,1.0,2.0,1.0,3.1666666666666665,0.0,8,8,0,-5,1489.3487805617615,1441.6236700819923,11,0.897430877694332
2026-02-21,Arouca,Nacional,3,0,H,7,5,2.25,3.4,3.0,3,0,192,55,1.8333333333333333,1.6666666666666667,9.0,4.833333333333333,1.5,1.3333333333333333,5.0,4.0,3.0,7,6,-1,-1,1481.010924074449,1447.9526893813259,79,0.897430877694332
2026-02-21,Benfica,AVS,3,0,H,9,0,1.08,10.0,21.0,3,0,373,35,2.1666666666666665,0.5,16.0,6.833333333333333,1.1666666666666667,2.1666666666666665,4.0,3.5,2.3333333333333335,8,6,2,1,1808.087180042906,1343.6666010823567,79,0.897430877694332
2026-02-21,Moreirense,Sp Lisbon,0,3,A,2,8,11.0,5.0,1.27,0,3,157,386,1.0,1.0,9.0,2.6666666666666665,1.6666666666666667,0.6666666666666666,14.0,4.5,0.5,5,6,1,1,1518.9042349691797,1851.3658513592538,61,0.897430877694332
2026-02-21,Sp Braga,Guimaraes,3,2,H,7,4,1.53,3.75,6.0,3,0,316,249,2.8333333333333335,0.8333333333333334,13.0,5.666666666666667,1.5,1.6666666666666667,9.0,4.166666666666667,1.0,7,7,-1,1,1659.4345173634765,1569.7874451614753,78,0.897430877694332
2026-02-22,Estoril,Gil Vicente,3,1,H,7,4,2.7,3.25,2.5,3,0,183,198,2.6666666666666665,2.0,10.0,5.0,2.0,1.1666666666666667,13.0,6.0,1.1666666666666667,7,8,-1,3,1533.769983974469,1583.0423738383972,79,0.8986610774712485
2026-02-22,Porto,Rio Ave,1,0,H,3,1,1.09,9.0,17.0,3,0,378,135,1.3333333333333333,0.5,13.0,4.333333333333333,0.6666666666666666,2.5,3.0,3.8333333333333335,2.3333333333333335,7,6,1,-5,1805.031946338797,1445.131877315416,78,0.8986610774712485
2026-02-23,Famalicao,Casa Pia,2,0,H,7,1,1.61,3.6,5.5,3,0,204,146,1.1666666666666667,1.3333333333333333,9.0,2.6666666666666665,1.5,2.0,8.0,3.3333333333333335,1.8333333333333333,8,9,-1,1,1536.892216072605,1485.0883380289906,79,0.8998929636081162
2026-02-27,Porto,Arouca,3,1,H,7,1,1.19,6.25,11.0,3,0,381,195,1.3333333333333333,0.5,13.0,4.0,2.1666666666666665,1.1666666666666667,12.0,5.333333333333333,2.1666666666666665,5,6,2,1,1808.3881337059013,1494.5879769249439,79,0.9048374180359595
2026-02-27,Sp Lisbon,Estoril,3,0,H,7,3,1.15,7.5,12.0,3,0,389,186,2.0,0.5,16.0,5.166666666666667,3.0,1.6666666666666667,13.0,5.5,3.0,6,5,2,1,1855.2224779016299,1550.8830965848051,79,0.9048374180359595
2026-02-28,AVS,Estrela,0,0,D,3,6,2.55,3.2,2.65,1,1,35,85,1.1666666666666667,2.3333333333333335,4.0,2.8333333333333335,0.5,2.3333333333333335,4.0,2.6666666666666665,1.3333333333333333,7,8,-1,-2,1341.7297970459597,1433.902126149186,29,0.9060777707110016
2026-02-28,Nacional,Sp Braga,1,2,A,5,8,5.5,4.2,1.51,0,3,55,319,1.0,1.3333333333333333,4.0,4.0,2.8333333333333335,0.6666666666666666,15.0,5.833333333333333,1.0,7,7,-2,1,1434.375636530831,1670.647807312713,28,0.9060777707110016
2026-02-28,Guimaraes,Alverca,1,1,D,6,5,1.71,3.6,4.75,1,1,249,26,1.5,2.0,6.0,4.166666666666667,1.0,1.8333333333333333,6.0,2.3333333333333335,0.0,7,7,-1,0,1558.5741552122388,1487.301184332547,80,0.9060777707110016
2026-03-01,Tondela,Santa Clara,2,2,D,4,3,3.2,3.0,2.35,1,1,46,137,0.8333333333333334,1.1666666666666667,6.0,2.8333333333333335,0.6666666666666666,1.6666666666666667,1.0,2.6666666666666665,2.3333333333333335,9,8,1,0,1406.8217442788332,1443.6712663112066,28,0.907319823663605
2026-03-01,Casa Pia,Moreirense,1,1,D,2,6,2.65,3.0,2.75,1,1,146,157,1.3333333333333333,1.8333333333333333,8.0,2.6666666666666665,0.8333333333333334,1.5,6.0,2.6666666666666665,1.2,6,8,-1,-1,1472.3084630537542,1515.0476084268037,62,0.907319823663605
2026-03-01,Rio Ave,Famalicao,0,0,D,4,4,4.1,3.4,1.81,1,1,135,207,0.16666666666666666,2.5,0.0,2.6666666666666665,1.5,1.1666666666666667,12.0,3.5,0.6666666666666666,7,6,-6,1,1441.7756899483118,1549.6720910478414,62,0.907319823663605
2026-03-02,Gil Vicente,Benfica,1,2,A,5,3,6.0,3.6,1.56,0,3,198,376,2.0,1.5,12.0,5.166666666666667,2.1666666666666665,0.3333333333333333,16.0,7.833333333333333,0.0,8,9,-1,3,1565.929261228061,1810.023984079303,79,0.908563579224513
2026-03-06,Famalicao,Arouca,1,0,H,6,4,1.71,3.5,4.75,3,0,208,195,1.3333333333333333,1.1666666666666667,10.0,3.6666666666666665,2.1666666666666665,1.6666666666666667,9.0,5.0,1.3333333333333333,5,7,0,-1,1545.1580195021736,1490.3556868085768,80,0.9135556742779756
2026-03-07,Alverca,AVS,0,0,D,2,2,1.66,3.6,5.0,1,1,27,36,0.8333333333333334,1.8333333333333333,4.0,2.6666666666666665,1.1666666666666667,2.1666666666666665,5.0,2.8333333333333335,3.0,7,7,0,0,1490.3358362470576,1345.6183943894782,12,0.9148079779535355
2026-03-07,Moreirense,Nacional,1,1,D,2,7,2.3,3.25,3.0,1,1,158,55,0.8333333333333334,1.3333333333333333,7.0,3.0,1.0,1.3333333333333333,4.0,4.166666666666667,0.3333333333333333,6,7,0,-3,1513.211662521092,1428.2488757583073,62,0.9148079779535355
2026-03-07,Sp Braga,Sp Lisbon,2,2,D,3,5,3.4,3.3,2.1,1,1,322,392,3.0,0.8333333333333334,15.0,6.5,2.0,0.5,16.0,5.666666666666667,0.5,7,8,2,3,1676.7745680852365,1859.6566401065193,79,0.9148079779535355
2026-03-07,Estoril,Casa Pia,0,0,D,1,2,1.66,3.8,4.5,1,1,186,147,2.1666666666666665,2.1666666666666665,10.0,5.0,1.5,1.5,9.0,2.8333333333333335,1.5,8,6,-1,0,1546.4489343799157,1474.1444089594659,80,0.9148079779535355
2026-03-08,Estrela,Gil Vicente,2,2,D,5,6,4.75,3.2,1.79,1,1,86,198,0.5,1.5,5.0,3.3333333333333335,1.8333333333333333,1.6666666666666667,9.0,5.333333333333333,1.0,8,6,0,-2,1430.0135288056674,1560.019124502769,46,0.9160619982891085
2026-03-08,Benfica,Porto,2,2,D,6,6,2.1,3.25,3.4,1,1,379,384,2.1666666666666665,0.5,16.0,7.0,1.6666666666666667,0.6666666666666666,13.0,4.666666666666667,1.6666666666666667,6,9,4,3,1815.934120804595,1812.6204238222683,80,0.9160619982891085
2026-03-08,Santa Clara,Guimaraes,2,0,H,4,6,2.57,3.0,2.82,3,0,138,250,1.0,1.8333333333333333,2.0,3.0,1.6666666666666667,2.0,7.0,4.666666666666667,0.6666666666666666,7,8,0,0,1442.0862832813316,1555.5395032977283,63,0.9160619982891085
2026-03-09,Tondela,Rio Ave,0,1,A,2,2,1.96,3.25,3.9,0,3,47,136,1.1666666666666667,1.3333333333333333,7.0,3.1666666666666665,0.16666666666666666,2.1666666666666665,1.0,3.1666666666666665,0.0,8,8,0,0,1408.4067273087082,1446.2897614939795,29,0.9173177376378951
2026-03-14,Guimaraes,Famalicao,1,2,A,6,3,2.35,3.25,2.85,0,3,250,211,1.3333333333333333,1.6666666666666667,7.0,5.0,1.0,1.1666666666666667,10.0,4.0,1.6666666666666667,6,8,-1,1,1535.8083150118355,1557.8114413213198,81,0.9236223021681012
2026-03-14,Gil Vicente,Alverca,2,2,D,6,6,1.66,3.7,5.25,1,1,199,28,2.1666666666666665,1.5,10.0,5.5,0.8333333333333334,1.0,5.0,3.0,3.0,6,7,0,0,1554.654406223757,1484.425785842967,80,0.9236223021681012
2026-03-14,Arouca,Benfica,1,2,A,6,5,10.0,5.75,1.24,0,3,195,380,2.0,1.5,9.0,4.833333333333333,1.8333333333333333,0.8333333333333334,14.0,6.666666666666667,0.16666666666666666,8,6,-2,0,1477.7022649894307,1815.7910613435054,80,0.9236223021681012
2026-03-15,AVS,Santa Clara,0,1,A,2,3,4.5,3.3,1.79,0,3,37,141,0.6666666666666666,1.6666666666666667,5.0,2.0,1.3333333333333333,1.6666666666666667,5.0,3.5,0.0,8,7,0,1,1351.528444793569,1461.8174715672244,30,0.9248884051943326
2026-03-15,Nacional,Estoril,0,1,A,4,2,2.4,3.5,2.7,0,3,56,187,0.5,1.5,2.0,4.5,1.5,1.8333333333333333,8.0,4.166666666666667,0.6666666666666666,8,8,0,0,1431.8456023172982,1543.3715952648042,29,0.9248884051943326
2026-03-15,Rio Ave,Estrela,2,1,H,6,3,2.25,3.25,3.1,3,0,139,87,0.3333333333333333,1.5,4.0,2.5,0.8333333333333334,1.1666666666666667,6.0,4.0,1.6,6,7,1,0,1459.660670346799,1435.3782470846795,63,0.9248884051943326
2026-03-15,Porto,Moreirense,3,0,H,9,2,1.15,6.5,17.0,3,0,385,159,1.5,1.0,11.0,4.666666666666667,0.8333333333333334,1.5,5.0,3.1666666666666665,3.0,7,8,0,0,1812.763483283358,1509.614935962101,80,0.9248884051943326
2026-03-20,Estrela,Casa Pia,4,0,H,8,2,2.4,3.1,3.1,3,0,87,148,0.8333333333333334,1.3333333333333333,5.0,4.166666666666667,1.0,1.0,9.0,2.5,1.8,5,13,-1,0,1421.4248999381232,1477.2217480745774,47,0.9312450015998506
2026-03-21,Benfica,Guimaraes,3,0,H,4,2,1.27,5.25,9.5,3,0,383,250,2.1666666666666665,1.0,16.0,6.0,1.3333333333333333,2.0,4.0,5.666666666666667,2.6666666666666665,7,7,1,-2,1819.5401249506097,1521.7569983804908,81,0.9325215538354568
2026-03-21,Famalicao,Nacional,1,0,H,4,6,1.66,3.6,5.0,3,0,214,56,1.3333333333333333,0.5,13.0,4.5,0.3333333333333333,1.3333333333333333,2.0,4.5,1.3333333333333333,7,6,2,-1,1571.8627579526644,1421.5017326349566,81,0.9325215538354568
2026-03-21,Santa Clara,Gil Vicente,1,0,H,2,0,2.57,3.1,2.7,3,0,144,200,1.1666666666666667,1.0,8.0,3.3333333333333335,1.6666666666666667,1.8333333333333333,8.0,5.0,1.6666666666666667,6,7,2,0,1472.209652882194,1551.6630232932619,64,0.9325215538354568
2026-03-21,Tondela,AVS,0,0,D,3,2,1.86,3.4,4.1,1,1,47,37,1.1666666666666667,1.0,7.0,3.5,0.6666666666666666,1.1666666666666667,5.0,1.8333333333333333,1.0,12,6,-1,-1,1395.0358184558888,1341.1362634785994,30,0.9325215538354568
2026-03-21,Moreirense,Arouca,0,1,A,2,2,2.35,3.2,3.0,0,3,159,195,0.8333333333333334,1.8333333333333333,5.0,2.6666666666666665,1.6666666666666667,1.8333333333333333,6.0,4.666666666666667,2.1666666666666665,6,7,-1,-3,1505.1548077395491,1473.9532013823264,63,0.9325215538354568
2026-03-22,Estoril,Rio Ave,1,2,A,4,8,1.71,3.75,4.33,0,3,190,142,1.0,1.5,8.0,3.5,0.6666666666666666,1.1666666666666667,7.0,3.5,1.8333333333333333,7,7,1,2,1553.7154649471458,1473.6140174933553,81,0.9337998559710435
2026-03-22,Alverca,Sp Lisbon,1,4,A,4,9,10.0,5.0,1.27,0,3,29,393,1.0,1.1666666666666667,5.0,3.3333333333333335,2.0,0.6666666666666666,14.0,5.833333333333333,0.0,8,14,0,0,1487.417168773462,1852.4175393129024,13,0.9337998559710435
2026-03-22,Sp Braga,Porto,1,2,A,1,3,3.4,3.1,2.15,0,3,323,388,2.5,1.1666666666666667,13.0,5.833333333333333,1.8333333333333333,0.6666666666666666,14.0,5.166666666666667,0.6666666666666666,14,7,0,1,1684.0136688788534,1817.22361150591,80,0.9337998559710435
2026-04-03,Gil Vicente,AVS,3,0,H,6,3,1.3,4.5,10.0,3,0,200,38,1.3333333333333333,1.8333333333333333,5.0,4.333333333333333,0.5,0.6666666666666666,6.0,2.0,1.3333333333333333,13,13,-1,0,1533.2913182318628,1343.444804097579,81,0.9492768502479139
2026-04-03,Guimaraes,Tondela,5,0,H,5,1,1.81,3.4,4.2,3,0,250,48,1.0,2.0,4.0,5.0,1.1666666666666667,1.0,7.0,3.8333333333333335,2.3333333333333335,13,13,-3,0,1517.1783184790913,1392.7272778369093,82,0.9492768502479139
2026-04-03,Sp Lisbon,Santa Clara,4,2,H,8,4,1.27,5.25,9.0,3,0,396,147,2.3333333333333335,0.6666666666666666,14.0,6.166666666666667,1.3333333333333333,0.8333333333333334,11.0,2.8333333333333335,2.5,12,13,1,3,1855.6872057674461,1490.581357943593,80,0.9492768502479139
2026-04-04,Moreirense,Sp Braga,0,1,A,2,7,6.25,3.9,1.51,0,3,159,323,0.6666666666666666,1.6666666666666667,5.0,2.8333333333333335,2.0,1.5,10.0,4.666666666666667,0.0,14,13,-2,-1,1488.811335875722,1674.498634184499,64,0.9505781205723841
2026-04-04,Nacional,Estrela,2,0,H,4,2,2.05,3.3,3.5,3,0,56,90,0.3333333333333333,1.5,1.0,4.833333333333333,1.3333333333333333,1.3333333333333333,5.0,4.833333333333333,0.3333333333333333,14,14,-2,1,1412.6162849478821,1438.8133451495949,30,0.9505781205723841
2026-04-04,Porto,Famalicao,2,2,D,3,6,1.35,4.5,8.5,1,1,391,217,2.0,0.6666666666666666,16.0,5.5,1.0,0.3333333333333333,13.0,4.166666666666667,2.3333333333333335,13,14,2,3,1826.7386462002644,1580.748205639739,81,0.9505781205723841
2026-04-04,Rio Ave,Alverca,1,2,A,5,6,2.45,3.3,2.75,0,3,145,29,1.0,0.8333333333333334,10.0,4.5,1.0,1.5,5.0,3.6666666666666665,1.0,13,13,3,-1,1492.0122774152555,1484.1475023189182,64,0.9505781205723841
2026-04-06,Arouca,Estoril,3,2,H,4,3,2.45,3.4,2.65,3,0,198,190,1.3333333333333333,1.5,6.0,4.0,0.8333333333333334,1.5,7.0,3.1666666666666665,1.1666666666666667,14,14,1,-1,1490.2966732461534,1535.3172050252456,81,0.9531860150172751
2026-04-06,Casa Pia,Benfica,1,1,D,2,3,13.0,6.0,1.19,1,1,148,386,0.6666666666666666,1.5,6.0,2.3333333333333335,2.3333333333333335,0.8333333333333334,16.0,5.0,0.8333333333333334,14,14,-1,2,1459.8333028631057,1824.1188048520091,63,0.9531860150172751
2026-04-10,Famalicao,Moreirense,1,1,D,7,1,1.42,4.2,7.0,1,1,218,159,1.3333333333333333,0.5,14.0,5.0,0.3333333333333333,1.6666666666666667,2.0,2.6666666666666665,1.5,6,6,0,-3,1589.8896870200194,1481.1429774631576,82,0.9584232876742519
2026-04-11,AVS,Guimaraes,1,1,D,4,6,5.25,3.8,1.61,1,1,38,253,0.0,1.1666666666666667,3.0,2.0,1.5,1.8333333333333333,4.0,4.833333333333333,1.0,8,8,-1,1,1335.9123128695412,1527.0239197655026,31,0.9597370959507373
2026-04-11,Santa Clara,Rio Ave,0,2,A,4,3,1.76,3.4,4.75,0,3,147,145,1.5,1.1666666666666667,11.0,3.1666666666666665,1.0,0.8333333333333334,10.0,4.333333333333333,1.0,8,7,-1,-1,1487.313459960708,1476.672785764877,65,0.9597370959507373
2026-04-11,Estrela,Sp Lisbon,0,1,A,3,2,12.0,6.25,1.19,0,3,90,399,1.1666666666666667,1.3333333333333333,5.0,4.5,2.8333333333333335,0.8333333333333334,16.0,7.0,0.0,7,8,-1,2,1422.6844656884325,1858.955103750331,48,0.9597370959507373
2026-04-12,Alverca,Casa Pia,3,1,H,5,5,1.96,3.3,3.9,3,0,32,149,1.1666666666666667,1.5,7.0,4.0,0.8333333333333334,1.6666666666666667,6.0,2.1666666666666665,3.0,8,6,1,0,1499.4869939692967,1471.5516285043036,14,0.9610527051978477
2026-04-12,Benfica,Nacional,2,0,H,8,4,1.11,8.0,15.0,3,0,387,59,2.1666666666666665,0.8333333333333334,14.0,5.0,0.6666666666666666,1.3333333333333333,4.0,5.166666666666667,3.0,6,8,0,1,1812.4004792108112,1428.7451644090445,82,0.9610527051978477
2026-04-12,Sp Braga,Arouca,1,0,H,2,1,1.37,4.5,8.0,3,0,326,201,1.6666666666666667,1.5,10.0,4.666666666666667,1.5,1.3333333333333333,9.0,4.0,2.5,8,6,1,2,1682.1669925970634,1507.2295596693182,81,0.9610527051978477
2026-04-12,Estoril,Porto,1,3,A,3,5,6.5,4.5,1.42,0,3,190,392,1.1666666666666667,1.5,7.0,3.3333333333333335,2.1666666666666665,1.0,14.0,5.166666666666667,1.0,6,8,-2,0,1518.3843186020808,1817.5971648199838,82,0.9610527051978477
2026-04-13,Tondela,Gil Vicente,2,2,D,5,6,4.0,3.2,1.96,1,1,48,203,0.8333333333333334,1.5,6.0,3.1666666666666665,1.5,1.6666666666666667,5.0,4.5,1.0,10,10,-1,1,1382.881676550498,1540.8238094599005,31,0.9623701178843567
2026-04-17,Rio Ave,AVS,2,2,D,8,7,1.68,3.7,4.75,1,1,148,39,1.3333333333333333,0.6666666666666666,13.0,4.666666666666667,0.16666666666666666,0.8333333333333334,4.0,2.6666666666666665,1.3333333333333333,6,6,1,0,1492.1320370190679,1343.420829010602,65,0.9676578525183944
2026-04-18,Nacional,Alverca,1,0,H,6,4,2.15,3.4,3.2,3,0,59,35,0.6666666666666666,1.1666666666666667,4.0,5.0,1.5,1.5,9.0,4.666666666666667,0.0,6,6,-1,2,1425.7754644100667,1513.2835196126139,31,0.9689843195521095
2026-04-18,Casa Pia,Santa Clara,0,0,D,3,2,3.8,3.0,2.1,1,1,149,147,0.5,1.8333333333333333,3.0,2.3333333333333335,1.3333333333333333,1.3333333333333333,10.0,3.3333333333333335,0.8,6,7,-1,-2,1457.7551028609864,1471.8542087065173,64,0.9689843195521095
2026-04-18,Gil Vicente,Guimaraes,0,1,A,6,3,2.1,3.2,3.5,0,3,204,254,1.6666666666666667,1.5,6.0,4.833333333333333,1.3333333333333333,1.5,5.0,5.166666666666667,0.6666666666666666,5,7,0,0,1534.4387902366589,1519.515403624442,82,0.9689843195521095
2026-04-19,Porto,Tondela,2,0,H,8,3,1.15,6.25,17.0,3,0,395,49,2.5,1.1666666666666667,14.0,5.5,1.0,1.6666666666666667,6.0,3.3333333333333335,3.0,7,6,1,0,1822.1440041093786,1389.2666957737397,82,0.9703126049090957
2026-04-19,Sp Braga,Famalicao,2,2,D,4,3,1.79,3.6,4.2,1,1,329,219,1.6666666666666667,1.1666666666666667,13.0,4.666666666666667,1.1666666666666667,0.6666666666666666,12.0,5.0,1.8333333333333333,7,9,2,0,1690.1938912075866,1585.3422540093954,82,0.9703126049090957
2026-04-19,Arouca,Estrela,1,0,H,3,3,2.01,3.4,3.5,3,0,201,90,1.0,1.5,6.0,3.0,1.1666666666666667,1.1666666666666667,5.0,4.5,1.4,7,8,-1,-2,1499.202661058795,1420.4325294551036,82,0.9703126049090957
2026-04-19,Sp Lisbon,Benfica,1,2,A,6,5,2.1,3.5,3.2,0,3,402,390,2.8333333333333335,0.8333333333333334,16.0,6.5,2.0,0.8333333333333334,14.0,4.833333333333333,1.5,8,7,3,1,1861.20703998366,1815.370179209789,81,0.9703126049090957
2026-04-20,Moreirense,Estoril,1,0,H,4,1,3.0,3.4,2.25,3,0,160,190,0.5,1.3333333333333333,3.0,2.5,0.8333333333333334,1.8333333333333333,4.0,2.6666666666666665,1.5,10,8,0,-3,1485.6904104737816,1513.8374793126861,65,0.9716427110819134
2026-04-23,Casa Pia,Sp Braga,0,1,A,1,2,5.5,4.2,1.53,0,3,150,330,0.5,1.5,4.0,2.6666666666666665,1.5,1.1666666666666667,11.0,4.166666666666667,1.0,5,4,0,0,1458.3634762762601,1685.7996808478858,65,0.9756439794722424
2026-04-24,Alverca,Arouca,2,1,H,3,3,2.1,3.3,3.3,3,0,35,204,1.3333333333333333,1.5,8.0,4.5,1.0,1.0,9.0,3.3333333333333335,0.0,6,5,-1,1,1494.5834064885685,1510.8589757262,15,0.9769813939023991
2026-04-25,Tondela,Nacional,0,2,A,5,6,2.75,3.4,2.4,0,3,49,62,0.6666666666666666,2.0,3.0,3.0,0.6666666666666666,0.8333333333333334,7.0,5.166666666666667,0.0,6,7,-1,1,1386.9737339101027,1444.475577534112,32,0.9783206416625366
2026-04-25,Benfica,Moreirense,4,1,H,8,4,1.11,9.0,13.0,3,0,393,163,2.0,0.8333333333333334,14.0,5.166666666666667,0.5,1.1666666666666667,5.0,2.1666666666666665,2.0,6,5,2,1,1832.3377136239526,1501.9029655197544,83,0.9783206416625366
2026-04-25,Guimaraes,Rio Ave,2,0,H,3,4,1.76,3.4,4.75,3,0,257,149,1.3333333333333333,1.3333333333333333,7.0,4.666666666666667,1.6666666666666667,1.0,13.0,5.333333333333333,2.1666666666666665,7,8,1,0,1535.159302076447,1486.0769919303175,83,0.9783206416625366
2026-04-26,Estoril,Famalicao,0,1,A,2,6,3.1,3.5,2.15,0,3,190,220,0.8333333333333334,1.5,4.0,2.3333333333333335,1.5,1.0,12.0,4.833333333333333,1.1666666666666667,6,7,-4,0,1497.6249242667134,1589.7364643690962,83,0.9796617252657864
2026-04-26,Estrela,Porto,1,2,A,3,4,8.0,5.25,1.33,0,3,90,398,1.1666666666666667,1.3333333333333333,4.0,4.0,2.3333333333333335,1.0,14.0,5.666666666666667,0.6,7,7,-3,2,1408.7762147876986,1824.4369659730155,49,0.9796617252657864
2026-04-26,Santa Clara,Sp Braga,2,1,H,3,2,3.25,3.25,2.15,3,0,148,333,1.0,1.0,10.0,3.1666666666666665,1.3333333333333333,1.0,11.0,3.1666666666666665,0.3333333333333333,8,3,0,1,1471.2458352912436,1692.1781623588502,66,0.9796617252657864
2026-04-26,AVS,Sp Lisbon,1,1,D,4,8,15.0,9.5,1.1,1,1,40,402,0.5,1.1666666666666667,4.0,3.3333333333333335,2.5,1.1666666666666667,13.0,6.166666666666667,0.3333333333333333,9,7,0,-1,1349.4758740993523,1844.2395055694965,32,0.9796617252657864
2026-04-27,Gil Vicente,Casa Pia,2,1,H,4,2,1.51,3.9,5.75,3,0,204,150,1.5,1.3333333333333333,6.0,5.0,0.3333333333333333,1.5,3.0,2.5,1.5,9,4,-1,-1,1518.7948917846538,1451.9849947652958,83,0.9810046472287257
2026-04-29,Sp Lisbon,Tondela,2,2,D,5,2,1.11,7.5,17.0,1,1,403,49,2.1666666666666665,1.3333333333333333,11.0,6.333333333333333,0.3333333333333333,2.0,2.0,3.1666666666666665,3.0,3,4,0,-2,1830.8829119924792,1374.4338667726404,82,0.9836960163172332
2026-05-02,Arouca,Santa Clara,2,2,D,5,4,2.75,3.1,2.55,1,1,204,151,1.1666666666666667,1.1666666666666667,9.0,3.1666666666666665,1.0,1.1666666666666667,10.0,3.0,1.8333333333333333,8,6,-1,1,1495.1568164583675,1494.67729903072,83,0.9877469207606989
2026-05-02,Moreirense,Estrela,3,2,H,5,3,2.5,3.1,2.85,3,0,163,90,0.5,1.6666666666666667,4.0,2.5,1.0,1.3333333333333333,3.0,3.6666666666666665,1.2,7,6,-1,-4,1498.0069558224318,1406.2643651427995,66,0.9877469207606989
2026-05-02,Nacional,AVS,1,2,A,6,3,1.42,4.33,7.0,0,3,65,41,0.8333333333333334,0.6666666666666666,9.0,5.0,0.6666666666666666,1.3333333333333333,4.0,3.6666666666666665,1.6666666666666667,7,6,2,0,1457.0154446715744,1362.8324676763696,32,0.9877469207606989
2026-05-02,Famalicao,Benfica,2,2,D,5,3,5.5,4.0,1.57,1,1,223,396,1.5,1.0,12.0,4.833333333333333,2.3333333333333335,0.6666666666666666,16.0,5.5,1.0,6,7,1,3,1600.8503152303324,1836.2337233212752,83,0.9877469207606989
2026-05-02,Porto,Alverca,1,0,H,3,4,1.17,6.5,15.0,3,0,401,38,2.3333333333333335,0.8333333333333334,16.0,5.333333333333333,1.6666666666666667,1.6666666666666667,10.0,4.666666666666667,3.0,6,8,3,1,1826.9488156179145,1510.285565756401,83,0.9877469207606989
2026-05-03,Casa Pia,Tondela,0,1,A,3,5,2.2,3.2,3.3,0,3,150,50,0.5,1.8333333333333333,2.0,2.5,0.6666666666666666,2.1666666666666665,3.0,3.1666666666666665,3.0,6,4,-2,0,1439.8343755309977,1387.4122449234903,66,0.9891009259234047
2026-05-03,Sp Braga,Estoril,1,1,D,3,4,1.68,3.8,4.5,1,1,333,190,1.1666666666666667,1.0,10.0,3.0,0.8333333333333334,1.6666666666666667,3.0,2.5,2.1666666666666665,7,7,-1,-5,1668.7466986193738,1486.5110734054772,83,0.9891009259234047
2026-05-03,Rio Ave,Gil Vicente,0,0,D,2,2,3.8,3.5,1.91,1,1,149,207,1.5,1.3333333333333333,10.0,5.666666666666667,1.5,1.1666666666666667,8.0,4.666666666666667,1.6666666666666667,8,6,-1,1,1473.182060380797,1530.945511018952,66,0.9891009259234047
2026-05-04,Sp Lisbon,Guimaraes,5,1,H,10,5,1.25,5.5,10.0,3,0,404,260,2.1666666666666665,1.3333333333333333,11.0,6.333333333333333,1.6666666666666667,1.0,10.0,4.166666666666667,2.1666666666666665,5,9,0,2,1817.9045338416292,1548.0542336259673,83,0.9904567871586957
2026-05-10,AVS,Porto,3,1,H,5,4,12.0,6.5,1.19,3,0,44,404,1.0,1.3333333333333333,7.0,3.8333333333333335,2.0,0.8333333333333334,16.0,4.333333333333333,0.0,8,8,1,4,1381.8019156031667,1831.1215463939573,33,0.998631074820356
2026-05-10,Alverca,Estoril,1,1,D,1,3,2.35,3.5,2.7,1,1,38,191,1.3333333333333333,1.5,9.0,4.333333333333333,0.8333333333333334,1.8333333333333333,1.0,2.8333333333333335,0.0,8,7,-1,0,1506.1128349803582,1493.7287459763604,16,0.998631074820356
2026-05-11,Benfica,Sp Braga,2,2,D,8,2,1.39,4.33,7.0,1,1,397,334,2.3333333333333335,0.8333333333333334,14.0,5.166666666666667,1.1666666666666667,0.8333333333333334,11.0,3.3333333333333335,1.8333333333333333,9,8,0,0,1827.3854656370454,1661.5290260484906,84,1.0
2026-05-11,Estrela,Famalicao,0,0,D,1,4,3.5,3.6,1.96,1,1,90,224,1.1666666666666667,1.5,3.0,3.6666666666666665,1.5,1.1666666666666667,10.0,5.166666666666667,1.6,9,9,-5,0,1395.135650524682,1609.6985729145622,50,1.0
2026-05-11,Gil Vicente,Arouca,1,3,A,5,6,1.66,3.8,4.75,0,3,208,205,1.1666666666666667,0.8333333333333334,8.0,4.0,1.3333333333333333,1.1666666666666667,10.0,3.0,0.8333333333333334,8,9,0,0,1528.4743888421096,1495.1361140399988,84,1.0
2026-05-11,Guimaraes,Casa Pia,0,1,A,2,5,1.71,3.75,4.33,0,3,260,150,1.6666666666666667,1.5,10.0,4.0,0.5,1.3333333333333333,2.0,2.6666666666666665,1.1666666666666667,7,8,-1,-3,1542.8162886313262,1422.5881500290304,84,1.0
2026-05-11,Rio Ave,Sp Lisbon,1,4,A,3,5,10.0,5.5,1.24,0,3,150,407,1.1666666666666667,1.1666666666666667,8.0,5.0,2.3333333333333335,1.3333333333333333,11.0,6.5,0.16666666666666666,8,7,0,1,1475.6531825576394,1823.1424788362704,67,1.0
2026-05-11,Santa Clara,Nacional,2,0,H,2,1,2.05,3.4,3.5,3,0,152,65,1.1666666666666667,1.5,8.0,3.1666666666666665,1.0,0.8333333333333334,9.0,5.333333333333333,1.3333333333333333,9,9,0,-1,1494.6980014490887,1438.0459967447773,67,1.0
2026-05-11,Tondela,Moreirense,2,0,H,3,2,1.86,3.4,4.1,3,0,53,166,0.8333333333333334,2.1666666666666665,5.0,3.5,1.0,1.5,7.0,3.0,1.0,8,9,1,1,1404.6584704254576,1509.1356704405493,33,1.0
